10000000,-141.2982
9900000,-141.58620000000002
9800000,-142.6362
9700000,-142.3222
9600000,-141.7032
9500000,-142.3642
9400000,-140.9402
9300000,-140.2132
9200000,-139.61520000000002
9100000,-140.57920000000001
9000000,-139.4642
8900000,-141.06220000000002
8800000,-140.2752
8700000,-141.8212
8600000,-141.03820000000002
8500000,-139.9152
8400000,-140.1412
8300000,-140.3282
8200000,-138.9742
8100000,-140.2922
8000000,-141.3232
7900000,-140.70520000000002
7800000,-139.91920000000002
7700000,-140.0482
7600000,-140.9762
7500000,-141.0642
7400000,-140.11020000000002
7300000,-141.3112
7200000,-140.39020000000002
7100000,-139.1502
7000000,-139.3212
6900000,-140.28920000000002
6800000,-139.6122
6700000,-140.3342
6600000,-141.06220000000002
6500000,-139.1302
6400000,-139.6312
6300000,-140.65120000000002
6200000,-140.48520000000002
6100000,-140.8692
6000000,-139.0902
5900000,-139.9102
5800000,-139.5522
5700000,-139.55120000000002
5600000,-141.1382
5500000,-140.8142
5400000,-141.1742
5300000,-139.1422
5200000,-139.2152
5100000,-138.2032
5000000,-137.73520000000002
4900000,-138.6302
4800000,-138.77720000000002
4700000,-137.96020000000001
4600000,-137.8172
4500000,-138.80620000000002
4400000,-138.2752
4300000,-138.13420000000002
4200000,-138.2902
4100000,-137.3052
4000000,-136.9642
3900000,-137.4352
3800000,-137.61020000000002
3700000,-139.11020000000002
3600000,-137.65120000000002
3500000,-138.16420000000002
3400000,-138.7072
3300000,-137.75920000000002
3200000,-136.2272
3100000,-136.94920000000002
3000000,-137.7392
2900000,-136.0552
2800000,-136.44920000000002
2700000,-135.6782
2600000,-136.18720000000002
2500000,-136.1912
2400000,-136.97820000000002
2300000,-134.7742
2200000,-135.2682
2100000,-135.6742
2000000,-133.9362
1900000,-134.2912
1800000,-133.5372
1700000,-133.1022
1600000,-131.5172
1500000,-131.6422
1400000,-133.50320000000002
1300000,-130.6712
1200000,-131.1252
1190000,-131.0872
1180000,-130.4052
1170000,-130.66320000000002
1160000,-130.5872
1150000,-130.1502
1149000,-130.1502
1148000,-130.0902
1147000,-130.0902
1146000,-130.0902
1145000,-129.89620000000002
1144000,-129.89620000000002
1143000,-129.89620000000002
1142000,-129.4592
1141000,-129.4592
1140000,-129.3522
1139000,-129.3522
1138000,-129.3522
1137000,-129.0002
1136000,-129.0002
1135000,-129.0002
1134000,-128.96620000000001
1133000,-128.96620000000001
1132000,-129.0292
1131000,-129.0292
1130000,-129.0292
1129000,-128.9392
1128000,-128.9392
1127000,-128.9392
1126000,-128.9392
1125000,-128.9392
1124000,-128.9882
1123000,-128.9882
1122000,-128.9882
1121000,-129.01520000000002
1120000,-129.01520000000002
1119000,-129.01520000000002
1118000,-129.1862
1117000,-129.1862
1116000,-129.1862
1115000,-129.2132
1114000,-129.2132
1113000,-129.47920000000002
1112000,-129.47920000000002
1111000,-129.47920000000002
1110000,-129.4532
1109000,-129.4532
1108000,-129.4532
1107000,-129.2092
1106000,-129.2092
1105000,-128.8582
1104000,-128.8582
1103000,-128.8582
1102000,-128.7542
1101000,-128.7542
1100000,-128.7542
1099000,-128.5532
1098000,-128.5532
1097000,-128.5902
1096000,-128.5902
1095000,-128.5902
1094000,-128.6472
1093000,-128.6472
1092000,-128.6472
1091000,-128.67520000000002
1090000,-128.67520000000002
1089000,-128.74720000000002
1088000,-128.74720000000002
1087000,-128.74720000000002
1086000,-128.83620000000002
1085000,-128.83620000000002
1084000,-128.83620000000002
1083000,-128.9092
1082000,-128.9092
1081000,-128.9412
1080000,-128.9412
1079000,-128.9412
1078000,-129.1302
1077000,-129.1302
1076000,-129.1302
1075000,-129.1372
1074000,-129.1372
1073000,-129.1322
1072000,-129.1322
1071000,-129.1322
1070000,-129.2332
1069000,-129.2332
1068000,-129.2332
1067000,-129.3822
1066000,-129.3822
1065000,-129.3822
1064000,-129.50820000000002
1063000,-129.50820000000002
1062000,-129.5122
1061000,-129.5122
1060000,-129.5122
1059000,-129.65720000000002
1058000,-129.65720000000002
1057000,-129.65720000000002
1056000,-129.8502
1055000,-129.8502
1054000,-129.89620000000002
1053000,-129.89620000000002
1052000,-129.89620000000002
1051000,-130.0732
1050000,-130.0732
1049000,-130.0732
1048000,-130.3142
1047000,-130.3142
1046000,-129.9812
1045000,-129.9812
1044000,-129.9812
1043000,-129.8812
1042000,-129.8812
1041000,-129.8812
1040000,-129.69320000000002
1039000,-129.69320000000002
1038000,-129.56820000000002
1037000,-129.56820000000002
1036000,-129.56820000000002
1035000,-129.5902
1034000,-129.5902
1033000,-129.5902
1032000,-129.5102
1031000,-129.5102
1030000,-129.50320000000002
1029000,-129.50320000000002
1028000,-129.50320000000002
1027000,-129.6182
1026000,-129.6182
1025000,-129.6182
1024000,-129.5772
1023000,-129.5772
1022000,-129.5772
1021000,-129.58520000000001
1020000,-129.58520000000001
1019000,-129.33520000000001
1018000,-129.33520000000001
1017000,-129.33520000000001
1016000,-129.1892
1015000,-129.1892
1014000,-129.1892
1013000,-128.81320000000002
1012000,-128.81320000000002
1011000,-128.76520000000002
1010000,-128.76520000000002
1009000,-128.76520000000002
1008000,-128.85420000000002
1007000,-128.85420000000002
1006000,-128.85420000000002
1005000,-128.9402
1004000,-128.9402
1003000,-128.7802
1002000,-128.7802
1001000,-128.7802
1000000,-128.5062
999000,-128.9352
989000,-126.74419999999999
979000,-128.2362
969000,-129.2902
959000,-127.74819999999998
949000,-128.67020000000002
939000,-128.0292
929000,-127.8602
919000,-129.58620000000002
909000,-128.06920000000002
899000,-127.07519999999998
889000,-128.15820000000002
879000,-129.5372
869000,-129.3802
859000,-127.76719999999999
849000,-127.85619999999999
839000,-128.8632
829000,-127.1552
819000,-125.98119999999999
809000,-128.2752
799000,-125.81920000000001
789000,-127.10719999999999
779000,-126.6392
769000,-126.8832
759000,-126.52319999999999
749000,-128.0302
739000,-126.56419999999999
729000,-125.67620000000001
719000,-126.36119999999998
709000,-126.2232
699000,-126.3892
689000,-127.45719999999999
679000,-126.14620000000001
669000,-127.6512
659000,-126.7702
649000,-125.98119999999999
639000,-126.1092
629000,-125.66019999999999
619000,-126.73819999999999
609000,-125.48219999999999
599000,-123.92819999999999
589000,-124.4052
579000,-123.3482
569000,-122.33119999999998
559000,-123.19019999999999
549000,-124.6082
539000,-122.14119999999998
529000,-124.19019999999999
519000,-123.9542
509000,-123.95819999999999
499000,-122.83719999999998
489000,-122.94019999999999
479000,-122.9552
469000,-123.45119999999999
459000,-123.18220000000001
449000,-122.7102
439000,-121.02819999999998
429000,-121.4952
419000,-120.70119999999999
409000,-121.21819999999998
399000,-121.47019999999999
389000,-121.9592
379000,-120.29019999999998
369000,-120.4422
359000,-120.1562
349000,-119.5022
339000,-118.87519999999999
329000,-118.9902
319000,-116.53920000000001
309000,-117.30819999999999
299000,-118.49319999999999
289000,-117.3172
279000,-116.65220000000001
269000,-118.2932
259000,-115.6802
249000,-117.00519999999999
239000,-115.73619999999998
229000,-116.58119999999998
219000,-114.36119999999998
209000,-115.2292
199000,-115.23619999999998
198000,-114.07119999999999
197000,-114.0312
196000,-114.1612
195000,-114.0202
194000,-113.8772
193000,-113.6562
192000,-113.7112
191000,-113.87519999999999
190000,-113.71919999999999
189000,-113.72419999999998
188000,-114.19420000000001
187000,-113.94619999999999
186000,-114.77819999999998
185000,-115.3712
184000,-114.6512
183000,-114.07519999999998
182000,-114.48019999999998
181000,-114.1492
180000,-114.26520000000001
179000,-114.5032
178000,-114.3302
177000,-113.9492
176000,-113.88619999999999
175000,-113.6562
174000,-113.11819999999999
173000,-113.0722
172000,-114.1152
171000,-113.8832
170000,-113.5922
169000,-113.5012
168000,-113.68220000000001
167000,-113.1272
166000,-112.80120000000001
165000,-112.5562
164000,-111.7582
163000,-111.86919999999999
162000,-111.68220000000001
161000,-111.57619999999999
160000,-111.55219999999998
159000,-111.8772
158000,-111.42719999999998
157000,-111.1272
156000,-110.65820000000001
155000,-110.9352
154000,-110.92219999999999
153000,-111.18820000000001
152000,-111.1792
151000,-111.4722
150000,-111.72419999999998
149900,-111.72419999999998
149800,-111.72419999999998
149700,-111.85019999999999
149600,-111.85019999999999
149500,-111.98819999999999
149400,-111.98819999999999
149300,-112.17819999999999
149200,-112.17819999999999
149100,-112.17819999999999
149000,-112.3282
148900,-112.3282
148800,-112.2222
148700,-112.2222
148600,-112.2222
148500,-111.96919999999999
148400,-111.96919999999999
148300,-111.77219999999998
148200,-111.77219999999998
148100,-111.77219999999998
148000,-111.7702
147900,-111.7702
147800,-111.8882
147700,-111.8882
147600,-111.75019999999999
147500,-111.75019999999999
147400,-111.75019999999999
147300,-111.37419999999999
147200,-111.37419999999999
147100,-110.7592
147000,-110.7592
146900,-110.7592
146800,-110.6932
146700,-110.6932
146600,-110.72419999999998
146500,-110.72419999999998
146400,-110.72419999999998
146300,-110.9722
146200,-110.9722
146100,-111.30120000000001
146000,-111.30120000000001
145900,-111.30120000000001
145800,-111.2932
145700,-111.2932
145600,-111.3462
145500,-111.3462
145400,-111.67620000000001
145300,-111.67620000000001
145200,-111.67620000000001
145100,-111.8932
145000,-111.8932
144900,-111.7352
144800,-111.7352
144700,-111.7352
144600,-111.5612
144500,-111.5612
144400,-111.51520000000001
144300,-111.51520000000001
144200,-111.51520000000001
144100,-111.5922
144000,-111.5922
143900,-111.3122
143800,-111.3122
143700,-111.3122
143600,-111.2992
143500,-111.2992
143400,-111.3652
143300,-111.3652
143200,-111.2402
143100,-111.2402
143000,-111.2402
142900,-111.24819999999998
142800,-111.24819999999998
142700,-111.3292
142600,-111.3292
142500,-111.3292
142400,-111.38619999999999
142300,-111.38619999999999
142200,-111.4792
142100,-111.4792
142000,-111.4792
141900,-111.63719999999999
141800,-111.63719999999999
141700,-111.72519999999999
141600,-111.72519999999999
141500,-111.72519999999999
141400,-111.6682
141300,-111.6682
141200,-111.6682
141100,-111.6682
141000,-111.7292
140900,-111.7292
140800,-111.7292
140700,-111.73719999999999
140600,-111.73719999999999
140500,-111.44619999999999
140400,-111.44619999999999
140300,-111.44619999999999
140200,-111.2872
140100,-111.2872
140000,-111.2872
139900,-111.2872
139800,-111.2872
139700,-111.29019999999998
139600,-111.29019999999998
139500,-111.23719999999999
139400,-111.23719999999999
139300,-111.23719999999999
139200,-111.27819999999998
139100,-111.27819999999998
139000,-111.18319999999999
138900,-111.18319999999999
138800,-111.11719999999998
138700,-111.11719999999998
138600,-111.11719999999998
138500,-111.0852
138400,-111.0852
138300,-111.0182
138200,-111.0182
138100,-111.0182
138000,-111.02219999999998
137900,-111.02219999999998
137800,-110.9472
137700,-110.9472
137600,-110.9472
137500,-110.7692
137400,-110.7692
137300,-110.5182
137200,-110.5182
137100,-110.5182
137000,-110.5182
136900,-110.5182
136800,-110.51619999999998
136700,-110.51619999999998
136600,-110.0382
136500,-110.0382
136400,-110.0382
136300,-109.53519999999999
136200,-109.53519999999999
136100,-109.2392
136000,-109.2392
135900,-109.2392
135800,-109.1342
135700,-109.1342
135600,-108.9052
135500,-108.9052
135400,-108.9052
135300,-108.6492
135200,-108.6492
135100,-108.5082
135000,-108.5082
134900,-108.53419999999998
134800,-108.53419999999998
134700,-108.53419999999998
134600,-108.59519999999999
134500,-108.59519999999999
134400,-108.58919999999999
134300,-108.58919999999999
134200,-108.58919999999999
134100,-108.67219999999999
134000,-108.67219999999999
133900,-108.66519999999998
133800,-108.66519999999998
133700,-108.66519999999998
133600,-108.4252
133500,-108.4252
133400,-108.1162
133300,-108.1162
133200,-108.1162
133100,-108.0602
133000,-108.0602
132900,-108.0382
132800,-108.0382
132700,-107.59419999999999
132600,-107.59419999999999
132500,-107.59419999999999
132400,-107.3582
132300,-107.3582
132200,-107.3522
132100,-107.3522
132000,-107.3522
131900,-107.4792
131800,-107.4792
131700,-107.4962
131600,-107.4962
131500,-107.4962
131400,-107.49419999999999
131300,-107.49419999999999
131200,-107.6512
131100,-107.6512
131000,-107.6512
130900,-107.92219999999999
130800,-107.92219999999999
130700,-108.1342
130600,-108.1342
130500,-108.2332
130400,-108.2332
130300,-108.2332
130200,-107.77819999999998
130100,-107.77819999999998
130000,-107.2412
129900,-107.2412
129800,-107.2412
129700,-107.1152
129600,-107.1152
129500,-107.1342
129400,-107.1342
129300,-107.1342
129200,-107.2982
129100,-107.2982
129000,-107.47619999999999
128900,-107.47619999999999
128800,-107.47619999999999
128700,-107.7272
128600,-107.7272
128500,-108.01719999999999
128400,-108.01719999999999
128300,-107.9542
128200,-107.9542
128100,-107.9542
128000,-107.9182
127900,-107.9182
127800,-107.9242
127700,-107.9242
127600,-107.9242
127500,-107.83319999999999
127400,-107.83319999999999
127300,-107.7692
127200,-107.7692
127100,-107.7692
127000,-107.7742
126900,-107.7742
126800,-107.8182
126700,-107.8182
126600,-107.8182
126500,-107.8182
126400,-107.8182
126300,-107.9352
126200,-107.9352
126100,-108.0262
126000,-108.0262
125900,-108.0262
125800,-108.1342
125700,-108.1342
125600,-108.21819999999998
125500,-108.21819999999998
125400,-108.21819999999998
125300,-108.1792
125200,-108.1792
125100,-108.01019999999998
125000,-108.01019999999998
124900,-108.01019999999998
124800,-107.77819999999998
124700,-107.77819999999998
124600,-107.71919999999999
124500,-107.71919999999999
124400,-107.79619999999998
124300,-107.79619999999998
124200,-107.79619999999998
124100,-107.7172
124000,-107.7172
123900,-107.64620000000001
123800,-107.64620000000001
123700,-107.64620000000001
123600,-107.6512
123500,-107.6512
123400,-107.23719999999999
123300,-107.23719999999999
123200,-107.23719999999999
123100,-107.00419999999998
123000,-107.00419999999998
122900,-106.89819999999999
122800,-106.89819999999999
122700,-106.89819999999999
122600,-106.9182
122500,-106.9182
122400,-107.1142
122300,-107.1142
122200,-107.0192
122100,-107.0192
122000,-107.0192
121900,-107.0072
121800,-107.0072
121700,-106.90419999999999
121600,-106.90419999999999
121500,-106.90419999999999
121400,-106.86819999999999
121300,-106.86819999999999
121200,-106.7042
121100,-106.7042
121000,-106.7042
120900,-106.6672
120800,-106.6672
120700,-106.67020000000001
120600,-106.67020000000001
120500,-106.67020000000001
120400,-106.7992
120300,-106.7992
120200,-107.0322
120100,-107.0322
120000,-107.12919999999998
119900,-107.12919999999998
119800,-107.12919999999998
119700,-107.12519999999999
119600,-107.12519999999999
119500,-107.1092
119400,-107.1092
119300,-107.1092
119200,-107.08219999999999
119100,-107.08219999999999
119000,-107.05120000000001
118900,-107.05120000000001
118800,-107.05120000000001
118700,-107.0662
118600,-107.0662
118500,-107.04619999999998
118400,-107.04619999999998
118300,-106.9852
118200,-106.9852
118100,-106.9852
118000,-107.0012
117900,-107.0012
117800,-107.1802
117700,-107.1802
117600,-107.1802
117500,-107.1382
117400,-107.1382
117300,-107.14819999999999
117200,-107.14819999999999
117100,-107.14819999999999
117000,-107.26219999999999
116900,-107.26219999999999
116800,-107.2922
116700,-107.2922
116600,-107.2922
116500,-107.36119999999998
116400,-107.36119999999998
116300,-107.3542
116200,-107.3542
116100,-107.4372
116000,-107.4372
115900,-107.4372
115800,-107.69420000000001
115700,-107.69420000000001
115600,-107.99219999999998
115500,-107.99219999999998
115400,-107.99219999999998
115300,-107.9362
115200,-107.9362
115100,-107.9062
115000,-107.9062
114900,-107.9062
114800,-107.9492
114700,-107.9492
114600,-108.0362
114500,-108.0362
114400,-108.0362
114300,-108.03920000000001
114200,-108.03920000000001
114100,-108.26119999999999
114000,-108.26119999999999
113900,-108.16519999999998
113800,-108.16519999999998
113700,-108.16519999999998
113600,-108.1042
113500,-108.1042
113400,-108.13619999999999
113300,-108.13619999999999
113200,-108.13619999999999
113100,-107.59319999999998
113000,-107.59319999999998
112900,-107.49819999999998
112800,-107.49819999999998
112700,-107.49819999999998
112600,-107.5032
112500,-107.5032
112400,-107.66619999999999
112300,-107.66619999999999
112200,-107.66619999999999
112100,-107.3722
112000,-107.3722
111900,-106.77720000000001
111800,-106.77720000000001
111700,-106.45819999999999
111600,-106.45819999999999
111500,-106.45819999999999
111400,-106.30120000000001
111300,-106.30120000000001
111200,-106.2542
111100,-106.2542
111000,-106.2542
110900,-106.3462
110800,-106.3462
110700,-106.3882
110600,-106.3882
110500,-106.3882
110400,-106.36219999999999
110300,-106.36219999999999
110200,-106.48619999999998
110100,-106.48619999999998
110000,-106.48619999999998
109900,-106.7512
109800,-106.7512
109700,-106.2942
109600,-106.2942
109500,-105.8952
109400,-105.8952
109300,-105.8952
109200,-105.6792
109100,-105.6792
109000,-105.69619999999999
108900,-105.69619999999999
108800,-105.69619999999999
108700,-105.5142
108600,-105.5142
108500,-105.3672
108400,-105.3672
108300,-105.3672
108200,-105.1882
108100,-105.1882
108000,-105.1612
107900,-105.1612
107800,-105.2692
107700,-105.2692
107600,-105.2692
107500,-105.47519999999999
107400,-105.47519999999999
107300,-105.70219999999999
107200,-105.70219999999999
107100,-105.70219999999999
107000,-105.6442
106900,-105.6442
106800,-105.4542
106700,-105.4542
106600,-105.4542
106500,-105.38619999999999
106400,-105.38619999999999
106300,-105.44519999999999
106200,-105.44519999999999
106100,-105.44519999999999
106000,-105.6982
105900,-105.6982
105800,-105.8902
105700,-105.8902
105600,-105.9532
105500,-105.9532
105400,-105.9532
105300,-106.10019999999999
105200,-106.10019999999999
105100,-106.15419999999999
105000,-106.15419999999999
104900,-106.15419999999999
104800,-105.9312
104700,-105.9312
104600,-105.33319999999999
104500,-105.33319999999999
104400,-105.33319999999999
104300,-105.2682
104200,-105.2682
104100,-105.29619999999998
104000,-105.29619999999998
103900,-105.29619999999998
103800,-105.30819999999999
103700,-105.30819999999999
103600,-105.24119999999999
103500,-105.24119999999999
103400,-104.6262
103300,-104.6262
103200,-104.6262
103100,-104.53519999999999
103000,-104.53519999999999
102900,-104.38419999999999
102800,-104.38419999999999
102700,-104.38419999999999
102600,-104.2242
102500,-104.2242
102400,-104.24419999999999
102300,-104.24419999999999
102200,-104.24419999999999
102100,-104.1652
102000,-104.1652
101900,-104.1652
101800,-104.1652
101700,-104.1652
101600,-104.15419999999999
101500,-104.15419999999999
101400,-103.9422
101300,-103.9422
101200,-103.9372
101100,-103.9372
101000,-103.9372
100900,-103.9092
100800,-103.9092
100700,-103.86819999999999
100600,-103.86819999999999
100500,-103.86819999999999
100400,-103.8552
100300,-103.8552
100200,-103.8582
100100,-103.8582
100000,-103.8582
99900,-104.5187
98899,-103.8337
97898,-104.2247
96897,-104.61269999999999
95896,-103.2517
94895,-102.05869999999999
93894,-103.1797
92893,-103.7207
91892,-102.3647
90891,-103.2267
89890,-102.4537
88889,-104.1227
87888,-101.22569999999999
86887,-101.7817
85886,-103.02669999999999
84885,-101.2117
83884,-102.12769999999999
82883,-101.95169999999999
81882,-99.16069999999999
80881,-100.5017
79880,-102.1047
78879,-101.9857
77878,-100.12469999999999
76877,-101.4707
75876,-98.28869999999999
74875,-101.1327
73874,-99.00269999999999
72873,-99.23469999999999
71872,-97.2837
70871,-97.5317
69870,-97.81769999999999
68869,-97.82369999999999
67868,-97.30369999999999
66867,-97.82369999999999
65866,-98.42769999999999
64865,-97.0397
63864,-98.5967
62863,-96.3787
61862,-97.9177
60861,-96.83269999999999
59860,-95.90769999999999
58859,-95.81269999999999
57858,-95.69269999999999
56857,-95.2697
55856,-95.4827
54855,-94.5287
53854,-94.0167
52853,-94.04169999999999
51852,-95.61569999999999
50851,-93.86569999999999
49850,-92.35369999999999
49749,-90.9617
49648,-92.7637
49547,-91.2657
49446,-90.1267
49345,-92.26469999999999
49244,-93.67869999999999
49143,-92.07669999999999
49042,-91.44369999999999
48941,-89.83569999999999
48840,-92.7157
48739,-94.55869999999999
48638,-93.52369999999999
48537,-92.2987
48436,-91.63969999999999
48335,-92.43469999999999
48234,-90.5377
48133,-92.18369999999999
48032,-92.7717
47931,-92.06869999999999
47830,-90.9157
47729,-91.4177
47628,-92.86869999999999
47527,-92.56569999999999
47426,-91.69869999999999
47325,-90.40769999999999
47224,-90.4557
47123,-90.84169999999999
47022,-90.0927
46921,-92.41969999999999
46820,-91.91369999999999
46719,-91.3347
46618,-91.8887
46517,-91.5637
46416,-91.5967
46315,-93.55969999999999
46214,-91.21669999999999
46113,-91.5157
46012,-91.0907
45911,-93.44069999999999
45810,-91.07369999999999
45709,-92.2187
45608,-91.7087
45507,-93.9567
45406,-92.8467
45305,-91.8307
45204,-90.8947
45103,-90.02369999999999
45002,-90.15169999999999
44901,-89.8427
44800,-89.89269999999999
44699,-92.80569999999999
44598,-92.29669999999999
44497,-92.0017
44396,-93.2787
44295,-91.8917
44194,-89.9797
44093,-90.8427
43992,-91.8877
43891,-90.1917
43790,-90.7687
43689,-91.66969999999999
43588,-91.1377
43487,-90.95469999999999
43386,-90.40769999999999
43285,-91.80369999999999
43184,-89.4617
43083,-89.85669999999999
42982,-89.3907
42881,-89.2147
42780,-89.5107
42679,-91.43769999999999
42578,-90.7657
42477,-91.1977
42376,-90.79369999999999
42275,-91.6977
42174,-91.0107
42073,-89.19869999999999
41972,-89.56869999999999
41871,-89.8607
41770,-89.20469999999999
41669,-89.81769999999999
41568,-90.40169999999999
41467,-89.05969999999999
41366,-89.91069999999999
41265,-89.3227
41164,-90.99669999999999
41063,-90.2817
40962,-90.3587
40861,-90.7277
40760,-91.53869999999999
40659,-91.2547
40558,-91.68669999999999
40457,-91.4327
40356,-90.01769999999999
40255,-89.8877
40154,-90.0847
40053,-89.9157
39952,-90.6977
39851,-92.42169999999999
39750,-90.7877
39649,-92.1947
39548,-91.5347
39447,-90.77969999999999
39346,-90.80269999999999
39245,-89.05669999999999
39144,-89.0517
39043,-89.8877
38942,-89.19269999999999
38841,-89.93969999999999
38740,-88.94069999999999
38639,-89.40769999999999
38538,-90.2847
38437,-89.80269999999999
38336,-89.4917
38235,-87.85869999999998
38134,-88.2837
38033,-87.57369999999999
37932,-88.80569999999999
37831,-88.9687
37730,-89.78569999999999
37629,-90.1527
37528,-90.00869999999999
37427,-88.57969999999999
37326,-87.91869999999999
37225,-87.8087
37124,-89.9837
37023,-89.3367
36922,-89.1597
36821,-87.9627
36720,-88.66869999999999
36619,-88.7987
36518,-87.30569999999999
36417,-88.3447
36316,-89.2697
36215,-88.0817
36114,-91.0997
36013,-88.2317
35912,-88.2187
35811,-87.7317
35710,-88.2557
35609,-88.19669999999999
35508,-88.4477
35407,-88.4927
35306,-89.62169999999999
35205,-90.6887
35104,-88.0697
35003,-88.06869999999999
34902,-89.76769999999999
34801,-88.77669999999999
34700,-87.5987
34599,-86.07969999999999
34498,-87.3547
34397,-89.2127
34296,-87.1177
34195,-87.06169999999999
34094,-87.40769999999999
33993,-88.1957
33892,-88.4647
33791,-87.47169999999998
33690,-87.3017
33589,-86.44669999999999
33488,-86.34669999999998
33387,-86.0607
33286,-85.7597
33185,-87.1257
33084,-87.6077
32983,-88.6017
32882,-88.18069999999999
32781,-86.7367
32680,-87.1477
32579,-89.4117
32478,-86.4527
32377,-85.7557
32276,-86.07969999999999
32175,-88.2907
32074,-87.5607
31973,-88.0927
31872,-88.4327
31771,-88.1247
31670,-88.56469999999999
31569,-87.85269999999998
31468,-86.4087
31367,-87.3737
31266,-87.5607
31165,-88.19669999999999
31064,-85.6467
30963,-85.0397
30862,-85.91869999999999
30761,-86.0367
30660,-85.56169999999999
30559,-87.58469999999998
30458,-87.49069999999999
30357,-86.7437
30256,-86.40769999999999
30155,-87.84769999999999
30054,-85.9857
29953,-86.0827
29942,-86.0827
29931,-86.1307
29920,-86.1307
29909,-86.1307
29898,-85.51169999999999
29887,-85.51169999999999
29876,-86.4887
29865,-86.4887
29854,-85.5807
29843,-85.5807
29832,-85.82869999999998
29821,-85.82869999999998
29810,-85.82869999999998
29799,-86.34169999999999
29788,-86.34169999999999
29777,-87.2197
29766,-87.2197
29755,-87.16269999999999
29744,-87.16269999999999
29733,-87.4477
29722,-87.4477
29711,-87.0947
29700,-87.0947
29689,-87.0947
29678,-87.8547
29667,-87.8547
29656,-86.8517
29645,-86.8517
29634,-87.5247
29623,-87.5247
29612,-86.3307
29601,-86.3307
29590,-86.3307
29579,-87.17569999999999
29568,-87.17569999999999
29557,-86.8147
29546,-86.8147
29535,-88.0807
29524,-88.0807
29513,-86.7437
29502,-86.7437
29491,-87.63669999999999
29480,-87.63669999999999
29469,-87.63669999999999
29458,-87.0927
29447,-87.0927
29436,-86.9937
29425,-86.9937
29414,-86.39469999999999
29403,-86.39469999999999
29392,-86.0157
29381,-86.0157
29370,-86.0157
29359,-86.1077
29348,-86.1077
29337,-87.1417
29326,-87.1417
29315,-86.19369999999999
29304,-86.19369999999999
29293,-85.9087
29282,-85.9087
29271,-85.9457
29260,-85.9457
29249,-85.9457
29238,-86.40069999999999
29227,-86.40069999999999
29216,-85.3747
29205,-85.3747
29194,-85.4477
29183,-85.4477
29172,-85.4217
29161,-85.4217
29150,-85.4217
29139,-85.7267
29128,-85.7267
29117,-85.5037
29106,-85.5037
29095,-86.4027
29084,-86.4027
29073,-85.89269999999999
29062,-85.89269999999999
29051,-85.9877
29040,-85.9877
29029,-85.9877
29018,-85.85969999999999
29007,-85.85969999999999
28996,-86.7187
28985,-86.7187
28974,-86.6307
28963,-86.6307
28952,-87.4707
28941,-87.4707
28930,-87.4707
28919,-87.05669999999999
28908,-87.05669999999999
28897,-86.5837
28886,-86.5837
28875,-85.91969999999999
28864,-85.91969999999999
28853,-86.35369999999999
28842,-86.35369999999999
28831,-85.7067
28820,-85.7067
28809,-85.7067
28798,-86.3497
28787,-86.3497
28776,-85.7087
28765,-85.7087
28754,-87.68169999999999
28743,-87.68169999999999
28732,-87.68169999999999
28721,-87.68169999999999
28710,-87.68169999999999
28699,-87.6897
28688,-87.6897
28677,-86.8487
28666,-86.8487
28655,-86.6127
28644,-86.6127
28633,-86.5827
28622,-86.5827
28611,-86.5247
28600,-86.5247
28589,-86.5247
28578,-85.44969999999999
28567,-85.44969999999999
28556,-86.2267
28545,-86.2267
28534,-86.2267
28523,-86.2267
28512,-86.3277
28501,-86.3277
28490,-86.3277
28479,-86.0487
28468,-86.0487
28457,-86.13869999999999
28446,-86.13869999999999
28435,-85.3637
28424,-85.3637
28413,-86.15069999999999
28402,-86.15069999999999
28391,-85.68069999999999
28380,-85.68069999999999
28369,-85.68069999999999
28358,-85.30069999999999
28347,-85.30069999999999
28336,-84.9647
28325,-84.9647
28314,-84.8167
28303,-84.8167
28292,-84.7067
28281,-84.7067
28270,-84.7067
28259,-86.3567
28248,-86.3567
28237,-86.3577
28226,-86.3577
28215,-86.7537
28204,-86.7537
28193,-86.45469999999999
28182,-86.45469999999999
28171,-86.19269999999999
28160,-86.19269999999999
28149,-86.19269999999999
28138,-85.67569999999999
28127,-85.67569999999999
28116,-85.3737
28105,-85.3737
28094,-85.4557
28083,-85.4557
28072,-85.5277
28061,-85.5277
28050,-85.5277
28039,-85.5277
28028,-85.5277
28017,-86.68669999999999
28006,-86.68669999999999
27995,-85.3667
27984,-85.3667
27973,-86.05669999999999
27962,-86.05669999999999
27951,-84.9937
27940,-84.9937
27929,-84.9937
27918,-85.4997
27907,-85.4997
27896,-85.3377
27885,-85.3377
27874,-85.3667
27863,-85.3667
27852,-84.91069999999999
27841,-84.91069999999999
27830,-84.91069999999999
27819,-85.77069999999999
27808,-85.77069999999999
27797,-85.51169999999999
27786,-85.51169999999999
27775,-85.39569999999999
27764,-85.39569999999999
27753,-84.47269999999999
27742,-84.47269999999999
27731,-85.13669999999999
27720,-85.13669999999999
27709,-85.13669999999999
27698,-84.19869999999999
27687,-84.19869999999999
27676,-84.61469999999998
27665,-84.61469999999998
27654,-84.2027
27643,-84.2027
27632,-84.29769999999999
27621,-84.29769999999999
27610,-84.29769999999999
27599,-83.4057
27588,-83.4057
27577,-83.3327
27566,-83.3327
27555,-83.7927
27544,-83.7927
27533,-83.69369999999999
27522,-83.69369999999999
27511,-83.5877
27500,-83.5877
27489,-83.5877
27478,-84.99569999999999
27467,-84.99569999999999
27456,-84.86569999999999
27445,-84.86569999999999
27434,-84.81869999999999
27423,-84.81869999999999
27412,-84.93069999999999
27401,-84.93069999999999
27390,-84.93069999999999
27379,-84.2787
27368,-84.2787
27357,-84.2537
27346,-84.2537
27335,-83.3637
27324,-83.3637
27313,-83.2147
27302,-83.2147
27291,-83.9757
27280,-83.9757
27269,-83.9757
27258,-83.9757
27247,-83.9757
27236,-84.77569999999999
27225,-84.77569999999999
27214,-84.7717
27203,-84.7717
27192,-85.6417
27181,-85.6417
27170,-85.6417
27159,-85.5757
27148,-85.5757
27137,-84.01469999999999
27126,-84.01469999999999
27115,-83.5407
27104,-83.5407
27093,-84.4917
27082,-84.4917
27071,-83.7897
27060,-83.7897
27049,-83.7897
27038,-84.51369999999999
27027,-84.51369999999999
27016,-84.29169999999999
27005,-84.29169999999999
26994,-84.4057
26983,-84.4057
26972,-83.59169999999999
26961,-83.59169999999999
26950,-83.59169999999999
26939,-83.59169999999999
26928,-83.59169999999999
26917,-83.81569999999999
26906,-83.81569999999999
26895,-85.17269999999999
26884,-85.17269999999999
26873,-85.17269999999999
26862,-85.17269999999999
26851,-85.2197
26840,-85.2197
26829,-85.2197
26818,-85.0577
26807,-85.0577
26796,-84.72169999999998
26785,-84.72169999999998
26774,-84.0487
26763,-84.0487
26752,-84.7967
26741,-84.7967
26730,-84.7967
26719,-84.1857
26708,-84.1857
26697,-85.03769999999999
26686,-85.03769999999999
26675,-84.5527
26664,-84.5527
26653,-84.31569999999999
26642,-84.31569999999999
26631,-84.2477
26620,-84.2477
26609,-84.2477
26598,-86.0167
26587,-86.0167
26576,-85.4327
26565,-85.4327
26554,-84.8607
26543,-84.8607
26532,-84.4807
26521,-84.4807
26510,-84.4807
26499,-85.34169999999999
26488,-85.34169999999999
26477,-84.25269999999999
26466,-84.25269999999999
26455,-85.7027
26444,-85.7027
26433,-84.3327
26422,-84.3327
26411,-84.9557
26400,-84.9557
26389,-84.9557
26378,-84.52069999999999
26367,-84.52069999999999
26356,-85.3847
26345,-85.3847
26334,-85.24669999999999
26323,-85.24669999999999
26312,-85.54169999999999
26301,-85.54169999999999
26290,-85.54169999999999
26279,-84.9887
26268,-84.9887
26257,-85.6617
26246,-85.6617
26235,-85.0577
26224,-85.0577
26213,-85.9927
26202,-85.9927
26191,-85.77669999999999
26180,-85.77669999999999
26169,-85.77669999999999
26158,-85.62069999999999
26147,-85.62069999999999
26136,-83.75269999999999
26125,-83.75269999999999
26114,-84.30669999999999
26103,-84.30669999999999
26092,-84.1917
26081,-84.1917
26070,-84.1917
26059,-84.0227
26048,-84.0227
26037,-83.88969999999999
26026,-83.88969999999999
26015,-84.22869999999999
26004,-84.22869999999999
25993,-83.9927
25982,-83.9927
25971,-85.53269999999999
25960,-85.53269999999999
25949,-85.53269999999999
25938,-85.2367
25927,-85.2367
25916,-86.3747
25905,-86.3747
25894,-85.2847
25883,-85.2847
25872,-86.0057
25861,-86.0057
25850,-86.0057
25839,-85.59169999999999
25828,-85.59169999999999
25817,-85.41669999999999
25806,-85.41669999999999
25795,-85.42469999999999
25784,-85.42469999999999
25773,-84.8307
25762,-84.8307
25751,-84.2657
25740,-84.2657
25729,-84.2657
25718,-83.8737
25707,-83.8737
25696,-82.9807
25685,-82.9807
25674,-83.53569999999999
25663,-83.53569999999999
25652,-83.09669999999998
25641,-83.09669999999998
25630,-83.09669999999998
25619,-84.38969999999999
25608,-84.38969999999999
25597,-84.1647
25586,-84.1647
25575,-84.4267
25564,-84.4267
25553,-84.3627
25542,-84.3627
25531,-84.38269999999999
25520,-84.38269999999999
25509,-84.38269999999999
25498,-83.94269999999999
25487,-83.94269999999999
25476,-84.3787
25465,-84.3787
25454,-83.2557
25443,-83.2557
25432,-83.9827
25421,-83.9827
25410,-83.9827
25399,-83.2907
25388,-83.2907
25377,-84.8567
25366,-84.8567
25355,-84.5157
25344,-84.5157
25333,-84.40069999999999
25322,-84.40069999999999
25311,-84.56169999999999
25300,-84.56169999999999
25289,-84.56169999999999
25278,-84.5457
25267,-84.5457
25256,-83.57369999999999
25245,-83.57369999999999
25234,-84.27569999999999
25223,-84.27569999999999
25212,-84.1287
25201,-84.1287
25190,-84.1287
25179,-84.9917
25168,-84.9917
25157,-83.8457
25146,-83.8457
25135,-85.00769999999999
25124,-85.00769999999999
25113,-85.00769999999999
25102,-85.00769999999999
25091,-85.51369999999999
25080,-85.51369999999999
25069,-85.51369999999999
25058,-84.3327
25047,-84.3327
25036,-84.84669999999998
25025,-84.84669999999998
25014,-84.72869999999999
25003,-84.72869999999999
24992,-85.63369999999999
24981,-85.63369999999999
24970,-85.63369999999999
24959,-85.2727
24948,-85.2727
24937,-85.5367
24926,-85.5367
24915,-85.5457
24904,-85.5457
24893,-85.41669999999999
24882,-85.41669999999999
24871,-85.0727
24860,-85.0727
24849,-85.0727
24838,-84.02069999999999
24827,-84.02069999999999
24816,-83.6057
24805,-83.6057
24794,-84.28869999999999
24783,-84.28869999999999
24772,-83.75269999999999
24761,-83.75269999999999
24750,-83.75269999999999
24739,-84.46069999999999
24728,-84.46069999999999
24717,-84.1557
24706,-84.1557
24695,-84.8457
24684,-84.8457
24673,-84.8507
24662,-84.8507
24651,-84.8507
24640,-85.88269999999999
24629,-85.88269999999999
24618,-85.4577
24607,-85.4577
24596,-86.2237
24585,-86.2237
24574,-85.4797
24563,-85.4797
24552,-86.75769999999999
24541,-86.75769999999999
24530,-86.75769999999999
24519,-85.1647
24508,-85.1647
24497,-84.6227
24486,-84.6227
24475,-83.7197
24464,-83.7197
24453,-83.55669999999999
24442,-83.55669999999999
24431,-83.55669999999999
24420,-84.0057
24409,-84.0057
24398,-85.09069999999998
24387,-85.09069999999998
24376,-83.5807
24365,-83.5807
24354,-84.79469999999999
24343,-84.79469999999999
24332,-83.5807
24321,-83.5807
24310,-83.5807
24299,-85.8607
24288,-85.8607
24277,-84.6467
24266,-84.6467
24255,-84.19669999999999
24244,-84.19669999999999
24233,-83.4027
24222,-83.4027
24211,-83.4027
24200,-83.4037
24189,-83.4037
24178,-84.19869999999999
24167,-84.19869999999999
24156,-85.6497
24145,-85.6497
24134,-84.79369999999999
24123,-84.79369999999999
24112,-84.7187
24101,-84.7187
24090,-84.7187
24079,-84.2867
24068,-84.2867
24057,-85.1827
24046,-85.1827
24035,-85.13669999999999
24024,-85.13669999999999
24013,-84.8227
24002,-84.8227
23991,-84.8227
23980,-84.48469999999999
23969,-84.48469999999999
23958,-84.5667
23947,-84.5667
23936,-84.6287
23925,-84.6287
23914,-85.2187
23903,-85.2187
23892,-85.2187
23881,-85.2187
23870,-85.2187
23859,-85.1107
23848,-85.1107
23837,-84.5407
23826,-84.5407
23815,-83.13969999999999
23804,-83.13969999999999
23793,-82.5227
23782,-82.5227
23771,-82.5227
23760,-82.75269999999999
23749,-82.75269999999999
23738,-83.29169999999999
23727,-83.29169999999999
23716,-83.94669999999999
23705,-83.94669999999999
23694,-83.5957
23683,-83.5957
23672,-83.65069999999999
23661,-83.65069999999999
23650,-83.65069999999999
23639,-83.0767
23628,-83.0767
23617,-82.97769999999998
23606,-82.97769999999998
23595,-82.62669999999999
23584,-82.62669999999999
23573,-82.62669999999999
23562,-82.62669999999999
23551,-82.62669999999999
23540,-82.70369999999998
23529,-82.70369999999998
23518,-82.5947
23507,-82.5947
23496,-82.3227
23485,-82.3227
23474,-82.6347
23463,-82.6347
23452,-82.56869999999999
23441,-82.56869999999999
23430,-82.56869999999999
23419,-83.7177
23408,-83.7177
23397,-83.7177
23386,-83.7177
23375,-83.6417
23364,-83.6417
23353,-83.07969999999999
23342,-83.07969999999999
23331,-83.07969999999999
23320,-84.04969999999999
23309,-84.04969999999999
23298,-83.7787
23287,-83.7787
23276,-83.60869999999998
23265,-83.60869999999998
23254,-83.6827
23243,-83.6827
23232,-84.4887
23221,-84.4887
23210,-84.4887
23199,-83.6177
23188,-83.6177
23177,-83.3517
23166,-83.3517
23155,-81.4177
23144,-81.4177
23133,-82.26969999999999
23122,-82.26969999999999
23111,-82.26969999999999
23100,-81.5607
23089,-81.5607
23078,-82.4577
23067,-82.4577
23056,-81.46669999999999
23045,-81.46669999999999
23034,-81.96069999999999
23023,-81.96069999999999
23012,-81.87769999999999
23001,-81.87769999999999
22990,-81.87769999999999
22979,-83.1227
22968,-83.1227
22957,-82.8457
22946,-82.8457
22935,-82.96569999999998
22924,-82.96569999999998
22913,-82.26769999999999
22902,-82.26769999999999
22891,-82.26769999999999
22880,-82.7787
22869,-82.7787
22858,-82.5037
22847,-82.5037
22836,-82.75869999999999
22825,-82.75869999999999
22814,-81.41669999999999
22803,-81.41669999999999
22792,-82.16669999999999
22781,-82.16669999999999
22770,-82.16669999999999
22759,-81.41069999999999
22748,-81.41069999999999
22737,-82.35869999999998
22726,-82.35869999999998
22715,-82.1057
22704,-82.1057
22693,-83.05969999999999
22682,-83.05969999999999
22671,-83.05969999999999
22660,-82.16869999999999
22649,-82.16869999999999
22638,-82.06269999999999
22627,-82.06269999999999
22616,-81.6557
22605,-81.6557
22594,-82.27969999999999
22583,-82.27969999999999
22572,-81.7367
22561,-81.7367
22550,-81.7367
22539,-82.17469999999999
22528,-82.17469999999999
22517,-83.2067
22506,-83.2067
22495,-84.0587
22484,-84.0587
22473,-84.0157
22462,-84.0157
22451,-84.0157
22440,-84.81569999999999
22429,-84.81569999999999
22418,-84.7187
22407,-84.7187
22396,-85.3337
22385,-85.3337
22374,-83.50769999999999
22363,-83.50769999999999
22352,-83.0757
22341,-83.0757
22330,-83.0757
22319,-82.68469999999999
22308,-82.68469999999999
22297,-83.78569999999999
22286,-83.78569999999999
22275,-83.27069999999999
22264,-83.27069999999999
22253,-83.0827
22242,-83.0827
22231,-83.0827
22220,-82.6917
22209,-82.6917
22198,-82.9987
22187,-82.9987
22176,-82.44669999999999
22165,-82.44669999999999
22154,-82.4447
22143,-82.4447
22132,-82.9877
22121,-82.9877
22110,-82.9877
22099,-83.79369999999999
22088,-83.79369999999999
22077,-84.2567
22066,-84.2567
22055,-84.85369999999999
22044,-84.85369999999999
22033,-84.8077
22022,-84.8077
22011,-84.8077
22000,-85.49669999999999
21989,-85.49669999999999
21978,-84.1187
21967,-84.1187
21956,-84.5777
21945,-84.5777
21934,-84.1187
21923,-84.1187
21912,-84.8457
21901,-84.8457
21890,-84.8457
21879,-84.94069999999999
21868,-84.94069999999999
21857,-85.84669999999998
21846,-85.84669999999998
21835,-84.3907
21824,-84.3907
21813,-83.65469999999999
21802,-83.65469999999999
21791,-83.65469999999999
21780,-82.9927
21769,-82.9927
21758,-83.7067
21747,-83.7067
21736,-83.3277
21725,-83.3277
21714,-83.0887
21703,-83.0887
21692,-82.6677
21681,-82.6677
21670,-82.6677
21659,-82.9147
21648,-82.9147
21637,-82.68769999999999
21626,-82.68769999999999
21615,-82.3787
21604,-82.3787
21593,-82.56269999999999
21582,-82.56269999999999
21571,-82.56269999999999
21560,-83.46669999999999
21549,-83.46669999999999
21538,-83.1617
21527,-83.1617
21516,-83.5877
21505,-83.5877
21494,-83.19369999999999
21483,-83.19369999999999
21472,-82.6657
21461,-82.6657
21450,-82.6657
21439,-81.9027
21428,-81.9027
21417,-82.6767
21406,-82.6767
21395,-82.0707
21384,-82.0707
21373,-84.09769999999999
21362,-84.09769999999999
21351,-84.09769999999999
21340,-81.8387
21329,-81.8387
21318,-82.81269999999999
21307,-82.81269999999999
21296,-82.1237
21285,-82.1237
21274,-83.0937
21263,-83.0937
21252,-82.64269999999999
21241,-82.64269999999999
21230,-82.64269999999999
21219,-82.4177
21208,-82.4177
21197,-82.0307
21186,-82.0307
21175,-82.0927
21164,-82.0927
21153,-82.6077
21142,-82.6077
21131,-82.6077
21120,-83.91069999999999
21109,-83.91069999999999
21098,-82.80669999999999
21087,-82.80669999999999
21076,-83.5287
21065,-83.5287
21054,-81.4357
21043,-81.4357
21032,-81.4357
21021,-81.1177
21010,-81.1177
20999,-81.2847
20988,-81.2847
20977,-81.9807
20966,-81.9807
20955,-81.9807
20944,-81.9807
20933,-81.81269999999999
20922,-81.81269999999999
20911,-81.81269999999999
20900,-80.5607
20889,-80.5607
20878,-81.10869999999998
20867,-81.10869999999998
20856,-80.4397
20845,-80.4397
20834,-80.2847
20823,-80.2847
20812,-80.2847
20801,-79.97769999999998
20790,-79.97769999999998
20779,-79.87669999999999
20768,-79.87669999999999
20757,-80.3607
20746,-80.3607
20735,-81.5167
20724,-81.5167
20713,-81.5167
20702,-81.5167
20691,-81.5167
20680,-82.24069999999999
20669,-82.24069999999999
20658,-82.24069999999999
20647,-82.24069999999999
20636,-82.39469999999999
20625,-82.39469999999999
20614,-82.08469999999998
20603,-82.08469999999998
20592,-82.08469999999998
20581,-82.7307
20570,-82.7307
20559,-82.3047
20548,-82.3047
20537,-83.4997
20526,-83.4997
20515,-82.9337
20504,-82.9337
20493,-83.9807
20482,-83.9807
20471,-83.9807
20460,-83.32869999999998
20449,-83.32869999999998
20438,-84.4297
20427,-84.4297
20416,-83.3267
20405,-83.3267
20394,-85.2387
20383,-85.2387
20372,-85.2387
20361,-83.7787
20350,-83.7787
20339,-84.36469999999998
20328,-84.36469999999998
20317,-84.32969999999999
20306,-84.32969999999999
20295,-86.1977
20284,-86.1977
20273,-85.5837
20262,-85.5837
20251,-85.5837
20240,-85.53869999999999
20229,-85.53869999999999
20218,-85.1977
20207,-85.1977
20196,-85.9217
20185,-85.9217
20174,-84.5277
20163,-84.5277
20152,-84.5277
20141,-85.12769999999999
20130,-85.12769999999999
20119,-85.1007
20108,-85.1007
20097,-85.2447
20086,-85.2447
20075,-83.63669999999999
20064,-83.63669999999999
20053,-84.2807
20042,-84.2807
20031,-84.2807
20020,-83.5987
20009,-83.5987
19000,-81.3183
18900,-83.14829999999999
18800,-82.5373
18700,-80.63629999999999
18600,-82.23629999999999
18500,-81.4843
18400,-81.3483
18300,-80.89229999999999
18200,-81.1043
18100,-81.90729999999999
18000,-82.17229999999999
17900,-80.9913
17800,-81.6783
17700,-82.5503
17600,-81.4593
17500,-81.1323
17400,-80.1513
17300,-81.67729999999999
17200,-80.2833
17100,-79.29729999999999
17000,-80.0753
16900,-80.8773
16800,-81.4703
16700,-80.67729999999999
16600,-80.6733
16500,-80.6493
16400,-79.9463
16300,-80.11729999999999
16200,-81.6843
16100,-80.3033
16000,-80.2623
15900,-79.9113
15800,-80.04429999999999
15700,-80.6783
15600,-80.72529999999999
15500,-81.53429999999999
15400,-80.1153
15300,-79.7153
15200,-81.79629999999999
15100,-77.89829999999999
15000,-81.0633
14900,-79.3223
14800,-79.22429999999999
14700,-79.65429999999999
14600,-80.8243
14500,-79.6973
14400,-78.7523
14300,-80.08829999999999
14200,-79.50529999999999
14100,-79.11129999999999
14000,-79.1013
13900,-79.3843
13800,-79.5033
13700,-79.3693
13600,-78.8573
13500,-79.8893
13400,-78.0903
13300,-78.30829999999999
13200,-77.6153
13100,-77.99829999999999
13000,-78.2203
12900,-79.80829999999999
12800,-77.0963
12700,-77.87429999999999
12600,-79.2693
12500,-78.57029999999999
12400,-77.4833
12300,-76.25429999999999
12200,-77.36229999999999
12100,-77.35629999999999
12000,-78.3193
11900,-78.9953
11800,-78.6883
11700,-79.41529999999999
11600,-76.6683
11500,-76.3393
11400,-76.62429999999999
11300,-77.9113
11200,-77.7533
11100,-77.4643
11000,-78.2623
10900,-78.2563
10800,-77.5773
10700,-78.0603
10600,-77.7813
10500,-76.2003
10400,-75.5843
10300,-75.3813
10200,-76.85529999999999
10100,-75.4343
10000,-76.3643
9900,-75.7633
9800,-76.55229999999999
9700,-75.73029999999999
9600,-75.99229999999999
9500,-76.85529999999999
9400,-74.5433
9300,-76.27829999999999
9200,-74.3943
9100,-77.2213
9000,-75.00529999999999
8900,-76.0593
8800,-75.65729999999999
8700,-75.7183
8600,-75.6623
8500,-74.91329999999999
8400,-74.9523
8300,-75.3163
8200,-73.80229999999999
8100,-73.2153
8000,-74.67729999999999
7900,-73.85029999999999
7800,-74.15929999999999
7700,-74.0853
7600,-73.7573
7500,-73.3403
7400,-73.9413
7300,-74.41329999999999
7200,-74.0853
7100,-73.8243
7000,-72.5843
6900,-73.0543
6800,-73.3873
6700,-72.5303
6600,-71.9253
6500,-74.2633
6400,-72.3173
6300,-71.8723
6200,-71.58829999999999
6100,-70.6223
6000,-71.77329999999999
5900,-72.47529999999999
5800,-71.9473
5700,-73.4653
5600,-73.0083
5500,-70.82029999999999
5400,-72.1883
5300,-71.48729999999999
5200,-70.8343
5100,-71.1263
5000,-70.45129999999999
4900,-71.9823
4800,-71.9773
4700,-72.3463
4600,-72.1843
4500,-70.87429999999999
4400,-71.6823
4300,-71.1703
4200,-71.2163
4100,-70.2383
4000,-71.62329999999999
3900,-71.66929999999999
3800,-71.4463
3700,-71.66929999999999
3600,-72.3073
3500,-71.4793
3400,-70.00429999999999
3300,-71.5393
3200,-74.18929999999999
3100,-72.8153
3000,-72.7983
2900,-73.4293
2800,-72.0783
2700,-72.8213
2600,-73.9063
2500,-73.7203
2400,-74.9543
2300,-74.64229999999999
2200,-76.8063
2100,-74.3373
2000,-72.5553
1990,-72.8823
1980,-72.72429999999999
1970,-73.0903
1960,-73.61829999999999
1950,-73.2763
1940,-73.3593
1930,-73.5623
1920,-73.5373
1910,-74.4523
1900,-74.02229999999999
1890,-74.0593
1880,-74.7473
1870,-74.93929999999999
1860,-74.80829999999999
1850,-75.52329999999999
1840,-76.29729999999999
1830,-76.08829999999999
1820,-76.0263
1810,-74.9503
1800,-75.3313
1790,-75.9583
1780,-76.0633
1770,-73.7633
1760,-73.77329999999999
1750,-74.7153
1740,-75.0073
1730,-74.9443
1720,-74.6763
1710,-74.8813
1700,-75.2443
1690,-75.8633
1680,-75.6583
1670,-75.59929999999999
1660,-75.42229999999999
1650,-75.82629999999999
1640,-74.50429999999999
1630,-74.7983
1620,-74.7473
1610,-74.8253
1600,-75.2323
1590,-75.22429999999999
1580,-75.5733
1570,-75.2743
1560,-74.8963
1550,-75.36729999999999
1540,-75.9123
1530,-75.2023
1520,-75.0733
1510,-75.04029999999999
1500,-75.1163
1490,-75.0953
1480,-75.0843
1470,-75.0593
1460,-74.6783
1450,-74.64829999999999
1440,-73.4913
1430,-73.4143
1420,-74.4623
1410,-75.5813
1400,-75.0593
1390,-74.76029999999999
1380,-74.29629999999999
1370,-73.9293
1360,-74.5693
1350,-75.2473
1340,-75.2353
1330,-75.37929999999999
1320,-75.8233
1310,-75.7453
1300,-74.95729999999999
1290,-75.1613
1280,-75.8933
1270,-75.4313
1260,-76.03429999999999
1250,-75.6503
1240,-75.1013
1230,-73.7763
1220,-73.73629999999999
1210,-74.1013
1200,-74.1583
1190,-73.79729999999999
1180,-74.5743
1170,-74.86229999999999
1160,-74.7643
1150,-74.2333
1140,-74.5873
1130,-74.6023
1120,-75.1043
1110,-75.56429999999999
1100,-75.8583
1099,-75.8583
1098,-75.8583
1097,-75.8583
1096,-75.9233
1095,-75.9233
1094,-75.9233
1093,-75.9233
1092,-75.9233
1091,-76.0773
1090,-76.0773
1089,-76.0773
1088,-76.0773
1087,-75.6403
1086,-75.6403
1085,-75.6403
1084,-75.6403
1083,-75.6403
1082,-76.2343
1081,-76.2343
1080,-76.2343
1079,-76.2343
1078,-76.2343
1077,-76.2343
1076,-76.2343
1075,-76.2343
1074,-76.2343
1073,-76.2343
1072,-76.5753
1071,-76.5753
1070,-76.5753
1069,-76.5753
1068,-76.5753
1067,-76.0613
1066,-76.0613
1065,-76.0613
1064,-76.0613
1063,-76.0613
1062,-76.01029999999999
1061,-76.01029999999999
1060,-76.01029999999999
1059,-76.01029999999999
1058,-76.01029999999999
1057,-75.2623
1056,-75.2623
1055,-75.2623
1054,-75.2623
1053,-75.2623
1052,-75.26029999999999
1051,-75.26029999999999
1050,-75.26029999999999
1049,-75.26029999999999
1048,-74.9243
1047,-74.9243
1046,-74.9243
1045,-74.9243
1044,-74.9243
1043,-74.3773
1042,-74.3773
1041,-74.3773
1040,-74.3773
1039,-74.3773
1038,-74.1263
1037,-74.1263
1036,-74.1263
1035,-74.1263
1034,-74.1263
1033,-74.12329999999999
1032,-74.12329999999999
1031,-74.12329999999999
1030,-74.12329999999999
1029,-74.12329999999999
1028,-74.09929999999999
1027,-74.09929999999999
1026,-74.09929999999999
1025,-74.09929999999999
1024,-74.09929999999999
1023,-74.7773
1022,-74.7773
1021,-74.7773
1020,-74.7773
1019,-74.7773
1018,-74.29729999999999
1017,-74.29729999999999
1016,-74.29729999999999
1015,-74.29729999999999
1014,-74.29729999999999
1013,-74.28529999999999
1012,-74.28529999999999
1011,-74.28529999999999
1010,-74.28529999999999
1009,-74.28529999999999
1008,-74.4703
1007,-74.4703
1006,-74.4703
1005,-74.4703
1004,-75.3933
1003,-75.3933
1002,-75.3933
1001,-75.3933
1000,-75.3933
