10000000,-131.7022
9900000,-132.18120000000002
9800000,-131.3792
9700000,-131.27720000000002
9600000,-131.99020000000002
9500000,-131.2632
9400000,-130.81320000000002
9300000,-133.0132
9200000,-133.12120000000002
9100000,-132.4482
9000000,-132.34220000000002
8900000,-132.74120000000002
8800000,-131.6432
8700000,-131.6182
8600000,-132.0132
8500000,-133.17620000000002
8400000,-132.0762
8300000,-131.0292
8200000,-131.5722
8100000,-131.41420000000002
8000000,-131.1012
7900000,-132.36520000000002
7800000,-132.66420000000002
7700000,-131.1232
7600000,-131.81320000000002
7500000,-132.9002
7400000,-132.1112
7300000,-132.7622
7200000,-132.3402
7100000,-132.07920000000001
7000000,-131.9742
6900000,-132.2682
6800000,-131.99120000000002
6700000,-131.1262
6600000,-131.9932
6500000,-132.5422
6400000,-132.98420000000002
6300000,-131.9892
6200000,-131.8322
6100000,-131.4462
6000000,-132.08020000000002
5900000,-131.0492
5800000,-130.6072
5700000,-131.0722
5600000,-132.53820000000002
5500000,-131.1052
5400000,-132.46120000000002
5300000,-131.66920000000002
5200000,-132.0542
5100000,-131.9352
5000000,-131.2672
4900000,-131.0782
4800000,-130.7922
4700000,-131.28820000000002
4600000,-130.8252
4500000,-131.4212
4400000,-133.57420000000002
4300000,-132.96020000000001
4200000,-131.6242
4100000,-131.4472
4000000,-131.9882
3900000,-132.4172
3800000,-131.2252
3700000,-130.7672
3600000,-130.8862
3500000,-131.18120000000002
3400000,-131.0732
3300000,-131.4892
3200000,-130.5372
3100000,-131.0902
3000000,-131.48420000000002
2900000,-130.00320000000002
2800000,-130.8792
2700000,-131.9462
2600000,-131.1852
2500000,-130.6982
2400000,-130.1532
2300000,-131.4752
2200000,-130.31920000000002
2100000,-130.03920000000002
2000000,-131.1842
1900000,-129.8342
1800000,-129.7202
1700000,-129.22920000000002
1600000,-129.97820000000002
1500000,-128.1442
1400000,-127.8532
1300000,-128.4802
1200000,-128.1902
1190000,-128.28220000000002
1180000,-128.03820000000002
1170000,-128.3502
1160000,-128.65820000000002
1150000,-128.3822
1149000,-128.3822
1148000,-128.3742
1147000,-128.3742
1146000,-128.3742
1145000,-128.3572
1144000,-128.3572
1143000,-128.3572
1142000,-128.2142
1141000,-128.2142
1140000,-128.24620000000002
1139000,-128.24620000000002
1138000,-128.24620000000002
1137000,-128.3162
1136000,-128.3162
1135000,-128.3162
1134000,-128.3752
1133000,-128.3752
1132000,-128.4342
1131000,-128.4342
1130000,-128.4342
1129000,-128.31820000000002
1128000,-128.31820000000002
1127000,-128.31820000000002
1126000,-128.1442
1125000,-128.1442
1124000,-128.0552
1123000,-128.0552
1122000,-128.0552
1121000,-128.0552
1120000,-128.0552
1119000,-128.0552
1118000,-127.78419999999998
1117000,-127.78419999999998
1116000,-127.78419999999998
1115000,-127.7982
1114000,-127.7982
1113000,-127.80219999999998
1112000,-127.80219999999998
1111000,-127.80219999999998
1110000,-127.8002
1109000,-127.8002
1108000,-127.8002
1107000,-127.52219999999998
1106000,-127.52219999999998
1105000,-127.36919999999999
1104000,-127.36919999999999
1103000,-127.36919999999999
1102000,-127.44519999999999
1101000,-127.44519999999999
1100000,-127.44519999999999
1099000,-127.54619999999998
1098000,-127.54619999999998
1097000,-127.6552
1096000,-127.6552
1095000,-127.6552
1094000,-127.7412
1093000,-127.7412
1092000,-127.7412
1091000,-127.72519999999999
1090000,-127.72519999999999
1089000,-127.6972
1088000,-127.6972
1087000,-127.6972
1086000,-127.64719999999998
1085000,-127.64719999999998
1084000,-127.64719999999998
1083000,-127.68319999999999
1082000,-127.68319999999999
1081000,-127.68319999999999
1080000,-127.68319999999999
1079000,-127.68319999999999
1078000,-127.8002
1077000,-127.8002
1076000,-127.8002
1075000,-127.5922
1074000,-127.5922
1073000,-127.58919999999999
1072000,-127.58919999999999
1071000,-127.58919999999999
1070000,-127.44519999999999
1069000,-127.44519999999999
1068000,-127.44519999999999
1067000,-127.35119999999999
1066000,-127.35119999999999
1065000,-127.35119999999999
1064000,-127.36319999999999
1063000,-127.36319999999999
1062000,-127.03419999999998
1061000,-127.03419999999998
1060000,-127.03419999999998
1059000,-126.92219999999999
1058000,-126.92219999999999
1057000,-126.92219999999999
1056000,-126.86919999999999
1055000,-126.86919999999999
1054000,-127.09919999999998
1053000,-127.09919999999998
1052000,-127.09919999999998
1051000,-127.1042
1050000,-127.1042
1049000,-127.1042
1048000,-127.1992
1047000,-127.1992
1046000,-127.3472
1045000,-127.3472
1044000,-127.3472
1043000,-127.39719999999998
1042000,-127.39719999999998
1041000,-127.39719999999998
1040000,-127.49419999999999
1039000,-127.49419999999999
1038000,-127.54719999999999
1037000,-127.54719999999999
1036000,-127.54719999999999
1035000,-127.54719999999999
1034000,-127.54719999999999
1033000,-127.54719999999999
1032000,-127.54520000000001
1031000,-127.54520000000001
1030000,-127.5262
1029000,-127.5262
1028000,-127.5262
1027000,-127.5802
1026000,-127.5802
1025000,-127.5802
1024000,-127.5672
1023000,-127.5672
1022000,-127.5672
1021000,-127.4612
1020000,-127.4612
1019000,-127.4832
1018000,-127.4832
1017000,-127.4832
1016000,-127.6552
1015000,-127.6552
1014000,-127.6552
1013000,-127.4192
1012000,-127.4192
1011000,-127.42119999999998
1010000,-127.42119999999998
1009000,-127.42119999999998
1008000,-127.4672
1007000,-127.4672
1006000,-127.4672
1005000,-127.67819999999999
1004000,-127.67819999999999
1003000,-127.85619999999999
1002000,-127.85619999999999
1001000,-127.85619999999999
1000000,-127.58319999999999
999000,-127.8412
989000,-126.4242
979000,-127.92819999999999
969000,-127.67219999999999
959000,-125.49219999999998
949000,-129.0012
939000,-127.31519999999999
929000,-126.82019999999999
919000,-127.04119999999999
909000,-127.07719999999999
899000,-127.08219999999999
889000,-125.8402
879000,-128.2492
869000,-126.37419999999999
859000,-125.8832
849000,-126.1212
839000,-126.77319999999999
829000,-127.1872
819000,-126.2272
809000,-126.59419999999999
799000,-126.7992
789000,-126.2392
779000,-124.9662
769000,-125.4312
759000,-125.9772
749000,-124.94619999999999
739000,-124.82519999999998
729000,-123.3222
719000,-125.58919999999999
709000,-124.07019999999999
699000,-124.3162
689000,-121.4712
679000,-123.95819999999999
669000,-123.95019999999998
659000,-123.3702
649000,-123.0722
639000,-123.0142
629000,-122.43419999999999
619000,-121.12919999999998
609000,-122.38619999999999
599000,-122.7272
589000,-122.06519999999999
579000,-120.86719999999998
569000,-121.40820000000001
559000,-120.72519999999999
549000,-121.2702
539000,-121.9352
529000,-121.53320000000001
519000,-121.62419999999999
509000,-122.8182
499000,-119.4472
489000,-120.40319999999998
479000,-119.2642
469000,-120.0782
459000,-122.1322
449000,-120.31920000000001
439000,-121.92819999999999
429000,-120.11919999999999
419000,-122.1452
409000,-119.6262
399000,-119.1552
389000,-119.8102
379000,-118.95219999999999
369000,-120.35719999999999
359000,-120.27720000000001
349000,-120.6752
339000,-119.3542
329000,-117.2632
319000,-118.1612
309000,-119.07119999999999
299000,-118.94619999999999
289000,-118.67719999999998
279000,-116.89819999999999
269000,-117.7222
259000,-116.6212
249000,-115.0902
239000,-116.4612
229000,-116.11219999999999
219000,-114.23719999999999
209000,-114.0742
199000,-114.5962
198000,-114.9892
197000,-114.2392
196000,-114.1102
195000,-113.90220000000001
194000,-114.0562
193000,-113.32019999999999
192000,-112.40220000000001
191000,-113.3232
190000,-113.1862
189000,-111.95119999999999
188000,-112.02319999999999
187000,-111.92719999999998
186000,-111.6912
185000,-112.4592
184000,-112.69619999999999
183000,-112.3952
182000,-113.1092
181000,-113.6382
180000,-113.98119999999999
179000,-114.7942
178000,-114.7452
177000,-114.98619999999998
176000,-114.78320000000001
175000,-115.52219999999998
174000,-115.85119999999999
173000,-114.92119999999998
172000,-114.48219999999999
171000,-114.4292
170000,-114.56320000000001
169000,-114.58719999999998
168000,-113.9422
167000,-114.07519999999998
166000,-113.74219999999998
165000,-112.45019999999998
164000,-112.86919999999999
163000,-112.34519999999999
162000,-111.83719999999998
161000,-111.61219999999999
160000,-111.8052
159000,-111.8342
158000,-111.8102
157000,-111.2702
156000,-111.20219999999999
155000,-111.57019999999999
154000,-111.24219999999998
153000,-111.53419999999998
152000,-111.98719999999999
151000,-111.5902
150000,-111.4732
149900,-111.4732
149800,-111.4732
149700,-111.52919999999999
149600,-111.52919999999999
149500,-111.7582
149400,-111.7582
149300,-111.97019999999999
149200,-111.97019999999999
149100,-111.97019999999999
149000,-112.0962
148900,-112.0962
148800,-112.0192
148700,-112.0192
148600,-112.0192
148500,-112.0192
148400,-112.0192
148300,-111.9592
148200,-111.9592
148100,-111.9592
148000,-111.6342
147900,-111.6342
147800,-111.63019999999999
147700,-111.63019999999999
147600,-111.76219999999999
147500,-111.76219999999999
147400,-111.76219999999999
147300,-112.0972
147200,-112.0972
147100,-112.43319999999999
147000,-112.43319999999999
146900,-112.43319999999999
146800,-112.73619999999998
146700,-112.73619999999998
146600,-112.6202
146500,-112.6202
146400,-112.6202
146300,-112.44420000000001
146200,-112.44420000000001
146100,-112.3602
146000,-112.3602
145900,-112.3602
145800,-112.2752
145700,-112.2752
145600,-112.2102
145500,-112.2102
145400,-112.2292
145300,-112.2292
145200,-112.2292
145100,-111.8362
145000,-111.8362
144900,-111.6982
144800,-111.6982
144700,-111.6982
144600,-111.7212
144500,-111.7212
144400,-111.4412
144300,-111.4412
144200,-111.4412
144100,-111.2802
144000,-111.2802
143900,-110.8522
143800,-110.8522
143700,-110.8522
143600,-110.5372
143500,-110.5372
143400,-110.5502
143300,-110.5502
143200,-110.64219999999999
143100,-110.64219999999999
143000,-110.64219999999999
142900,-110.68319999999999
142800,-110.68319999999999
142700,-110.74319999999999
142600,-110.74319999999999
142500,-110.74319999999999
142400,-111.0072
142300,-111.0072
142200,-111.1872
142100,-111.1872
142000,-111.1872
141900,-111.18919999999999
141800,-111.18919999999999
141700,-110.9112
141600,-110.9112
141500,-110.9112
141400,-110.5202
141300,-110.5202
141200,-110.4712
141100,-110.4712
141000,-110.4962
140900,-110.4962
140800,-110.4962
140700,-110.63119999999999
140600,-110.63119999999999
140500,-110.79619999999998
140400,-110.79619999999998
140300,-110.79619999999998
140200,-110.7102
140100,-110.7102
140000,-110.73819999999999
139900,-110.73819999999999
139800,-110.73819999999999
139700,-110.88119999999999
139600,-110.88119999999999
139500,-111.02120000000001
139400,-111.02120000000001
139300,-111.02120000000001
139200,-111.1922
139100,-111.1922
139000,-111.38019999999999
138900,-111.38019999999999
138800,-111.11719999999998
138700,-111.11719999999998
138600,-111.11719999999998
138500,-110.9062
138400,-110.9062
138300,-110.77120000000001
138200,-110.77120000000001
138100,-110.77120000000001
138000,-110.7632
137900,-110.7632
137800,-110.69519999999999
137700,-110.69519999999999
137600,-110.69519999999999
137500,-110.72519999999999
137400,-110.72519999999999
137300,-110.8352
137200,-110.8352
137100,-110.94519999999999
137000,-110.94519999999999
136900,-110.94519999999999
136800,-111.1792
136700,-111.1792
136600,-111.0382
136500,-111.0382
136400,-111.0382
136300,-110.74319999999999
136200,-110.74319999999999
136100,-110.73719999999999
136000,-110.73719999999999
135900,-110.73719999999999
135800,-110.86319999999999
135700,-110.86319999999999
135600,-111.1692
135500,-111.1692
135400,-111.1692
135300,-110.62919999999998
135200,-110.62919999999998
135100,-110.5242
135000,-110.5242
134900,-110.13519999999998
134800,-110.13519999999998
134700,-110.13519999999998
134600,-110.0912
134500,-110.0912
134400,-110.0142
134300,-110.0142
134200,-110.0142
134100,-109.75519999999999
134000,-109.75519999999999
133900,-109.5032
133800,-109.5032
133700,-109.5032
133600,-109.51520000000001
133500,-109.51520000000001
133400,-109.7112
133300,-109.7112
133200,-109.7112
133100,-109.9132
133000,-109.9132
132900,-109.88519999999998
132800,-109.88519999999998
132700,-109.5862
132600,-109.5862
132500,-109.5862
132400,-109.3642
132300,-109.3642
132200,-109.16619999999999
132100,-109.16619999999999
132000,-109.16619999999999
131900,-109.1612
131800,-109.1612
131700,-109.18919999999999
131600,-109.18919999999999
131500,-109.18919999999999
131400,-109.23619999999998
131300,-109.23619999999998
131200,-109.2402
131100,-109.2402
131000,-109.2402
130900,-109.4792
130800,-109.4792
130700,-109.63619999999999
130600,-109.63619999999999
130500,-109.69420000000001
130400,-109.69420000000001
130300,-109.69420000000001
130200,-109.77720000000001
130100,-109.77720000000001
130000,-109.3352
129900,-109.3352
129800,-109.3352
129700,-109.1322
129600,-109.1322
129500,-108.9972
129400,-108.9972
129300,-108.9972
129200,-109.0142
129100,-109.0142
129000,-109.1672
128900,-109.1672
128800,-109.0682
128700,-109.0682
128600,-109.0682
128500,-108.96419999999999
128400,-108.96419999999999
128300,-108.9412
128200,-108.9412
128100,-108.9412
128000,-108.98219999999999
127900,-108.98219999999999
127800,-109.08719999999998
127700,-109.08719999999998
127600,-109.08719999999998
127500,-109.2112
127400,-109.2112
127300,-109.23719999999999
127200,-109.23719999999999
127100,-109.23719999999999
127000,-109.27120000000001
126900,-109.27120000000001
126800,-109.3402
126700,-109.3402
126600,-109.3952
126500,-109.3952
126400,-109.3952
126300,-109.58219999999999
126200,-109.58219999999999
126100,-109.2932
126000,-109.2932
125900,-109.2932
125800,-109.29619999999998
125700,-109.29619999999998
125600,-109.42020000000001
125500,-109.42020000000001
125400,-109.42020000000001
125300,-109.5382
125200,-109.5382
125100,-109.5482
125000,-109.5482
124900,-109.5482
124800,-109.69519999999999
124700,-109.69519999999999
124600,-109.6912
124500,-109.6912
124400,-109.62519999999999
124300,-109.62519999999999
124200,-109.62519999999999
124100,-109.21419999999999
124000,-109.21419999999999
123900,-109.0902
123800,-109.0902
123700,-109.0902
123600,-109.0902
123500,-109.0902
123400,-109.1682
123300,-109.1682
123200,-109.1682
123100,-108.7642
123000,-108.7642
122900,-108.47619999999999
122800,-108.47619999999999
122700,-108.47619999999999
122600,-108.2762
122500,-108.2762
122400,-108.2512
122300,-108.2512
122200,-108.2522
122100,-108.2522
122000,-108.2522
121900,-108.27120000000001
121800,-108.27120000000001
121700,-108.3602
121600,-108.3602
121500,-108.3602
121400,-108.59519999999999
121300,-108.59519999999999
121200,-108.40820000000001
121100,-108.40820000000001
121000,-108.40820000000001
120900,-108.3412
120800,-108.3412
120700,-108.35119999999999
120600,-108.35119999999999
120500,-108.35119999999999
120400,-108.50419999999998
120300,-108.50419999999998
120200,-108.1082
120100,-108.1082
120000,-107.7642
119900,-107.7642
119800,-107.7642
119700,-107.5782
119600,-107.5782
119500,-107.51719999999999
119400,-107.51719999999999
119300,-107.51719999999999
119200,-107.38519999999998
119100,-107.38519999999998
119000,-107.01520000000001
118900,-107.01520000000001
118800,-107.01520000000001
118700,-106.94619999999999
118600,-106.94619999999999
118500,-106.9722
118400,-106.9722
118300,-107.09519999999999
118200,-107.09519999999999
118100,-107.09519999999999
118000,-107.38719999999999
117900,-107.38719999999999
117800,-107.52720000000001
117700,-107.52720000000001
117600,-107.52720000000001
117500,-107.5142
117400,-107.5142
117300,-107.56519999999999
117200,-107.56519999999999
117100,-107.56519999999999
117000,-107.4792
116900,-107.4792
116800,-107.27219999999998
116700,-107.27219999999998
116600,-107.27219999999998
116500,-107.1492
116400,-107.1492
116300,-107.0722
116200,-107.0722
116100,-106.3482
116000,-106.3482
115900,-106.3482
115800,-105.6922
115700,-105.6922
115600,-105.5912
115500,-105.5912
115400,-105.5912
115300,-105.5982
115200,-105.5982
115100,-105.73219999999999
115000,-105.73219999999999
114900,-105.73219999999999
114800,-105.8182
114700,-105.8182
114600,-105.8302
114500,-105.8302
114400,-105.8302
114300,-106.0022
114200,-106.0022
114100,-105.98719999999999
114000,-105.98719999999999
113900,-105.9792
113800,-105.9792
113700,-105.9792
113600,-105.9892
113500,-105.9892
113400,-105.5872
113300,-105.5872
113200,-105.5872
113100,-105.5072
113000,-105.5072
112900,-105.55219999999998
112800,-105.55219999999998
112700,-105.55219999999998
112600,-105.72619999999999
112500,-105.72619999999999
112400,-106.0022
112300,-106.0022
112200,-106.0022
112100,-106.3362
112000,-106.3362
111900,-106.51019999999998
111800,-106.51019999999998
111700,-106.5362
111600,-106.5362
111500,-106.5362
111400,-106.55219999999998
111300,-106.55219999999998
111200,-106.6092
111100,-106.6092
111000,-106.6092
110900,-106.6732
110800,-106.6732
110700,-106.93820000000001
110600,-106.93820000000001
110500,-106.93820000000001
110400,-106.95019999999998
110300,-106.95019999999998
110200,-106.9912
110100,-106.9912
110000,-106.9912
109900,-106.5852
109800,-106.5852
109700,-106.11019999999999
109600,-106.11019999999999
109500,-106.0742
109400,-106.0742
109300,-106.0742
109200,-106.0932
109100,-106.0932
109000,-106.22019999999999
108900,-106.22019999999999
108800,-106.22019999999999
108700,-106.12519999999999
108600,-106.12519999999999
108500,-106.13419999999999
108400,-106.13419999999999
108300,-106.13419999999999
108200,-106.1382
108100,-106.1382
108000,-106.11619999999999
107900,-106.11619999999999
107800,-106.10619999999999
107700,-106.10619999999999
107600,-106.10619999999999
107500,-106.11019999999999
107400,-106.11019999999999
107300,-105.98519999999999
107200,-105.98519999999999
107100,-105.98519999999999
107000,-105.90419999999999
106900,-105.90419999999999
106800,-105.9052
106700,-105.9052
106600,-105.9052
106500,-105.74319999999999
106400,-105.74319999999999
106300,-105.74319999999999
106200,-105.74319999999999
106100,-105.74319999999999
106000,-105.7452
105900,-105.7452
105800,-105.69619999999999
105700,-105.69619999999999
105600,-105.70819999999999
105500,-105.70819999999999
105400,-105.70819999999999
105300,-105.36219999999999
105200,-105.36219999999999
105100,-104.76219999999999
105000,-104.76219999999999
104900,-104.76219999999999
104800,-104.3642
104700,-104.3642
104600,-104.2892
104500,-104.2892
104400,-104.2892
104300,-104.33319999999999
104200,-104.33319999999999
104100,-104.4952
104000,-104.4952
103900,-104.4952
103800,-104.7782
103700,-104.7782
103600,-104.70819999999999
103500,-104.70819999999999
103400,-104.48819999999999
103300,-104.48819999999999
103200,-104.48819999999999
103100,-104.39219999999999
103000,-104.39219999999999
102900,-104.2892
102800,-104.2892
102700,-104.2892
102600,-103.9502
102500,-103.9502
102400,-103.93919999999999
102300,-103.93919999999999
102200,-103.93919999999999
102100,-103.8592
102000,-103.8592
101900,-103.8592
101800,-103.8592
101700,-103.8592
101600,-103.99419999999999
101500,-103.99419999999999
101400,-104.24319999999999
101300,-104.24319999999999
101200,-104.3282
101100,-104.3282
101000,-104.3282
100900,-104.3532
100800,-104.3532
100700,-104.4802
100600,-104.4802
100500,-104.4802
100400,-104.60719999999999
100300,-104.60719999999999
100200,-104.7362
100100,-104.7362
100000,-104.7362
99900,-104.7567
98899,-106.3727
97898,-104.2637
96897,-104.55969999999999
95896,-105.15769999999999
94895,-105.68669999999999
93894,-103.95169999999999
92893,-103.59169999999999
91892,-103.50869999999999
90891,-102.8427
89890,-104.5967
88889,-102.80869999999999
87888,-103.7957
86887,-102.7837
85886,-103.6977
84885,-102.4417
83884,-101.36869999999999
82883,-103.00869999999999
81882,-103.7397
80881,-101.5107
79880,-102.55569999999999
78879,-101.88669999999999
77878,-100.34469999999999
76877,-100.6057
75876,-98.9027
74875,-98.6887
73874,-98.6507
72873,-98.91369999999999
71872,-99.96069999999999
70871,-100.3047
69870,-99.2537
68869,-98.8817
67868,-97.56569999999999
66867,-99.7517
65866,-98.2777
64865,-98.3647
63864,-96.2277
62863,-100.41669999999999
61862,-97.3077
60861,-97.7147
59860,-97.2237
58859,-98.2127
57858,-95.5167
56857,-95.9867
55856,-94.8517
54855,-93.59769999999999
53854,-94.82969999999999
52853,-94.91969999999999
51852,-96.6537
50851,-95.5037
49850,-92.0067
49749,-91.8707
49648,-93.16969999999999
49547,-93.2597
49446,-93.0727
49345,-94.6227
49244,-95.43169999999999
49143,-93.71669999999999
49042,-92.88969999999999
48941,-91.69969999999999
48840,-94.58869999999999
48739,-94.15169999999999
48638,-93.8257
48537,-93.5097
48436,-93.87469999999999
48335,-93.3437
48234,-93.6857
48133,-95.06269999999999
48032,-93.5957
47931,-93.9147
47830,-92.8697
47729,-92.5157
47628,-94.99369999999999
47527,-93.70769999999999
47426,-94.19069999999999
47325,-93.99669999999999
47224,-93.91369999999999
47123,-93.0427
47022,-93.1537
46921,-90.97569999999999
46820,-92.2877
46719,-92.73769999999999
46618,-91.8907
46517,-92.9157
46416,-92.6377
46315,-93.5227
46214,-92.05569999999999
46113,-92.7277
46012,-93.4067
45911,-93.1647
45810,-92.6137
45709,-92.1047
45608,-91.09469999999999
45507,-92.41969999999999
45406,-92.1537
45305,-93.0637
45204,-93.58869999999999
45103,-91.2427
45002,-90.46069999999999
44901,-92.76769999999999
44800,-92.68169999999999
44699,-93.5937
44598,-92.5487
44497,-92.9957
44396,-93.0137
44295,-92.02069999999999
44194,-91.2447
44093,-93.4957
43992,-94.37169999999999
43891,-92.5227
43790,-93.5227
43689,-93.1647
43588,-93.3877
43487,-91.4037
43386,-92.15769999999999
43285,-91.97269999999999
43184,-91.9207
43083,-93.1027
42982,-91.5907
42881,-91.2787
42780,-89.99669999999999
42679,-90.6287
42578,-91.94569999999999
42477,-91.5837
42376,-90.60069999999999
42275,-92.81569999999999
42174,-91.7847
42073,-94.18069999999999
41972,-93.0157
41871,-92.30569999999999
41770,-92.3577
41669,-90.8557
41568,-90.77669999999999
41467,-90.95169999999999
41366,-90.9897
41265,-90.7177
41164,-90.79369999999999
41063,-90.7817
40962,-90.05069999999999
40861,-89.5867
40760,-89.30269999999999
40659,-89.52069999999999
40558,-89.33869999999999
40457,-89.5817
40356,-90.3547
40255,-88.58269999999999
40154,-91.3227
40053,-91.26469999999999
39952,-90.6707
39851,-90.32169999999999
39750,-90.60369999999999
39649,-91.7427
39548,-90.32669999999999
39447,-90.8887
39346,-91.5277
39245,-90.0017
39144,-89.5547
39043,-90.2687
38942,-91.3917
38841,-91.5317
38740,-92.53869999999999
38639,-90.9117
38538,-90.16669999999999
38437,-91.60669999999999
38336,-90.9417
38235,-91.0517
38134,-89.6947
38033,-91.07369999999999
37932,-92.7247
37831,-89.5937
37730,-91.1977
37629,-90.7207
37528,-91.5937
37427,-91.96069999999999
37326,-90.2607
37225,-89.4267
37124,-90.8487
37023,-90.71669999999999
36922,-89.36869999999999
36821,-89.0337
36720,-89.3397
36619,-89.10369999999999
36518,-89.4507
36417,-91.4117
36316,-89.8367
36215,-88.6077
36114,-88.4217
36013,-89.9057
35912,-90.5377
35811,-89.0847
35710,-88.7807
35609,-88.4097
35508,-89.84469999999999
35407,-89.3437
35306,-90.35669999999999
35205,-90.4737
35104,-90.5287
35003,-90.3997
34902,-90.05969999999999
34801,-89.26169999999999
34700,-89.4687
34599,-90.4677
34498,-90.5847
34397,-90.0307
34296,-90.6237
34195,-89.48769999999999
34094,-86.6247
33993,-87.0877
33892,-88.7037
33791,-87.38369999999999
33690,-88.68369999999999
33589,-88.74069999999999
33488,-88.39569999999999
33387,-88.07969999999999
33286,-88.8907
33185,-87.4087
33084,-88.1587
32983,-88.8877
32882,-89.37169999999999
32781,-88.8107
32680,-88.76469999999999
32579,-89.9597
32478,-87.90769999999999
32377,-89.4507
32276,-88.5897
32175,-88.4637
32074,-88.4987
31973,-87.4087
31872,-87.4217
31771,-87.31269999999999
31670,-86.7607
31569,-87.70969999999998
31468,-88.2257
31367,-88.62769999999999
31266,-90.06769999999999
31165,-88.37669999999999
31064,-88.4557
30963,-87.4797
30862,-86.3577
30761,-86.2487
30660,-86.5807
30559,-86.53569999999999
30458,-86.9997
30357,-87.4397
30256,-87.53569999999999
30155,-89.0397
30054,-87.91669999999999
29953,-87.82369999999999
29942,-87.82369999999999
29931,-87.7077
29920,-87.7077
29909,-87.7077
29898,-88.2057
29887,-88.2057
29876,-87.26169999999999
29865,-87.26169999999999
29854,-89.24969999999999
29843,-89.24969999999999
29832,-87.1437
29821,-87.1437
29810,-87.1437
29799,-87.7567
29788,-87.7567
29777,-86.5637
29766,-86.5637
29755,-87.2127
29744,-87.2127
29733,-85.51169999999999
29722,-85.51169999999999
29711,-86.77069999999999
29700,-86.77069999999999
29689,-86.77069999999999
29678,-85.2367
29667,-85.2367
29656,-86.5287
29645,-86.5287
29634,-86.38369999999999
29623,-86.38369999999999
29612,-86.5127
29601,-86.5127
29590,-86.5127
29579,-85.68169999999999
29568,-85.68169999999999
29557,-86.1177
29546,-86.1177
29535,-85.80369999999999
29524,-85.80369999999999
29513,-87.8687
29502,-87.8687
29491,-86.6317
29480,-86.6317
29469,-86.6317
29458,-87.64269999999999
29447,-87.64269999999999
29436,-86.59069999999998
29425,-86.59069999999998
29414,-87.34169999999999
29403,-87.34169999999999
29392,-87.0337
29381,-87.0337
29370,-87.0337
29359,-87.0957
29348,-87.0957
29337,-86.42469999999999
29326,-86.42469999999999
29315,-85.92269999999999
29304,-85.92269999999999
29293,-85.68069999999999
29282,-85.68069999999999
29271,-86.79769999999999
29260,-86.79769999999999
29249,-86.79769999999999
29238,-86.3047
29227,-86.3047
29216,-87.9807
29205,-87.9807
29194,-86.7497
29183,-86.7497
29172,-87.06569999999999
29161,-87.06569999999999
29150,-87.06569999999999
29139,-86.9207
29128,-86.9207
29117,-87.0277
29106,-87.0277
29095,-86.9037
29084,-86.9037
29073,-87.81769999999999
29062,-87.81769999999999
29051,-85.72769999999998
29040,-85.72769999999998
29029,-85.72769999999998
29018,-86.3207
29007,-86.3207
28996,-86.1007
28985,-86.1007
28974,-86.95469999999999
28963,-86.95469999999999
28952,-85.6317
28941,-85.6317
28930,-85.6317
28919,-86.5667
28908,-86.5667
28897,-86.05669999999999
28886,-86.05669999999999
28875,-86.2897
28864,-86.2897
28853,-86.14269999999999
28842,-86.14269999999999
28831,-85.8107
28820,-85.8107
28809,-85.8107
28798,-84.7427
28787,-84.7427
28776,-84.7417
28765,-84.7417
28754,-85.2747
28743,-85.2747
28732,-87.13369999999999
28721,-87.13369999999999
28710,-87.13369999999999
28699,-86.9867
28688,-86.9867
28677,-87.1047
28666,-87.1047
28655,-86.34169999999999
28644,-86.34169999999999
28633,-87.0457
28622,-87.0457
28611,-86.28269999999999
28600,-86.28269999999999
28589,-86.28269999999999
28578,-86.87769999999999
28567,-86.87769999999999
28556,-86.2567
28545,-86.2567
28534,-86.93669999999999
28523,-86.93669999999999
28512,-86.3277
28501,-86.3277
28490,-86.3277
28479,-85.5457
28468,-85.5457
28457,-85.4677
28446,-85.4677
28435,-85.34069999999998
28424,-85.34069999999998
28413,-85.54969999999999
28402,-85.54969999999999
28391,-86.4267
28380,-86.4267
28369,-86.4267
28358,-86.4267
28347,-86.4267
28336,-87.27969999999999
28325,-87.27969999999999
28314,-86.89269999999999
28303,-86.89269999999999
28292,-87.6467
28281,-87.6467
28270,-87.6467
28259,-86.0727
28248,-86.0727
28237,-86.9177
28226,-86.9177
28215,-86.0727
28204,-86.0727
28193,-86.5157
28182,-86.5157
28171,-85.74069999999999
28160,-85.74069999999999
28149,-85.74069999999999
28138,-86.6537
28127,-86.6537
28116,-86.1127
28105,-86.1127
28094,-87.13369999999999
28083,-87.13369999999999
28072,-87.09069999999998
28061,-87.09069999999998
28050,-87.09069999999998
28039,-88.20969999999998
28028,-88.20969999999998
28017,-88.0607
28006,-88.0607
27995,-88.6527
27984,-88.6527
27973,-88.12669999999999
27962,-88.12669999999999
27951,-88.80869999999999
27940,-88.80869999999999
27929,-88.80869999999999
27918,-87.7657
27907,-87.7657
27896,-89.3727
27885,-89.3727
27874,-88.0187
27863,-88.0187
27852,-88.4767
27841,-88.4767
27830,-88.4767
27819,-87.8167
27808,-87.8167
27797,-88.3107
27786,-88.3107
27775,-88.2317
27764,-88.2317
27753,-87.69969999999999
27742,-87.69969999999999
27731,-87.69969999999999
27720,-87.2267
27709,-87.2267
27698,-87.4477
27687,-87.4477
27676,-87.0057
27665,-87.0057
27654,-86.8377
27643,-86.8377
27632,-87.1167
27621,-87.1167
27610,-87.1167
27599,-88.0037
27588,-88.0037
27577,-87.76969999999999
27566,-87.76969999999999
27555,-88.57369999999999
27544,-88.57369999999999
27533,-87.27669999999999
27522,-87.27669999999999
27511,-87.27669999999999
27500,-86.95369999999998
27489,-86.95369999999998
27478,-86.47169999999998
27467,-86.47169999999998
27456,-87.0957
27445,-87.0957
27434,-86.46069999999999
27423,-86.46069999999999
27412,-86.55369999999999
27401,-86.55369999999999
27390,-86.55369999999999
27379,-86.5577
27368,-86.5577
27357,-87.26469999999999
27346,-87.26469999999999
27335,-86.8847
27324,-86.8847
27313,-87.46669999999999
27302,-87.46669999999999
27291,-87.46669999999999
27280,-87.4387
27269,-87.4387
27258,-88.6827
27247,-88.6827
27236,-87.9387
27225,-87.9387
27214,-88.41269999999999
27203,-88.41269999999999
27192,-88.6417
27181,-88.6417
27170,-88.6417
27159,-89.1707
27148,-89.1707
27137,-86.2867
27126,-86.2867
27115,-86.82169999999999
27104,-86.82169999999999
27093,-86.28769999999999
27082,-86.28769999999999
27071,-86.28769999999999
27060,-85.5157
27049,-85.5157
27038,-85.51169999999999
27027,-85.51169999999999
27016,-86.2597
27005,-86.2597
26994,-85.79969999999999
26983,-85.79969999999999
26972,-86.0457
26961,-86.0457
26950,-86.0457
26939,-85.77969999999999
26928,-85.77969999999999
26917,-85.6767
26906,-85.6767
26895,-85.81769999999999
26884,-85.81769999999999
26873,-86.35869999999998
26862,-86.35869999999998
26851,-86.35869999999998
26840,-86.0607
26829,-86.0607
26818,-86.23969999999998
26807,-86.23969999999998
26796,-85.7187
26785,-85.7187
26774,-86.3507
26763,-86.3507
26752,-85.6797
26741,-85.6797
26730,-85.6797
26719,-85.7207
26708,-85.7207
26697,-84.9447
26686,-84.9447
26675,-86.1127
26664,-86.1127
26653,-85.4947
26642,-85.4947
26631,-85.4947
26620,-86.93669999999999
26609,-86.93669999999999
26598,-85.55369999999999
26587,-85.55369999999999
26576,-86.2747
26565,-86.2747
26554,-85.7747
26543,-85.7747
26532,-85.7387
26521,-85.7387
26510,-85.7387
26499,-85.8547
26488,-85.8547
26477,-86.2017
26466,-86.2017
26455,-85.8027
26444,-85.8027
26433,-87.0527
26422,-87.0527
26411,-87.0527
26400,-86.55569999999999
26389,-86.55569999999999
26378,-86.3967
26367,-86.3967
26356,-85.7447
26345,-85.7447
26334,-86.1007
26323,-86.1007
26312,-86.0307
26301,-86.0307
26290,-86.0307
26279,-86.4927
26268,-86.4927
26257,-85.39269999999999
26246,-85.39269999999999
26235,-85.4817
26224,-85.4817
26213,-86.3167
26202,-86.3167
26191,-86.3167
26180,-87.78169999999999
26169,-87.78169999999999
26158,-87.2727
26147,-87.2727
26136,-86.2077
26125,-86.2077
26114,-85.3447
26103,-85.3447
26092,-86.1307
26081,-86.1307
26070,-86.1307
26059,-85.7137
26048,-85.7137
26037,-85.3757
26026,-85.3757
26015,-85.7387
26004,-85.7387
25993,-85.64569999999999
25982,-85.64569999999999
25971,-85.64569999999999
25960,-86.6167
25949,-86.6167
25938,-87.26169999999999
25927,-87.26169999999999
25916,-87.25269999999999
25905,-87.25269999999999
25894,-87.6587
25883,-87.6587
25872,-87.13669999999999
25861,-87.13669999999999
25850,-87.13669999999999
25839,-88.0187
25828,-88.0187
25817,-87.07169999999999
25806,-87.07169999999999
25795,-87.60269999999998
25784,-87.60269999999998
25773,-86.79969999999999
25762,-86.79969999999999
25751,-86.79969999999999
25740,-86.54469999999999
25729,-86.54469999999999
25718,-85.7387
25707,-85.7387
25696,-85.65669999999999
25685,-85.65669999999999
25674,-86.0997
25663,-86.0997
25652,-87.3437
25641,-87.3437
25630,-87.3437
25619,-86.8737
25608,-86.8737
25597,-87.6307
25586,-87.6307
25575,-87.6307
25564,-87.6307
25553,-87.2597
25542,-87.2597
25531,-87.2597
25520,-85.59669999999998
25509,-85.59669999999998
25498,-85.2267
25487,-85.2267
25476,-85.12669999999999
25465,-85.12669999999999
25454,-84.86469999999998
25443,-84.86469999999998
25432,-82.9057
25421,-82.9057
25410,-82.9057
25399,-84.79369999999999
25388,-84.79369999999999
25377,-83.15669999999999
25366,-83.15669999999999
25355,-83.19369999999999
25344,-83.19369999999999
25333,-82.44869999999999
25322,-82.44869999999999
25311,-82.44869999999999
25300,-83.03169999999999
25289,-83.03169999999999
25278,-83.03169999999999
25267,-83.03169999999999
25256,-83.0807
25245,-83.0807
25234,-82.9327
25223,-82.9327
25212,-84.1307
25201,-84.1307
25190,-84.1307
25179,-83.7437
25168,-83.7437
25157,-83.8277
25146,-83.8277
25135,-83.92269999999999
25124,-83.92269999999999
25113,-84.6647
25102,-84.6647
25091,-84.6647
25080,-84.60269999999998
25069,-84.60269999999998
25058,-85.9807
25047,-85.9807
25036,-85.9057
25025,-85.9057
25014,-84.6497
25003,-84.6497
24992,-83.71569999999998
24981,-83.71569999999998
24970,-83.71569999999998
24959,-84.72269999999999
24948,-84.72269999999999
24937,-83.9817
24926,-83.9817
24915,-84.9767
24904,-84.9767
24893,-84.8747
24882,-84.8747
24871,-84.8747
24860,-85.6467
24849,-85.6467
24838,-84.8967
24827,-84.8967
24816,-85.3167
24805,-85.3167
24794,-85.4917
24783,-85.4917
24772,-85.6497
24761,-85.6497
24750,-85.6497
24739,-85.7627
24728,-85.7627
24717,-87.3397
24706,-87.3397
24695,-87.1187
24684,-87.1187
24673,-86.5887
24662,-86.5887
24651,-86.5887
24640,-86.3857
24629,-86.3857
24618,-86.52369999999999
24607,-86.52369999999999
24596,-86.6557
24585,-86.6557
24574,-85.90769999999999
24563,-85.90769999999999
24552,-85.2847
24541,-85.2847
24530,-85.2847
24519,-84.52969999999999
24508,-84.52969999999999
24497,-84.7447
24486,-84.7447
24475,-85.1917
24464,-85.1917
24453,-84.7427
24442,-84.7427
24431,-84.7427
24420,-85.0837
24409,-85.0837
24398,-85.1977
24387,-85.1977
24376,-86.6477
24365,-86.6477
24354,-86.2367
24343,-86.2367
24332,-86.4707
24321,-86.4707
24310,-86.4707
24299,-86.4707
24288,-86.4707
24277,-85.7327
24266,-85.7327
24255,-85.2557
24244,-85.2557
24233,-84.2867
24222,-84.2867
24211,-84.2867
24200,-83.4927
24189,-83.4927
24178,-82.7627
24167,-82.7627
24156,-82.98369999999998
24145,-82.98369999999998
24134,-83.5187
24123,-83.5187
24112,-83.09069999999998
24101,-83.09069999999998
24090,-83.09069999999998
24079,-83.9557
24068,-83.9557
24057,-83.46069999999999
24046,-83.46069999999999
24035,-84.05969999999999
24024,-84.05969999999999
24013,-83.7317
24002,-83.7317
23991,-83.7317
23980,-84.88669999999999
23969,-84.88669999999999
23958,-83.8607
23947,-83.8607
23936,-85.3397
23925,-85.3397
23914,-85.2787
23903,-85.2787
23892,-86.29969999999999
23881,-86.29969999999999
23870,-86.29969999999999
23859,-85.9817
23848,-85.9817
23837,-85.9627
23826,-85.9627
23815,-85.8807
23804,-85.8807
23793,-85.75869999999999
23782,-85.75869999999999
23771,-85.75869999999999
23760,-84.9997
23749,-84.9997
23738,-85.5547
23727,-85.5547
23716,-85.30069999999999
23705,-85.30069999999999
23694,-85.3857
23683,-85.3857
23672,-84.4647
23661,-84.4647
23650,-84.4647
23639,-83.7747
23628,-83.7747
23617,-83.7147
23606,-83.7147
23595,-83.8787
23584,-83.8787
23573,-83.97869999999999
23562,-83.97869999999999
23551,-83.97869999999999
23540,-83.8937
23529,-83.8937
23518,-83.89469999999999
23507,-83.89469999999999
23496,-84.02069999999999
23485,-84.02069999999999
23474,-83.4817
23463,-83.4817
23452,-84.3077
23441,-84.3077
23430,-84.3077
23419,-83.42269999999999
23408,-83.42269999999999
23397,-84.54169999999999
23386,-84.54169999999999
23375,-84.4447
23364,-84.4447
23353,-84.27369999999999
23342,-84.27369999999999
23331,-84.27369999999999
23320,-83.3727
23309,-83.3727
23298,-84.53269999999999
23287,-84.53269999999999
23276,-83.5527
23265,-83.5527
23254,-84.43669999999999
23243,-84.43669999999999
23232,-83.8367
23221,-83.8367
23210,-83.8367
23199,-84.4677
23188,-84.4677
23177,-84.4097
23166,-84.4097
23155,-85.78769999999999
23144,-85.78769999999999
23133,-84.66869999999999
23122,-84.66869999999999
23111,-84.66869999999999
23100,-83.9827
23089,-83.9827
23078,-82.82369999999999
23067,-82.82369999999999
23056,-84.3277
23045,-84.3277
23034,-83.2717
23023,-83.2717
23012,-83.7547
23001,-83.7547
22990,-83.7547
22979,-83.4807
22968,-83.4807
22957,-83.7687
22946,-83.7687
22935,-82.97869999999999
22924,-82.97869999999999
22913,-83.30969999999999
22902,-83.30969999999999
22891,-83.30969999999999
22880,-83.22769999999998
22869,-83.22769999999998
22858,-83.0287
22847,-83.0287
22836,-83.14269999999999
22825,-83.14269999999999
22814,-83.8317
22803,-83.8317
22792,-84.1597
22781,-84.1597
22770,-84.1597
22759,-85.4857
22748,-85.4857
22737,-85.0547
22726,-85.0547
22715,-85.8937
22704,-85.8937
22693,-85.0007
22682,-85.0007
22671,-85.0007
22660,-85.04169999999999
22649,-85.04169999999999
22638,-84.1647
22627,-84.1647
22616,-84.72869999999999
22605,-84.72869999999999
22594,-84.4087
22583,-84.4087
22572,-82.88969999999999
22561,-82.88969999999999
22550,-82.88969999999999
22539,-82.61569999999999
22528,-82.61569999999999
22517,-83.64869999999999
22506,-83.64869999999999
22495,-82.8167
22484,-82.8167
22473,-82.5937
22462,-82.5937
22451,-82.5937
22440,-82.4507
22429,-82.4507
22418,-82.7057
22407,-82.7057
22396,-83.19869999999999
22385,-83.19869999999999
22374,-83.43769999999999
22363,-83.43769999999999
22352,-83.43769999999999
22341,-83.2077
22330,-83.2077
22319,-83.75269999999999
22308,-83.75269999999999
22297,-83.33569999999999
22286,-83.33569999999999
22275,-83.9647
22264,-83.9647
22253,-83.6227
22242,-83.6227
22231,-83.6227
22220,-82.76469999999999
22209,-82.76469999999999
22198,-82.65669999999999
22187,-82.65669999999999
22176,-83.5937
22165,-83.5937
22154,-82.8757
22143,-82.8757
22132,-82.8757
22121,-82.61569999999999
22110,-82.61569999999999
22099,-82.8807
22088,-82.8807
22077,-83.05569999999999
22066,-83.05569999999999
22055,-83.82169999999999
22044,-83.82169999999999
22033,-84.94369999999999
22022,-84.94369999999999
22011,-84.94369999999999
22000,-84.1287
21989,-84.1287
21978,-85.25269999999999
21967,-85.25269999999999
21956,-84.3047
21945,-84.3047
21934,-83.44869999999999
21923,-83.44869999999999
21912,-83.44869999999999
21901,-83.4057
21890,-83.4057
21879,-84.21669999999999
21868,-84.21669999999999
21857,-83.5577
21846,-83.5577
21835,-84.6077
21824,-84.6077
21813,-84.6077
21802,-84.6077
21791,-84.6077
21780,-84.87169999999999
21769,-84.87169999999999
21758,-84.6077
21747,-84.6077
21736,-85.26369999999999
21725,-85.26369999999999
21714,-84.56869999999999
21703,-84.56869999999999
21692,-84.56869999999999
21681,-85.4267
21670,-85.4267
21659,-84.9567
21648,-84.9567
21637,-85.8787
21626,-85.8787
21615,-84.7627
21604,-84.7627
21593,-84.6647
21582,-84.6647
21571,-84.6647
21560,-83.8847
21549,-83.8847
21538,-83.5247
21527,-83.5247
21516,-83.43169999999999
21505,-83.43169999999999
21494,-83.9357
21483,-83.9357
21472,-83.9357
21461,-82.8307
21450,-82.8307
21439,-83.8557
21428,-83.8557
21417,-82.9447
21406,-82.9447
21395,-84.0127
21384,-84.0127
21373,-83.9677
21362,-83.9677
21351,-83.9677
21340,-83.7117
21329,-83.7117
21318,-83.4357
21307,-83.4357
21296,-84.32169999999999
21285,-84.32169999999999
21274,-83.68669999999999
21263,-83.68669999999999
21252,-83.68669999999999
21241,-83.94869999999999
21230,-83.94869999999999
21219,-83.94869999999999
21208,-83.94869999999999
21197,-85.17869999999999
21186,-85.17869999999999
21175,-84.4207
21164,-84.4207
21153,-83.52569999999999
21142,-83.52569999999999
21131,-83.52569999999999
21120,-82.70969999999998
21109,-82.70969999999998
21098,-82.6827
21087,-82.6827
21076,-83.57169999999999
21065,-83.57169999999999
21054,-84.72269999999999
21043,-84.72269999999999
21032,-84.72269999999999
21021,-83.8377
21010,-83.8377
20999,-85.0427
20988,-85.0427
20977,-84.4867
20966,-84.4867
20955,-84.4797
20944,-84.4797
20933,-84.32169999999999
20922,-84.32169999999999
20911,-84.32169999999999
20900,-83.9617
20889,-83.9617
20878,-83.9447
20867,-83.9447
20856,-84.47769999999998
20845,-84.47769999999998
20834,-83.53769999999999
20823,-83.53769999999999
20812,-83.53769999999999
20801,-84.0587
20790,-84.0587
20779,-82.89569999999999
20768,-82.89569999999999
20757,-83.26169999999999
20746,-83.26169999999999
20735,-83.0587
20724,-83.0587
20713,-82.54369999999999
20702,-82.54369999999999
20691,-82.54369999999999
20680,-81.8607
20669,-81.8607
20658,-82.4037
20647,-82.4037
20636,-82.38969999999999
20625,-82.38969999999999
20614,-82.2787
20603,-82.2787
20592,-82.2787
20581,-81.32369999999999
20570,-81.32369999999999
20559,-82.1007
20548,-82.1007
20537,-81.7497
20526,-81.7497
20515,-81.8027
20504,-81.8027
20493,-81.88369999999999
20482,-81.88369999999999
20471,-81.88369999999999
20460,-82.1227
20449,-82.1227
20438,-82.3977
20427,-82.3977
20416,-83.28769999999999
20405,-83.28769999999999
20394,-83.38869999999999
20383,-83.38869999999999
20372,-83.38869999999999
20361,-85.4687
20350,-85.4687
20339,-85.1657
20328,-85.1657
20317,-83.2867
20306,-83.2867
20295,-81.70369999999998
20284,-81.70369999999998
20273,-81.7957
20262,-81.7957
20251,-81.7957
20240,-82.32169999999999
20229,-82.32169999999999
20218,-83.18469999999999
20207,-83.18469999999999
20196,-82.5887
20185,-82.5887
20174,-82.43469999999999
20163,-82.43469999999999
20152,-82.43469999999999
20141,-82.22869999999999
20130,-82.22869999999999
20119,-82.8137
20108,-82.8137
20097,-81.7957
20086,-81.7957
20075,-81.9637
20064,-81.9637
20053,-81.65769999999999
20042,-81.65769999999999
20031,-81.65769999999999
20020,-82.4387
20009,-82.4387
19000,-82.7993
18900,-83.45729999999999
18800,-83.0733
18700,-82.75529999999999
18600,-83.5543
18500,-84.14829999999999
18400,-82.0093
18300,-83.2463
18200,-83.2533
18100,-83.2053
18000,-82.6863
17900,-82.99329999999999
17800,-82.0933
17700,-83.65429999999999
17600,-82.8013
17500,-83.6793
17400,-82.55829999999999
17300,-82.5953
17200,-81.4943
17100,-81.37329999999999
17000,-82.1323
16900,-82.0193
16800,-82.9943
16700,-82.2023
16600,-82.9463
16500,-81.6343
16400,-81.03429999999999
16300,-81.4463
16200,-81.64229999999999
16100,-81.23029999999999
16000,-80.1373
15900,-80.4363
15800,-81.2513
15700,-80.8283
15600,-81.2763
15500,-80.3133
15400,-80.9023
15300,-81.0333
15200,-79.9733
15100,-82.5093
15000,-81.8833
14900,-82.2333
14800,-81.7623
14700,-81.9583
14600,-79.7503
14500,-79.1273
14400,-81.2223
14300,-80.3993
14200,-80.6493
14100,-80.86829999999999
14000,-80.1453
13900,-80.6333
13800,-81.3063
13700,-79.7593
13600,-80.78529999999999
13500,-79.86229999999999
13400,-80.1823
13300,-80.41029999999999
13200,-79.66529999999999
13100,-78.5423
13000,-80.9003
12900,-80.8643
12800,-81.0313
12700,-80.1323
12600,-78.7693
12500,-78.2633
12400,-79.7563
12300,-79.02229999999999
12200,-77.91329999999999
12100,-79.6793
12000,-77.9413
11900,-79.77929999999999
11800,-78.1163
11700,-77.76129999999999
11600,-79.4553
11500,-78.53829999999999
11400,-78.09929999999999
11300,-78.7583
11200,-79.9553
11100,-78.86229999999999
11000,-78.4173
10900,-79.86229999999999
10800,-79.1503
10700,-78.2153
10600,-77.7833
10500,-78.36729999999999
10400,-78.2283
10300,-77.40929999999999
10200,-76.78529999999999
10100,-77.5623
10000,-76.4433
9900,-77.1163
9800,-77.07629999999999
9700,-77.0653
9600,-76.4913
9500,-76.79629999999999
9400,-77.6343
9300,-78.2463
9200,-75.0563
9100,-76.5813
9000,-76.3373
8900,-79.1433
8800,-77.33229999999999
8700,-76.28429999999999
8600,-76.65429999999999
8500,-78.0563
8400,-76.2263
8300,-75.8693
8200,-76.8183
8100,-74.1763
8000,-74.8393
7900,-76.0573
7800,-75.18929999999999
7700,-76.1283
7600,-74.7583
7500,-75.2203
7400,-74.90429999999999
7300,-74.5953
7200,-75.8823
7100,-76.10629999999999
7000,-75.2583
6900,-73.9833
6800,-72.6193
6700,-74.5543
6600,-74.46329999999999
6500,-74.25429999999999
6400,-73.78429999999999
6300,-73.1923
6200,-74.12929999999999
6100,-74.6923
6000,-72.3223
5900,-73.96929999999999
5800,-75.1083
5700,-75.3063
5600,-74.6153
5500,-73.41329999999999
5400,-72.82029999999999
5300,-73.3643
5200,-71.5773
5100,-72.5253
5000,-72.5203
4900,-72.4783
4800,-72.92229999999999
4700,-72.8283
4600,-72.79629999999999
4500,-72.31429999999999
4400,-72.9053
4300,-71.5423
4200,-73.9323
4100,-72.03829999999999
4000,-73.15729999999999
3900,-72.2163
3800,-71.24829999999999
3700,-72.3523
3600,-72.7453
3500,-73.3603
3400,-74.2623
3300,-72.12329999999999
3200,-72.5503
3100,-73.7953
3000,-72.2683
2900,-72.91629999999999
2800,-72.0303
2700,-72.42129999999999
2600,-72.74229999999999
2500,-73.2323
2400,-72.6683
2300,-74.3763
2200,-74.7703
2100,-73.64229999999999
2000,-74.57629999999999
1990,-74.9463
1980,-74.90329999999999
1970,-74.59929999999999
1960,-74.17729999999999
1950,-73.8723
1940,-73.7003
1930,-73.53529999999999
1920,-73.0663
1910,-73.0483
1900,-73.2413
1890,-73.3133
1880,-73.61829999999999
1870,-74.3283
1860,-75.3763
1850,-75.5603
1840,-76.2403
1830,-76.43929999999999
1820,-76.51629999999999
1810,-77.04429999999999
1800,-76.3543
1790,-76.5813
1780,-75.86829999999999
1770,-75.2333
1760,-74.9423
1750,-74.2083
1740,-74.20129999999999
1730,-73.43329999999999
1720,-74.29429999999999
1710,-75.02929999999999
1700,-74.83829999999999
1690,-74.4003
1680,-74.8213
1670,-74.9893
1660,-74.74229999999999
1650,-75.17129999999999
1640,-75.78829999999999
1630,-75.6403
1620,-75.0743
1610,-74.8063
1600,-74.8523
1590,-74.8113
1580,-74.0433
1570,-74.3473
1560,-74.9443
1550,-75.4483
1540,-76.3333
1530,-76.41629999999999
1520,-76.01029999999999
1510,-75.4143
1500,-75.6263
1490,-76.04729999999999
1480,-75.99829999999999
1470,-76.05229999999999
1460,-76.17129999999999
1450,-76.0893
1440,-76.48029999999999
1430,-76.24229999999999
1420,-76.2113
1410,-75.85029999999999
1400,-75.8093
1390,-76.2683
1380,-76.0683
1370,-76.1763
1360,-76.1673
1350,-75.88529999999999
1340,-75.5253
1330,-75.33829999999999
1320,-75.4023
1310,-75.0503
1300,-75.39729999999999
1290,-75.9293
1280,-76.9303
1270,-76.3963
1260,-75.7053
1250,-74.6103
1240,-74.0493
1230,-73.98129999999999
1220,-74.8473
1210,-74.8463
1200,-74.5973
1190,-74.2923
1180,-74.9623
1170,-74.4613
1160,-75.58229999999999
1150,-75.74829999999999
1140,-75.3123
1130,-75.61129999999999
1120,-75.8823
1110,-75.9083
1100,-75.6903
1099,-75.6903
1098,-75.6903
1097,-75.6903
1096,-75.9733
1095,-75.9733
1094,-75.9733
1093,-75.9733
1092,-75.9733
1091,-75.6753
1090,-75.6753
1089,-75.6753
1088,-75.6753
1087,-75.6753
1086,-75.5983
1085,-75.5983
1084,-75.5983
1083,-75.5983
1082,-75.5983
1081,-75.8033
1080,-75.8033
1079,-75.8033
1078,-75.8033
1077,-75.7993
1076,-75.7993
1075,-75.7993
1074,-75.7993
1073,-75.7993
1072,-75.65429999999999
1071,-75.65429999999999
1070,-75.65429999999999
1069,-75.65429999999999
1068,-75.65429999999999
1067,-75.8283
1066,-75.8283
1065,-75.8283
1064,-75.8283
1063,-75.8283
1062,-75.9123
1061,-75.9123
1060,-75.9123
1059,-75.9123
1058,-75.9123
1057,-76.27929999999999
1056,-76.27929999999999
1055,-76.27929999999999
1054,-76.27929999999999
1053,-76.27929999999999
1052,-75.92129999999999
1051,-75.92129999999999
1050,-75.92129999999999
1049,-75.92129999999999
1048,-75.92129999999999
1047,-76.42229999999999
1046,-76.42229999999999
1045,-76.42229999999999
1044,-76.42229999999999
1043,-76.42229999999999
1042,-75.9903
1041,-75.9903
1040,-75.9903
1039,-75.9903
1038,-75.9903
1037,-75.8893
1036,-75.8893
1035,-75.8893
1034,-75.8893
1033,-76.0873
1032,-76.0873
1031,-76.0873
1030,-76.0873
1029,-76.0873
1028,-76.9503
1027,-76.9503
1026,-76.9503
1025,-76.9503
1024,-76.9503
1023,-76.6093
1022,-76.6093
1021,-76.6093
1020,-76.6093
1019,-76.6093
1018,-76.3643
1017,-76.3643
1016,-76.3643
1015,-76.3643
1014,-76.3643
1013,-76.0153
1012,-76.0153
1011,-76.0153
1010,-76.0153
1009,-76.0153
1008,-76.0393
1007,-76.0393
1006,-76.0393
1005,-76.0393
1004,-76.0393
1003,-76.3593
1002,-76.3593
1001,-76.3593
1000,-76.3593
