10000000,-132.3222
9900000,-131.0132
9800000,-131.63920000000002
9700000,-130.72920000000002
9600000,-132.0492
9500000,-130.5352
9400000,-131.91320000000002
9300000,-131.2312
9200000,-131.5482
9100000,-132.2622
9000000,-132.5492
8900000,-132.8802
8800000,-131.34720000000002
8700000,-131.13920000000002
8600000,-131.1892
8500000,-132.5052
8400000,-132.36620000000002
8300000,-131.76520000000002
8200000,-131.7422
8100000,-131.40720000000002
8000000,-130.8552
7900000,-131.8142
7800000,-132.89620000000002
7700000,-133.1532
7600000,-130.94920000000002
7500000,-131.3992
7400000,-132.15120000000002
7300000,-130.9522
7200000,-131.7722
7100000,-131.9862
7000000,-133.2452
6900000,-131.7552
6800000,-131.1182
6700000,-132.0352
6600000,-130.6672
6500000,-132.26420000000002
6400000,-131.6262
6300000,-130.9872
6200000,-131.40820000000002
6100000,-130.5592
6000000,-130.3732
5900000,-130.87720000000002
5800000,-130.3582
5700000,-132.57920000000001
5600000,-131.7572
5500000,-131.1252
5400000,-132.9932
5300000,-131.60320000000002
5200000,-133.2242
5100000,-131.1852
5000000,-131.29420000000002
4900000,-131.84720000000002
4800000,-132.1862
4700000,-130.7152
4600000,-131.4832
4500000,-131.04520000000002
4400000,-132.2422
4300000,-129.6232
4200000,-130.44920000000002
4100000,-130.90720000000002
4000000,-131.1962
3900000,-130.6072
3800000,-131.39620000000002
3700000,-130.0592
3600000,-130.4932
3500000,-130.75320000000002
3400000,-131.5952
3300000,-131.3812
3200000,-131.88920000000002
3100000,-131.2852
3000000,-130.4062
2900000,-130.7142
2800000,-130.63320000000002
2700000,-129.7842
2600000,-129.8172
2500000,-131.1322
2400000,-131.50320000000002
2300000,-131.30120000000002
2200000,-129.70420000000001
2100000,-130.3682
2000000,-130.7552
1900000,-130.1242
1800000,-129.9472
1700000,-130.8112
1600000,-129.9482
1500000,-129.9942
1400000,-129.2482
1300000,-127.8352
1200000,-127.73719999999999
1190000,-127.44619999999999
1180000,-127.9722
1170000,-128.0642
1160000,-128.2152
1150000,-128.1532
1149000,-128.1532
1148000,-128.1552
1147000,-128.1552
1146000,-128.1552
1145000,-128.08520000000001
1144000,-128.08520000000001
1143000,-128.08520000000001
1142000,-128.0902
1141000,-128.0902
1140000,-128.2842
1139000,-128.2842
1138000,-128.2842
1137000,-128.3232
1136000,-128.3232
1135000,-128.3232
1134000,-128.3272
1133000,-128.3272
1132000,-128.35920000000002
1131000,-128.35920000000002
1130000,-128.35920000000002
1129000,-128.33620000000002
1128000,-128.33620000000002
1127000,-128.33620000000002
1126000,-128.22220000000002
1125000,-128.22220000000002
1124000,-127.90919999999998
1123000,-127.90919999999998
1122000,-127.90919999999998
1121000,-127.8952
1120000,-127.8952
1119000,-127.8952
1118000,-127.8942
1117000,-127.8942
1116000,-127.8942
1115000,-127.91420000000001
1114000,-127.91420000000001
1113000,-128.0722
1112000,-128.0722
1111000,-128.0722
1110000,-128.05120000000002
1109000,-128.05120000000002
1108000,-128.05120000000002
1107000,-128.0352
1106000,-128.0352
1105000,-128.0282
1104000,-128.0282
1103000,-128.0282
1102000,-128.2082
1101000,-128.2082
1100000,-128.2082
1099000,-128.25220000000002
1098000,-128.25220000000002
1097000,-128.2672
1096000,-128.2672
1095000,-128.2672
1094000,-127.93919999999999
1093000,-127.93919999999999
1092000,-127.93919999999999
1091000,-127.9122
1090000,-127.9122
1089000,-128.0482
1088000,-128.0482
1087000,-128.0482
1086000,-127.8172
1085000,-127.8172
1084000,-127.8172
1083000,-127.4352
1082000,-127.4352
1081000,-126.9472
1080000,-126.9472
1079000,-126.9472
1078000,-126.83219999999999
1077000,-126.83219999999999
1076000,-126.83219999999999
1075000,-126.3892
1074000,-126.3892
1073000,-126.22419999999998
1072000,-126.22419999999998
1071000,-126.22419999999998
1070000,-126.05819999999999
1069000,-126.05819999999999
1068000,-126.05819999999999
1067000,-126.1082
1066000,-126.1082
1065000,-126.1082
1064000,-126.1672
1063000,-126.1672
1062000,-126.13619999999999
1061000,-126.13619999999999
1060000,-126.13619999999999
1059000,-126.4132
1058000,-126.4132
1057000,-126.4132
1056000,-126.6982
1055000,-126.6982
1054000,-126.8462
1053000,-126.8462
1052000,-126.8462
1051000,-127.0562
1050000,-127.0562
1049000,-127.0562
1048000,-127.03419999999998
1047000,-127.03419999999998
1046000,-126.70219999999999
1045000,-126.70219999999999
1044000,-126.70219999999999
1043000,-126.63019999999999
1042000,-126.63019999999999
1041000,-126.63019999999999
1040000,-126.35019999999999
1039000,-126.35019999999999
1038000,-126.3482
1037000,-126.3482
1036000,-126.3482
1035000,-126.20719999999999
1034000,-126.20719999999999
1033000,-126.20719999999999
1032000,-126.1622
1031000,-126.1622
1030000,-126.14719999999998
1029000,-126.14719999999998
1028000,-126.14719999999998
1027000,-126.2452
1026000,-126.2452
1025000,-126.2452
1024000,-126.32519999999998
1023000,-126.32519999999998
1022000,-126.32519999999998
1021000,-126.3832
1020000,-126.3832
1019000,-126.38019999999999
1018000,-126.38019999999999
1017000,-126.38019999999999
1016000,-126.52720000000001
1015000,-126.52720000000001
1014000,-126.52720000000001
1013000,-126.6632
1012000,-126.6632
1011000,-126.64719999999998
1010000,-126.64719999999998
1009000,-126.64719999999998
1008000,-126.65919999999998
1007000,-126.65919999999998
1006000,-126.65919999999998
1005000,-126.4062
1004000,-126.4062
1003000,-126.4062
1002000,-126.4062
1001000,-126.4062
1000000,-126.44519999999999
999000,-126.9002
989000,-127.55319999999999
979000,-127.35019999999999
969000,-125.2112
959000,-126.81419999999999
949000,-125.72619999999999
939000,-126.71219999999998
929000,-126.9492
919000,-126.65419999999999
909000,-124.7172
899000,-125.41619999999999
889000,-127.08119999999998
879000,-126.48119999999999
869000,-128.1892
859000,-125.9232
849000,-126.02819999999998
839000,-126.4242
829000,-126.46219999999998
819000,-123.89620000000001
809000,-124.4972
799000,-124.3592
789000,-124.33219999999999
779000,-124.52319999999999
769000,-124.8942
759000,-123.82619999999999
749000,-123.55219999999998
739000,-124.3162
729000,-124.4542
719000,-124.52219999999998
709000,-124.76019999999998
699000,-123.95119999999999
689000,-123.22019999999999
679000,-124.5132
669000,-124.05319999999999
659000,-122.08119999999998
649000,-122.32519999999998
639000,-123.76019999999998
629000,-123.0672
619000,-123.03419999999998
609000,-123.29019999999998
599000,-122.3182
589000,-122.4172
579000,-122.5132
569000,-120.76520000000001
559000,-123.1912
549000,-122.52819999999998
539000,-120.2642
529000,-120.7292
519000,-119.98219999999999
509000,-121.37919999999998
499000,-121.2802
489000,-121.43220000000001
479000,-122.4132
469000,-120.79719999999999
459000,-121.19519999999999
449000,-119.6382
439000,-120.48819999999999
429000,-121.1032
419000,-121.85619999999999
409000,-120.9532
399000,-120.5612
389000,-122.03920000000001
379000,-121.75519999999999
369000,-118.46319999999999
359000,-117.84919999999998
349000,-119.4542
339000,-117.45119999999999
329000,-119.28519999999999
319000,-119.3112
309000,-118.48119999999999
299000,-117.8402
289000,-116.0142
279000,-117.05919999999999
269000,-117.54119999999999
259000,-115.74819999999998
249000,-116.6092
239000,-116.23619999999998
229000,-115.68820000000001
219000,-115.20219999999999
209000,-115.6692
199000,-115.04520000000001
198000,-114.8702
197000,-115.02819999999998
196000,-114.7572
195000,-114.92020000000001
194000,-115.3052
193000,-115.44420000000001
192000,-115.02219999999998
191000,-114.75419999999998
190000,-114.1562
189000,-113.7922
188000,-113.63119999999999
187000,-113.2572
186000,-113.04719999999999
185000,-112.6282
184000,-112.9912
183000,-113.1082
182000,-113.31419999999999
181000,-113.2092
180000,-112.9012
179000,-113.49819999999998
178000,-113.7692
177000,-114.08119999999998
176000,-113.28519999999999
175000,-113.31920000000001
174000,-113.73719999999999
173000,-113.00619999999999
172000,-112.58919999999999
171000,-112.40220000000001
170000,-112.7292
169000,-112.8182
168000,-112.13719999999999
167000,-112.16619999999999
166000,-111.6492
165000,-111.7802
164000,-112.1872
163000,-111.76719999999999
162000,-111.4312
161000,-111.57519999999998
160000,-111.61319999999999
159000,-111.5982
158000,-111.92819999999999
157000,-112.14119999999998
156000,-111.8112
155000,-110.38519999999998
154000,-110.83219999999999
153000,-110.3542
152000,-111.02720000000001
151000,-111.02319999999999
150000,-110.44420000000001
149900,-110.44420000000001
149800,-110.44420000000001
149700,-110.33919999999999
149600,-110.33919999999999
149500,-110.0012
149400,-110.0012
149300,-109.98019999999998
149200,-109.98019999999998
149100,-109.98019999999998
149000,-109.9892
148900,-109.9892
148800,-109.7522
148700,-109.7522
148600,-109.7522
148500,-109.4552
148400,-109.4552
148300,-109.44519999999999
148200,-109.44519999999999
148100,-109.44519999999999
148000,-109.3822
147900,-109.3822
147800,-109.4072
147700,-109.4072
147600,-109.57719999999999
147500,-109.57719999999999
147400,-109.57719999999999
147300,-109.73719999999999
147200,-109.73719999999999
147100,-109.92119999999998
147000,-109.92119999999998
146900,-109.92119999999998
146800,-109.89719999999998
146700,-109.89719999999998
146600,-109.61119999999998
146500,-109.61119999999998
146400,-109.61119999999998
146300,-109.1152
146200,-109.1152
146100,-108.7352
146000,-108.7352
145900,-108.7352
145800,-108.66420000000001
145700,-108.66420000000001
145600,-108.74919999999999
145500,-108.74919999999999
145400,-109.03419999999998
145300,-109.03419999999998
145200,-109.03419999999998
145100,-109.13719999999999
145000,-109.13719999999999
144900,-109.1392
144800,-109.1392
144700,-109.1392
144600,-109.1692
144500,-109.1692
144400,-109.1162
144300,-109.1162
144200,-109.1162
144100,-109.29019999999998
144000,-109.29019999999998
143900,-109.7162
143800,-109.7162
143700,-109.7162
143600,-109.9902
143500,-109.9902
143400,-110.0732
143300,-110.0732
143200,-110.05120000000001
143100,-110.05120000000001
143000,-110.05120000000001
142900,-110.1492
142800,-110.1492
142700,-110.13619999999999
142600,-110.13619999999999
142500,-110.13619999999999
142400,-110.0092
142300,-110.0092
142200,-109.88619999999999
142100,-109.88619999999999
142000,-109.88619999999999
141900,-109.9052
141800,-109.9052
141700,-110.02120000000001
141600,-110.02120000000001
141500,-110.02120000000001
141400,-109.59919999999998
141300,-109.59919999999998
141200,-109.57619999999999
141100,-109.57619999999999
141000,-109.58919999999999
140900,-109.58919999999999
140800,-109.58919999999999
140700,-109.4072
140600,-109.4072
140500,-108.94019999999999
140400,-108.94019999999999
140300,-108.94019999999999
140200,-108.8112
140100,-108.8112
140000,-108.80919999999999
139900,-108.80919999999999
139800,-108.80919999999999
139700,-108.7342
139600,-108.7342
139500,-108.72619999999999
139400,-108.72619999999999
139300,-108.72619999999999
139200,-108.80919999999999
139100,-108.80919999999999
139000,-108.91420000000001
138900,-108.91420000000001
138800,-109.1202
138700,-109.1202
138600,-109.1202
138500,-109.28419999999998
138400,-109.28419999999998
138300,-109.3422
138200,-109.3422
138100,-109.3422
138000,-109.43220000000001
137900,-109.43220000000001
137800,-109.2822
137700,-109.2822
137600,-109.2822
137500,-109.28519999999999
137400,-109.28519999999999
137300,-108.9712
137200,-108.9712
137100,-108.8842
137000,-108.8842
136900,-108.8842
136800,-108.79719999999999
136700,-108.79719999999999
136600,-108.59319999999998
136500,-108.59319999999998
136400,-108.59319999999998
136300,-108.2572
136200,-108.2572
136100,-108.0792
136000,-108.0792
135900,-108.0792
135800,-108.0792
135700,-108.0792
135600,-108.18319999999999
135500,-108.18319999999999
135400,-108.18319999999999
135300,-108.4012
135200,-108.4012
135100,-108.5972
135000,-108.5972
134900,-108.5862
134800,-108.5862
134700,-108.5862
134600,-108.3472
134500,-108.3472
134400,-108.27319999999999
134300,-108.27319999999999
134200,-108.27319999999999
134100,-107.95019999999998
134000,-107.95019999999998
133900,-107.92119999999998
133800,-107.92119999999998
133700,-107.92119999999998
133600,-107.9962
133500,-107.9962
133400,-108.1752
133300,-108.1752
133200,-108.1752
133100,-108.02919999999999
133000,-108.02919999999999
132900,-107.9412
132800,-107.9412
132700,-107.9312
132600,-107.9312
132500,-107.9312
132400,-107.82719999999999
132300,-107.82719999999999
132200,-107.79619999999998
132100,-107.79619999999998
132000,-107.79619999999998
131900,-107.8582
131800,-107.8582
131700,-108.11819999999999
131600,-108.11819999999999
131500,-108.11819999999999
131400,-107.94619999999999
131300,-107.94619999999999
131200,-107.97519999999999
131100,-107.97519999999999
131000,-107.97519999999999
130900,-108.00419999999998
130800,-108.00419999999998
130700,-108.0542
130600,-108.0542
130500,-108.2882
130400,-108.2882
130300,-108.2882
130200,-108.3222
130100,-108.3222
130000,-108.61719999999998
129900,-108.61719999999998
129800,-108.61719999999998
129700,-108.9302
129600,-108.9302
129500,-108.99319999999999
129400,-108.99319999999999
129300,-108.99319999999999
129200,-109.00619999999999
129100,-109.00619999999999
129000,-109.13119999999999
128900,-109.13119999999999
128800,-109.13119999999999
128700,-109.2932
128600,-109.2932
128500,-109.5302
128400,-109.5302
128300,-109.61219999999999
128200,-109.61219999999999
128100,-109.61219999999999
128000,-109.45719999999999
127900,-109.45719999999999
127800,-109.0302
127700,-109.0302
127600,-109.0302
127500,-108.87419999999999
127400,-108.87419999999999
127300,-108.84419999999999
127200,-108.84419999999999
127100,-108.84419999999999
127000,-108.9232
126900,-108.9232
126800,-109.01119999999999
126700,-109.01119999999999
126600,-108.8882
126500,-108.8882
126400,-108.8882
126300,-108.7592
126200,-108.7592
126100,-108.7592
126000,-108.7592
125900,-108.7592
125800,-108.82619999999999
125700,-108.82619999999999
125600,-108.86119999999998
125500,-108.86119999999998
125400,-108.86119999999998
125300,-108.8112
125200,-108.8112
125100,-108.3702
125000,-108.3702
124900,-108.3702
124800,-108.24419999999999
124700,-108.24419999999999
124600,-108.26019999999998
124500,-108.26019999999998
124400,-108.31519999999999
124300,-108.31519999999999
124200,-108.31519999999999
124100,-108.46219999999998
124000,-108.46219999999998
123900,-108.5722
123800,-108.5722
123700,-108.5722
123600,-108.56419999999999
123500,-108.56419999999999
123400,-108.6732
123300,-108.6732
123200,-108.6732
123100,-108.5682
123000,-108.5682
122900,-108.1092
122800,-108.1092
122700,-108.1092
122600,-108.0252
122500,-108.0252
122400,-107.81519999999999
122300,-107.81519999999999
122200,-107.4772
122100,-107.4772
122000,-107.4772
121900,-107.39119999999998
121800,-107.39119999999998
121700,-107.39119999999998
121600,-107.39119999999998
121500,-107.39119999999998
121400,-107.50519999999999
121300,-107.50519999999999
121200,-107.5022
121100,-107.5022
121000,-107.5022
120900,-107.4652
120800,-107.4652
120700,-106.96319999999999
120600,-106.96319999999999
120500,-106.96319999999999
120400,-106.8892
120300,-106.8892
120200,-106.5602
120100,-106.5602
120000,-106.57019999999999
119900,-106.57019999999999
119800,-106.57019999999999
119700,-106.74919999999999
119600,-106.74919999999999
119500,-106.9902
119400,-106.9902
119300,-106.9902
119200,-107.13119999999999
119100,-107.13119999999999
119000,-107.2762
118900,-107.2762
118800,-107.2762
118700,-107.51219999999999
118600,-107.51219999999999
118500,-107.59419999999999
118400,-107.59419999999999
118300,-107.7862
118200,-107.7862
118100,-107.7862
118000,-107.7822
117900,-107.7822
117800,-107.6212
117700,-107.6212
117600,-107.6212
117500,-107.62419999999999
117400,-107.62419999999999
117300,-107.5612
117200,-107.5612
117100,-107.5612
117000,-107.24419999999999
116900,-107.24419999999999
116800,-106.8362
116700,-106.8362
116600,-106.8362
116500,-106.52319999999999
116400,-106.52319999999999
116300,-106.55219999999998
116200,-106.55219999999998
116100,-106.8932
116000,-106.8932
115900,-106.8932
115800,-107.0492
115700,-107.0492
115600,-107.02219999999998
115500,-107.02219999999998
115400,-107.02219999999998
115300,-107.02720000000001
115200,-107.02720000000001
115100,-106.58819999999999
115000,-106.58819999999999
114900,-106.58819999999999
114800,-106.2172
114700,-106.2172
114600,-105.9382
114500,-105.9382
114400,-105.9382
114300,-105.6212
114200,-105.6212
114100,-105.5572
114000,-105.5572
113900,-105.5562
113800,-105.5562
113700,-105.5562
113600,-105.6442
113500,-105.6442
113400,-105.6552
113300,-105.6552
113200,-105.6552
113100,-105.59519999999999
113000,-105.59519999999999
112900,-105.3882
112800,-105.3882
112700,-105.3882
112600,-105.33819999999999
112500,-105.33819999999999
112400,-105.3342
112300,-105.3342
112200,-105.3342
112100,-105.4622
112000,-105.4622
111900,-105.69019999999999
111800,-105.69019999999999
111700,-105.60019999999999
111600,-105.60019999999999
111500,-105.60019999999999
111400,-105.5782
111300,-105.5782
111200,-105.7122
111100,-105.7122
111000,-105.7122
110900,-105.35019999999999
110800,-105.35019999999999
110700,-105.1552
110600,-105.1552
110500,-105.1552
110400,-105.1392
110300,-105.1392
110200,-105.2002
110100,-105.2002
110000,-105.2002
109900,-105.5192
109800,-105.5192
109700,-105.8832
109600,-105.8832
109500,-105.9352
109400,-105.9352
109300,-105.9352
109200,-106.0042
109100,-106.0042
109000,-106.27720000000001
108900,-106.27720000000001
108800,-106.27720000000001
108700,-106.47419999999998
108600,-106.47419999999998
108500,-106.44619999999999
108400,-106.44619999999999
108300,-106.44619999999999
108200,-106.38019999999999
108100,-106.38019999999999
108000,-106.41420000000001
107900,-106.41420000000001
107800,-106.5242
107700,-106.5242
107600,-106.5242
107500,-106.52319999999999
107400,-106.52319999999999
107300,-106.55219999999998
107200,-106.55219999999998
107100,-106.55219999999998
107000,-106.1732
106900,-106.1732
106800,-105.7282
106700,-105.7282
106600,-105.7282
106500,-105.4202
106400,-105.4202
106300,-105.2872
106200,-105.2872
106100,-105.2872
106000,-105.0392
105900,-105.0392
105800,-104.6802
105700,-104.6802
105600,-104.6802
105500,-104.6802
105400,-104.6802
105300,-104.7982
105200,-104.7982
105100,-104.8852
105000,-104.8852
104900,-104.8852
104800,-105.0552
104700,-105.0552
104600,-105.3232
104500,-105.3232
104400,-105.3232
104300,-105.59419999999999
104200,-105.59419999999999
104100,-105.65419999999999
104000,-105.65419999999999
103900,-105.65419999999999
103800,-105.6562
103700,-105.6562
103600,-105.5022
103500,-105.5022
103400,-105.5442
103300,-105.5442
103200,-105.5442
103100,-105.58919999999999
103000,-105.58919999999999
102900,-104.9862
102800,-104.9862
102700,-104.9862
102600,-104.3432
102500,-104.3432
102400,-104.2362
102300,-104.2362
102200,-104.2362
102100,-104.27319999999999
102000,-104.27319999999999
101900,-104.1862
101800,-104.1862
101700,-104.1862
101600,-104.0212
101500,-104.0212
101400,-103.87819999999999
101300,-103.87819999999999
101200,-103.7482
101100,-103.7482
101000,-103.7482
100900,-103.4552
100800,-103.4552
100700,-103.05919999999999
100600,-103.05919999999999
100500,-103.05919999999999
100400,-102.8672
100300,-102.8672
100200,-102.8242
100100,-102.8242
100000,-102.8242
99900,-105.79769999999999
98899,-106.70769999999999
97898,-105.37769999999999
96897,-104.44369999999999
95896,-103.1887
94895,-105.99069999999999
93894,-106.4267
92893,-104.59469999999999
91892,-102.37169999999999
90891,-103.3797
89890,-101.12169999999999
88889,-102.4537
87888,-102.1137
86887,-103.2487
85886,-101.6167
84885,-101.44569999999999
83884,-103.16969999999999
82883,-100.99069999999999
81882,-102.03869999999999
80881,-103.07969999999999
79880,-99.87169999999999
78879,-100.0247
77878,-98.54669999999999
76877,-100.1417
75876,-99.3707
74875,-100.11269999999999
73874,-97.37469999999999
72873,-97.2037
71872,-98.56769999999999
70871,-99.18669999999999
69870,-97.94569999999999
68869,-98.18669999999999
67868,-98.38069999999999
66867,-97.6657
65866,-98.4767
64865,-97.90169999999999
63864,-98.2507
62863,-96.3947
61862,-95.22269999999999
60861,-95.7537
59860,-95.2327
58859,-95.6447
57858,-94.7237
56857,-94.29769999999999
55856,-92.5607
54855,-95.5987
53854,-95.1527
52853,-93.4087
51852,-90.6677
50851,-94.9587
49850,-93.26469999999999
49749,-93.9977
49648,-92.6467
49547,-93.33869999999999
49446,-91.7567
49345,-94.44269999999999
49244,-92.3107
49143,-92.2187
49042,-92.03869999999999
48941,-93.3637
48840,-93.76469999999999
48739,-92.1617
48638,-91.42269999999999
48537,-92.1297
48436,-91.6107
48335,-91.0287
48234,-92.30369999999999
48133,-92.5487
48032,-93.3937
47931,-92.28869999999999
47830,-92.37169999999999
47729,-91.5197
47628,-90.8697
47527,-91.30369999999999
47426,-91.3337
47325,-89.9587
47224,-92.7357
47123,-91.4857
47022,-92.0457
46921,-92.06569999999999
46820,-90.46369999999999
46719,-91.89569999999999
46618,-93.2877
46517,-92.95769999999999
46416,-92.2597
46315,-92.02369999999999
46214,-93.4687
46113,-92.95169999999999
46012,-91.6737
45911,-91.22869999999999
45810,-91.2757
45709,-92.68369999999999
45608,-91.5127
45507,-90.53869999999999
45406,-91.6437
45305,-91.2087
45204,-91.2817
45103,-91.88369999999999
45002,-91.41669999999999
44901,-92.3967
44800,-92.3607
44699,-91.4567
44598,-93.9957
44497,-92.5017
44396,-90.67569999999999
44295,-91.2927
44194,-89.7067
44093,-90.7297
43992,-89.73169999999999
43891,-92.04769999999999
43790,-89.81569999999999
43689,-90.86569999999999
43588,-92.01169999999999
43487,-93.42269999999999
43386,-92.5367
43285,-91.0247
43184,-91.87169999999999
43083,-91.1417
42982,-90.3457
42881,-91.7697
42780,-90.3047
42679,-90.4797
42578,-91.3907
42477,-89.51169999999999
42376,-90.17469999999999
42275,-89.87169999999999
42174,-90.1527
42073,-90.8277
41972,-91.3817
41871,-93.1737
41770,-91.56269999999999
41669,-92.94369999999999
41568,-91.29969999999999
41467,-89.3287
41366,-89.70169999999999
41265,-89.5337
41164,-89.4237
41063,-88.02369999999999
40962,-90.17569999999999
40861,-88.96369999999999
40760,-88.2717
40659,-88.71069999999999
40558,-91.08269999999999
40457,-90.89569999999999
40356,-89.30669999999999
40255,-89.3787
40154,-89.29369999999999
40053,-90.07469999999999
39952,-88.4587
39851,-88.2807
39750,-87.43669999999999
39649,-89.2337
39548,-89.8287
39447,-90.33269999999999
39346,-89.96969999999999
39245,-89.6057
39144,-89.1497
39043,-90.06269999999999
38942,-88.8697
38841,-89.53569999999999
38740,-90.07969999999999
38639,-89.91669999999999
38538,-90.35369999999999
38437,-89.4477
38336,-88.74369999999999
38235,-88.9567
38134,-88.82369999999999
38033,-87.8227
37932,-88.1247
37831,-88.3427
37730,-87.47869999999999
37629,-87.8797
37528,-87.35969999999999
37427,-87.1477
37326,-88.8677
37225,-90.50869999999999
37124,-89.7877
37023,-89.13069999999999
36922,-88.8257
36821,-87.3457
36720,-87.5887
36619,-87.4117
36518,-88.18069999999999
36417,-87.95969999999998
36316,-87.2927
36215,-86.73369999999998
36114,-88.9447
36013,-87.8557
35912,-89.7787
35811,-87.18669999999999
35710,-88.1287
35609,-89.63669999999999
35508,-88.4097
35407,-89.60669999999999
35306,-90.67169999999999
35205,-89.4567
35104,-89.29169999999999
35003,-86.5307
34902,-85.8257
34801,-86.0867
34700,-87.8317
34599,-87.13269999999999
34498,-85.95469999999999
34397,-86.71669999999999
34296,-86.6597
34195,-89.42469999999999
34094,-88.2327
33993,-89.6357
33892,-87.76469999999999
33791,-87.8437
33690,-87.9707
33589,-88.0697
33488,-87.8277
33387,-87.43169999999999
33286,-86.62669999999999
33185,-86.74669999999999
33084,-86.46569999999998
32983,-85.71669999999999
32882,-86.3307
32781,-86.7307
32680,-87.5067
32579,-87.1407
32478,-88.2967
32377,-88.5047
32276,-87.69969999999999
32175,-86.7367
32074,-87.2127
31973,-87.1077
31872,-85.46569999999998
31771,-86.3607
31670,-87.2147
31569,-87.32969999999999
31468,-88.8917
31367,-89.5247
31266,-87.9947
31165,-87.0577
31064,-86.44369999999999
30963,-87.57169999999999
30862,-88.5167
30761,-86.43169999999999
30660,-86.1897
30559,-86.2987
30458,-85.4477
30357,-85.63269999999999
30256,-86.41069999999999
30155,-85.9237
30054,-86.5047
29953,-87.19969999999999
29942,-87.19969999999999
29931,-86.93469999999999
29920,-86.93469999999999
29909,-86.93469999999999
29898,-87.39469999999999
29887,-87.39469999999999
29876,-86.26169999999999
29865,-86.26169999999999
29854,-86.78769999999999
29843,-86.78769999999999
29832,-86.78769999999999
29821,-86.78769999999999
29810,-86.78769999999999
29799,-86.6137
29788,-86.6137
29777,-86.42569999999999
29766,-86.42569999999999
29755,-86.4397
29744,-86.4397
29733,-85.9587
29722,-85.9587
29711,-86.6707
29700,-86.6707
29689,-86.6707
29678,-86.0097
29667,-86.0097
29656,-85.9327
29645,-85.9327
29634,-86.16969999999999
29623,-86.16969999999999
29612,-86.57869999999998
29601,-86.57869999999998
29590,-86.57869999999998
29579,-86.9797
29568,-86.9797
29557,-87.65669999999999
29546,-87.65669999999999
29535,-87.59669999999998
29524,-87.59669999999998
29513,-88.2057
29502,-88.2057
29491,-88.0467
29480,-88.0467
29469,-88.0467
29458,-86.88869999999999
29447,-86.88869999999999
29436,-86.2837
29425,-86.2837
29414,-87.19369999999999
29403,-87.19369999999999
29392,-87.0097
29381,-87.0097
29370,-87.0097
29359,-87.20369999999998
29348,-87.20369999999998
29337,-85.64469999999999
29326,-85.64469999999999
29315,-86.2387
29304,-86.2387
29293,-85.49569999999999
29282,-85.49569999999999
29271,-85.2257
29260,-85.2257
29249,-85.2257
29238,-85.35869999999998
29227,-85.35869999999998
29216,-87.0727
29205,-87.0727
29194,-86.3817
29183,-86.3817
29172,-86.53569999999999
29161,-86.53569999999999
29150,-86.53569999999999
29139,-85.86569999999999
29128,-85.86569999999999
29117,-86.69969999999999
29106,-86.69969999999999
29095,-85.8757
29084,-85.8757
29073,-86.7557
29062,-86.7557
29051,-86.38969999999999
29040,-86.38969999999999
29029,-86.38969999999999
29018,-86.7687
29007,-86.7687
28996,-86.0347
28985,-86.0347
28974,-86.70469999999999
28963,-86.70469999999999
28952,-85.45469999999999
28941,-85.45469999999999
28930,-85.45469999999999
28919,-85.6657
28908,-85.6657
28897,-85.1767
28886,-85.1767
28875,-87.0347
28864,-87.0347
28853,-86.9947
28842,-86.9947
28831,-87.0807
28820,-87.0807
28809,-87.0807
28798,-86.5107
28787,-86.5107
28776,-85.52669999999999
28765,-85.52669999999999
28754,-85.17469999999999
28743,-85.17469999999999
28732,-85.78169999999999
28721,-85.78169999999999
28710,-85.78169999999999
28699,-85.77669999999999
28688,-85.77669999999999
28677,-85.9647
28666,-85.9647
28655,-85.55569999999999
28644,-85.55569999999999
28633,-85.01169999999999
28622,-85.01169999999999
28611,-84.64269999999999
28600,-84.64269999999999
28589,-84.64269999999999
28578,-84.7607
28567,-84.7607
28556,-85.1177
28545,-85.1177
28534,-86.60869999999998
28523,-86.60869999999998
28512,-85.9097
28501,-85.9097
28490,-85.9097
28479,-85.64869999999999
28468,-85.64869999999999
28457,-85.6197
28446,-85.6197
28435,-86.1527
28424,-86.1527
28413,-85.8147
28402,-85.8147
28391,-86.4057
28380,-86.4057
28369,-86.4057
28358,-85.96569999999998
28347,-85.96569999999998
28336,-86.6677
28325,-86.6677
28314,-86.1167
28303,-86.1167
28292,-85.11469999999998
28281,-85.11469999999998
28270,-85.11469999999998
28259,-85.3147
28248,-85.3147
28237,-84.7257
28226,-84.7257
28215,-84.1057
28204,-84.1057
28193,-84.8397
28182,-84.8397
28171,-84.9817
28160,-84.9817
28149,-84.9817
28138,-85.8557
28127,-85.8557
28116,-85.8557
28105,-85.8557
28094,-86.0287
28083,-86.0287
28072,-85.93669999999999
28061,-85.93669999999999
28050,-85.93669999999999
28039,-85.51769999999999
28028,-85.51769999999999
28017,-85.37069999999999
28006,-85.37069999999999
27995,-85.53569999999999
27984,-85.53569999999999
27973,-85.52369999999999
27962,-85.52369999999999
27951,-86.5457
27940,-86.5457
27929,-86.5457
27918,-86.28769999999999
27907,-86.28769999999999
27896,-86.51369999999999
27885,-86.51369999999999
27874,-86.01469999999999
27863,-86.01469999999999
27852,-86.6077
27841,-86.6077
27830,-86.6077
27819,-85.92869999999999
27808,-85.92869999999999
27797,-84.9677
27786,-84.9677
27775,-82.6587
27764,-82.6587
27753,-83.77669999999999
27742,-83.77669999999999
27731,-82.6017
27720,-82.6017
27709,-82.6017
27698,-84.1677
27687,-84.1677
27676,-84.03569999999999
27665,-84.03569999999999
27654,-84.8787
27643,-84.8787
27632,-84.79369999999999
27621,-84.79369999999999
27610,-84.79369999999999
27599,-84.79769999999999
27588,-84.79769999999999
27577,-84.7897
27566,-84.7897
27555,-86.33469999999998
27544,-86.33469999999998
27533,-86.0707
27522,-86.0707
27511,-86.73369999999998
27500,-86.73369999999998
27489,-86.73369999999998
27478,-85.56569999999999
27467,-85.56569999999999
27456,-85.77669999999999
27445,-85.77669999999999
27434,-84.9327
27423,-84.9327
27412,-86.0167
27401,-86.0167
27390,-86.0167
27379,-85.5817
27368,-85.5817
27357,-86.0807
27346,-86.0807
27335,-86.0157
27324,-86.0157
27313,-85.56569999999999
27302,-85.56569999999999
27291,-85.8607
27280,-85.8607
27269,-85.8607
27258,-85.57469999999999
27247,-85.57469999999999
27236,-84.9857
27225,-84.9857
27214,-84.54169999999999
27203,-84.54169999999999
27192,-84.2387
27181,-84.2387
27170,-84.2387
27159,-84.7727
27148,-84.7727
27137,-84.77369999999999
27126,-84.77369999999999
27115,-85.55669999999999
27104,-85.55669999999999
27093,-85.5167
27082,-85.5167
27071,-85.9327
27060,-85.9327
27049,-85.9327
27038,-84.9337
27027,-84.9337
27016,-84.9417
27005,-84.9417
26994,-85.12669999999999
26983,-85.12669999999999
26972,-85.3227
26961,-85.3227
26950,-85.3227
26939,-85.3227
26928,-85.3227
26917,-84.4767
26906,-84.4767
26895,-84.47169999999998
26884,-84.47169999999998
26873,-85.02969999999999
26862,-85.02969999999999
26851,-84.5097
26840,-84.5097
26829,-84.5097
26818,-84.1837
26807,-84.1837
26796,-84.3667
26785,-84.3667
26774,-84.35269999999998
26763,-84.35269999999998
26752,-84.7007
26741,-84.7007
26730,-84.7007
26719,-85.2717
26708,-85.2717
26697,-84.88269999999999
26686,-84.88269999999999
26675,-85.1417
26664,-85.1417
26653,-85.15769999999999
26642,-85.15769999999999
26631,-84.65669999999999
26620,-84.65669999999999
26609,-84.65669999999999
26598,-85.0307
26587,-85.0307
26576,-85.5807
26565,-85.5807
26554,-85.49069999999999
26543,-85.49069999999999
26532,-86.41969999999999
26521,-86.41969999999999
26510,-86.41969999999999
26499,-85.38269999999999
26488,-85.38269999999999
26477,-87.2147
26466,-87.2147
26455,-86.9697
26444,-86.9697
26433,-85.58569999999999
26422,-85.58569999999999
26411,-85.24669999999999
26400,-85.24669999999999
26389,-85.24669999999999
26378,-85.4457
26367,-85.4457
26356,-84.9937
26345,-84.9937
26334,-85.85969999999999
26323,-85.85969999999999
26312,-85.54369999999999
26301,-85.54369999999999
26290,-85.54369999999999
26279,-86.5547
26268,-86.5547
26257,-85.4707
26246,-85.4707
26235,-85.3847
26224,-85.3847
26213,-84.44369999999999
26202,-84.44369999999999
26191,-84.44369999999999
26180,-84.4037
26169,-84.4037
26158,-84.6077
26147,-84.6077
26136,-85.62069999999999
26125,-85.62069999999999
26114,-85.46669999999999
26103,-85.46669999999999
26092,-85.19069999999999
26081,-85.19069999999999
26070,-85.19069999999999
26059,-85.0397
26048,-85.0397
26037,-85.18769999999999
26026,-85.18769999999999
26015,-84.16669999999999
26004,-84.16669999999999
25993,-84.63869999999999
25982,-84.63869999999999
25971,-84.63869999999999
25960,-83.65769999999999
25949,-83.65769999999999
25938,-83.78569999999999
25927,-83.78569999999999
25916,-83.92469999999999
25905,-83.92469999999999
25894,-85.5337
25883,-85.5337
25872,-85.25769999999999
25861,-85.25769999999999
25850,-85.25769999999999
25839,-84.8337
25828,-84.8337
25817,-84.8167
25806,-84.8167
25795,-83.79769999999999
25784,-83.79769999999999
25773,-83.4937
25762,-83.4937
25751,-83.4937
25740,-84.1977
25729,-84.1977
25718,-84.03569999999999
25707,-84.03569999999999
25696,-85.14869999999999
25685,-85.14869999999999
25674,-84.1007
25663,-84.1007
25652,-83.6917
25641,-83.6917
25630,-83.6917
25619,-83.24569999999999
25608,-83.24569999999999
25597,-83.5957
25586,-83.5957
25575,-84.32469999999999
25564,-84.32469999999999
25553,-85.2957
25542,-85.2957
25531,-85.2957
25520,-85.2957
25509,-85.2957
25498,-85.95469999999999
25487,-85.95469999999999
25476,-85.87769999999999
25465,-85.87769999999999
25454,-86.6647
25443,-86.6647
25432,-85.3107
25421,-85.3107
25410,-85.3107
25399,-84.7427
25388,-84.7427
25377,-84.5997
25366,-84.5997
25355,-83.78169999999999
25344,-83.78169999999999
25333,-83.06869999999999
25322,-83.06869999999999
25311,-83.06869999999999
25300,-83.60969999999999
25289,-83.60969999999999
25278,-83.3917
25267,-83.3917
25256,-84.13269999999999
25245,-84.13269999999999
25234,-84.60969999999999
25223,-84.60969999999999
25212,-85.9447
25201,-85.9447
25190,-85.9447
25179,-84.2867
25168,-84.2867
25157,-84.79969999999999
25146,-84.79969999999999
25135,-83.38869999999999
25124,-83.38869999999999
25113,-84.3447
25102,-84.3447
25091,-84.3447
25080,-83.72169999999998
25069,-83.72169999999998
25058,-83.78169999999999
25047,-83.78169999999999
25036,-83.4687
25025,-83.4687
25014,-84.3497
25003,-84.3497
24992,-83.5527
24981,-83.5527
24970,-83.5527
24959,-85.2507
24948,-85.2507
24937,-84.55969999999999
24926,-84.55969999999999
24915,-84.5757
24904,-84.5757
24893,-84.2807
24882,-84.2807
24871,-84.2807
24860,-84.8457
24849,-84.8457
24838,-84.19969999999999
24827,-84.19969999999999
24816,-84.9927
24805,-84.9927
24794,-84.2687
24783,-84.2687
24772,-85.13369999999999
24761,-85.13369999999999
24750,-85.13369999999999
24739,-84.42469999999999
24728,-84.42469999999999
24717,-83.3027
24706,-83.3027
24695,-82.39469999999999
24684,-82.39469999999999
24673,-82.5057
24662,-82.5057
24651,-82.5057
24640,-83.3027
24629,-83.3027
24618,-84.2657
24607,-84.2657
24596,-84.6477
24585,-84.6477
24574,-85.3167
24563,-85.3167
24552,-84.6477
24541,-84.6477
24530,-84.6477
24519,-85.44869999999999
24508,-85.44869999999999
24497,-83.94669999999999
24486,-83.94669999999999
24475,-84.5827
24464,-84.5827
24453,-84.5827
24442,-84.5827
24431,-84.5827
24420,-84.5187
24409,-84.5187
24398,-84.7437
24387,-84.7437
24376,-84.98369999999998
24365,-84.98369999999998
24354,-84.82369999999999
24343,-84.82369999999999
24332,-84.36469999999998
24321,-84.36469999999998
24310,-84.36469999999998
24299,-83.37669999999999
24288,-83.37669999999999
24277,-84.09769999999999
24266,-84.09769999999999
24255,-83.3667
24244,-83.3667
24233,-84.08569999999999
24222,-84.08569999999999
24211,-84.08569999999999
24200,-83.99669999999999
24189,-83.99669999999999
24178,-83.9747
24167,-83.9747
24156,-83.2987
24145,-83.2987
24134,-84.10369999999999
24123,-84.10369999999999
24112,-84.10369999999999
24101,-84.10369999999999
24090,-84.10369999999999
24079,-83.8807
24068,-83.8807
24057,-83.7017
24046,-83.7017
24035,-84.0987
24024,-84.0987
24013,-83.70969999999998
24002,-83.70969999999998
23991,-83.70969999999998
23980,-83.78569999999999
23969,-83.78569999999999
23958,-82.4157
23947,-82.4157
23936,-83.0227
23925,-83.0227
23914,-82.3907
23903,-82.3907
23892,-83.7557
23881,-83.7557
23870,-83.7557
23859,-82.5067
23848,-82.5067
23837,-84.6287
23826,-84.6287
23815,-84.6287
23804,-84.6287
23793,-84.44269999999999
23782,-84.44269999999999
23771,-84.44269999999999
23760,-83.7187
23749,-83.7187
23738,-84.1077
23727,-84.1077
23716,-83.80669999999999
23705,-83.80669999999999
23694,-83.3077
23683,-83.3077
23672,-83.1287
23661,-83.1287
23650,-83.1287
23639,-83.53769999999999
23628,-83.53769999999999
23617,-82.7437
23606,-82.7437
23595,-82.7327
23584,-82.7327
23573,-83.9557
23562,-83.9557
23551,-83.9557
23540,-85.3907
23529,-85.3907
23518,-84.58569999999999
23507,-84.58569999999999
23496,-83.8757
23485,-83.8757
23474,-83.5187
23463,-83.5187
23452,-84.18769999999999
23441,-84.18769999999999
23430,-84.18769999999999
23419,-82.8977
23408,-82.8977
23397,-83.9157
23386,-83.9157
23375,-83.9157
23364,-83.9157
23353,-84.4577
23342,-84.4577
23331,-84.4577
23320,-83.6617
23309,-83.6617
23298,-83.91669999999999
23287,-83.91669999999999
23276,-84.0987
23265,-84.0987
23254,-85.2727
23243,-85.2727
23232,-84.92569999999999
23221,-84.92569999999999
23210,-84.92569999999999
23199,-83.9927
23188,-83.9927
23177,-83.03769999999999
23166,-83.03769999999999
23155,-84.1257
23144,-84.1257
23133,-82.9977
23122,-82.9977
23111,-82.9977
23100,-82.6357
23089,-82.6357
23078,-82.2437
23067,-82.2437
23056,-82.86469999999998
23045,-82.86469999999998
23034,-82.06569999999999
23023,-82.06569999999999
23012,-82.9087
23001,-82.9087
22990,-82.9087
22979,-82.82169999999999
22968,-82.82169999999999
22957,-82.9397
22946,-82.9397
22935,-81.5277
22924,-81.5277
22913,-82.1307
22902,-82.1307
22891,-82.1307
22880,-81.00269999999999
22869,-81.00269999999999
22858,-81.4557
22847,-81.4557
22836,-81.8617
22825,-81.8617
22814,-82.38869999999999
22803,-82.38869999999999
22792,-82.44969999999999
22781,-82.44969999999999
22770,-82.44969999999999
22759,-83.2117
22748,-83.2117
22737,-83.1717
22726,-83.1717
22715,-83.38969999999999
22704,-83.38969999999999
22693,-82.79469999999999
22682,-82.79469999999999
22671,-82.79469999999999
22660,-83.56569999999999
22649,-83.56569999999999
22638,-82.2717
22627,-82.2717
22616,-82.64469999999999
22605,-82.64469999999999
22594,-82.63869999999999
22583,-82.63869999999999
22572,-83.0947
22561,-83.0947
22550,-83.0947
22539,-82.37769999999999
22528,-82.37769999999999
22517,-82.7207
22506,-82.7207
22495,-82.7207
22484,-82.7207
22473,-83.3787
22462,-83.3787
22451,-83.3787
22440,-82.0697
22429,-82.0697
22418,-82.5337
22407,-82.5337
22396,-82.4217
22385,-82.4217
22374,-83.25869999999999
22363,-83.25869999999999
22352,-82.4637
22341,-82.4637
22330,-82.4637
22319,-83.9797
22308,-83.9797
22297,-83.9797
22286,-83.9797
22275,-84.91369999999999
22264,-84.91369999999999
22253,-83.2117
22242,-83.2117
22231,-83.2117
22220,-83.70469999999999
22209,-83.70469999999999
22198,-83.4087
22187,-83.4087
22176,-83.2207
22165,-83.2207
22154,-83.7307
22143,-83.7307
22132,-84.1077
22121,-84.1077
22110,-84.1077
22099,-83.81169999999999
22088,-83.81169999999999
22077,-84.99569999999999
22066,-84.99569999999999
22055,-84.34669999999998
22044,-84.34669999999998
22033,-85.12769999999999
22022,-85.12769999999999
22011,-85.12769999999999
22000,-84.30669999999999
21989,-84.30669999999999
21978,-85.02369999999999
21967,-85.02369999999999
21956,-83.41869999999999
21945,-83.41869999999999
21934,-84.4387
21923,-84.4387
21912,-84.4387
21901,-81.8687
21890,-81.8687
21879,-83.10869999999998
21868,-83.10869999999998
21857,-81.88369999999999
21846,-81.88369999999999
21835,-83.7537
21824,-83.7537
21813,-83.7537
21802,-83.7537
21791,-83.7537
21780,-83.26369999999999
21769,-83.26369999999999
21758,-83.42469999999999
21747,-83.42469999999999
21736,-82.2777
21725,-82.2777
21714,-81.62069999999999
21703,-81.62069999999999
21692,-81.62069999999999
21681,-81.49069999999999
21670,-81.49069999999999
21659,-81.9687
21648,-81.9687
21637,-84.13269999999999
21626,-84.13269999999999
21615,-82.7967
21604,-82.7967
21593,-82.56769999999999
21582,-82.56769999999999
21571,-82.56769999999999
21560,-82.93469999999999
21549,-82.93469999999999
21538,-83.8277
21527,-83.8277
21516,-83.5187
21505,-83.5187
21494,-83.25169999999999
21483,-83.25169999999999
21472,-83.25169999999999
21461,-82.43469999999999
21450,-82.43469999999999
21439,-82.9327
21428,-82.9327
21417,-81.06869999999999
21406,-81.06869999999999
21395,-82.9217
21384,-82.9217
21373,-81.0697
21362,-81.0697
21351,-81.0697
21340,-82.2207
21329,-82.2207
21318,-81.3637
21307,-81.3637
21296,-82.3917
21285,-82.3917
21274,-82.0957
21263,-82.0957
21252,-82.0957
21241,-82.8367
21230,-82.8367
21219,-81.37069999999999
21208,-81.37069999999999
21197,-81.14569999999999
21186,-81.14569999999999
21175,-80.7057
21164,-80.7057
21153,-81.27569999999999
21142,-81.27569999999999
21131,-81.27569999999999
21120,-80.2927
21109,-80.2927
21098,-81.7627
21087,-81.7627
21076,-80.2837
21065,-80.2837
21054,-82.8307
21043,-82.8307
21032,-82.8307
21021,-82.8307
21010,-82.8307
20999,-84.0227
20988,-84.0227
20977,-81.9177
20966,-81.9177
20955,-82.41969999999999
20944,-82.41969999999999
20933,-81.9987
20922,-81.9987
20911,-81.9987
20900,-82.49069999999999
20889,-82.49069999999999
20878,-81.8497
20867,-81.8497
20856,-82.1657
20845,-82.1657
20834,-81.9457
20823,-81.9457
20812,-81.9457
20801,-82.72769999999998
20790,-82.72769999999998
20779,-82.55369999999999
20768,-82.55369999999999
20757,-84.16269999999999
20746,-84.16269999999999
20735,-84.16269999999999
20724,-84.16269999999999
20713,-83.9697
20702,-83.9697
20691,-83.9697
20680,-83.9037
20669,-83.9037
20658,-82.94669999999999
20647,-82.94669999999999
20636,-81.9937
20625,-81.9937
20614,-82.88669999999999
20603,-82.88669999999999
20592,-82.88669999999999
20581,-82.22269999999999
20570,-82.22269999999999
20559,-82.63869999999999
20548,-82.63869999999999
20537,-82.3687
20526,-82.3687
20515,-83.00269999999999
20504,-83.00269999999999
20493,-82.5637
20482,-82.5637
20471,-82.5637
20460,-82.48469999999999
20449,-82.48469999999999
20438,-82.00769999999999
20427,-82.00769999999999
20416,-83.1497
20405,-83.1497
20394,-82.6287
20383,-82.6287
20372,-82.6287
20361,-83.4267
20350,-83.4267
20339,-83.2417
20328,-83.2417
20317,-82.5487
20306,-82.5487
20295,-82.3667
20284,-82.3667
20273,-82.41069999999999
20262,-82.41069999999999
20251,-82.41069999999999
20240,-82.34769999999999
20229,-82.34769999999999
20218,-82.9637
20207,-82.9637
20196,-82.87069999999999
20185,-82.87069999999999
20174,-82.84769999999999
20163,-82.84769999999999
20152,-82.84769999999999
20141,-81.95969999999998
20130,-81.95969999999998
20119,-81.90469999999999
20108,-81.90469999999999
20097,-81.6707
20086,-81.6707
20075,-81.3387
20064,-81.3387
20053,-80.6227
20042,-80.6227
20031,-80.6227
20020,-81.3317
20009,-81.3317
19000,-82.5783
18900,-81.9543
18800,-80.0813
18700,-83.2763
18600,-82.2263
18500,-82.24229999999999
18400,-81.7803
18300,-81.73629999999999
18200,-81.5513
18100,-81.8043
18000,-83.6263
17900,-81.8823
17800,-82.01129999999999
17700,-81.0893
17600,-81.4823
17500,-81.39729999999999
17400,-82.91629999999999
17300,-82.95129999999999
17200,-81.73729999999999
17100,-80.79729999999999
17000,-81.0753
16900,-81.0183
16800,-80.8453
16700,-81.0783
16600,-79.3943
16500,-79.9293
16400,-78.76129999999999
16300,-81.4143
16200,-81.6613
16100,-80.9973
16000,-81.79029999999999
15900,-80.1323
15800,-81.1023
15700,-80.60629999999999
15600,-77.8953
15500,-79.65729999999999
15400,-80.6443
15300,-79.4123
15200,-80.5183
15100,-80.3003
15000,-78.4823
14900,-80.32029999999999
14800,-79.10029999999999
14700,-79.24229999999999
14600,-80.6043
14500,-79.2123
14400,-79.5653
14300,-78.8543
14200,-80.90929999999999
14100,-78.82629999999999
14000,-77.8273
13900,-79.49829999999999
13800,-80.13629999999999
13700,-80.1903
13600,-77.7743
13500,-79.00529999999999
13400,-79.2033
13300,-79.52329999999999
13200,-78.2143
13100,-78.3873
13000,-79.1863
12900,-79.70129999999999
12800,-77.9643
12700,-78.0433
12600,-78.5013
12500,-77.77929999999999
12400,-79.4283
12300,-77.83829999999999
12200,-78.2443
12100,-79.88529999999999
12000,-78.40329999999999
11900,-78.3073
11800,-77.7623
11700,-78.24929999999999
11600,-78.3633
11500,-78.15329999999999
11400,-78.6103
11300,-77.9283
11200,-75.1453
11100,-77.4083
11000,-78.0873
10900,-77.5753
10800,-76.14729999999999
10700,-77.6943
10600,-79.10629999999999
10500,-76.3333
10400,-77.02229999999999
10300,-77.7273
10200,-76.3483
10100,-76.94529999999999
10000,-76.0893
9900,-76.4143
9800,-76.1683
9700,-77.6623
9600,-77.0653
9500,-76.5303
9400,-75.58229999999999
9300,-76.5083
9200,-77.7103
9100,-76.9413
9000,-75.0143
8900,-73.7153
8800,-75.46329999999999
8700,-75.65929999999999
8600,-75.4003
8500,-74.9503
8400,-75.1023
8300,-75.4243
8200,-75.6443
8100,-75.5003
8000,-74.4543
7900,-75.64229999999999
7800,-74.6073
7700,-75.2533
7600,-74.9833
7500,-75.0213
7400,-73.68929999999999
7300,-73.5663
7200,-74.9313
7100,-73.7743
7000,-74.8993
6900,-73.9553
6800,-72.4663
6700,-74.0483
6600,-73.90929999999999
6500,-73.0553
6400,-73.27829999999999
6300,-71.7453
6200,-73.1403
6100,-73.9343
6000,-73.6143
5900,-72.99329999999999
5800,-72.48029999999999
5700,-74.7403
5600,-74.8433
5500,-74.5783
5400,-74.2043
5300,-73.12929999999999
5200,-73.41329999999999
5100,-74.11729999999999
5000,-72.9433
4900,-73.52929999999999
4800,-74.3963
4700,-72.1613
4600,-73.42729999999999
4500,-72.84429999999999
4400,-72.90729999999999
4300,-71.54029999999999
4200,-72.9373
4100,-73.1323
4000,-73.71329999999999
3900,-71.8873
3800,-72.8993
3700,-72.7183
3600,-74.91529999999999
3500,-74.1033
3400,-72.99829999999999
3300,-71.4563
3200,-71.6903
3100,-73.5203
3000,-74.6933
2900,-74.4323
2800,-72.96329999999999
2700,-73.6843
2600,-75.04729999999999
2500,-73.16029999999999
2400,-73.48629999999999
2300,-74.6313
2200,-74.5733
2100,-73.57629999999999
2000,-74.6263
1990,-74.7643
1980,-74.5853
1970,-75.2033
1960,-75.41529999999999
1950,-75.0603
1940,-75.23729999999999
1930,-74.78829999999999
1920,-74.09929999999999
1910,-73.4433
1900,-73.1993
1890,-72.79729999999999
1880,-72.8643
1870,-73.1963
1860,-73.8473
1850,-74.85629999999999
1840,-75.53229999999999
1830,-76.2573
1820,-76.1273
1810,-76.9263
1800,-76.2513
1790,-76.5513
1780,-75.6193
1770,-74.5963
1760,-75.2933
1750,-75.0553
1740,-75.2633
1730,-76.1783
1720,-76.60529999999999
1710,-76.45729999999999
1700,-76.0093
1690,-76.0393
1680,-75.8003
1670,-76.1973
1660,-74.5453
1650,-74.8813
1640,-74.58829999999999
1630,-74.7803
1620,-74.4543
1610,-74.95129999999999
1600,-75.2103
1590,-75.2653
1580,-74.8423
1570,-74.9763
1560,-75.61729999999999
1550,-76.2083
1540,-77.09429999999999
1530,-77.0673
1520,-79.0783
1510,-78.36729999999999
1500,-77.9203
1490,-77.7383
1480,-77.5503
1470,-78.1153
1460,-77.8833
1450,-77.5063
1440,-77.8293
1430,-77.1523
1420,-76.2533
1410,-77.0833
1400,-77.5063
1390,-77.9123
1380,-77.0393
1370,-77.5543
1360,-77.4663
1350,-77.5143
1340,-78.1213
1330,-77.80229999999999
1320,-77.1743
1310,-75.61829999999999
1300,-75.6933
1290,-76.0243
1280,-75.83829999999999
1270,-75.9313
1260,-75.5483
1250,-75.3153
1240,-75.1673
1230,-75.4423
1220,-75.6463
1210,-75.4883
1200,-74.7633
1190,-74.0673
1180,-75.06429999999999
1170,-75.1193
1160,-75.10029999999999
1150,-74.50429999999999
1140,-74.4173
1130,-74.6743
1120,-76.0963
1110,-75.2563
1100,-75.0773
1099,-75.0773
1098,-75.0773
1097,-75.6143
1096,-75.6143
1095,-75.6143
1094,-75.6143
1093,-75.6143
1092,-76.4023
1091,-76.4023
1090,-76.4023
1089,-76.4023
1088,-76.4023
1087,-76.11729999999999
1086,-76.11729999999999
1085,-76.11729999999999
1084,-76.11729999999999
1083,-76.11729999999999
1082,-76.26629999999999
1081,-76.26629999999999
1080,-76.26629999999999
1079,-76.26629999999999
1078,-76.26629999999999
1077,-75.8833
1076,-75.8833
1075,-75.8833
1074,-75.8833
1073,-75.8833
1072,-76.3273
1071,-76.3273
1070,-76.3273
1069,-76.3273
1068,-76.3273
1067,-76.32029999999999
1066,-76.32029999999999
1065,-76.32029999999999
1064,-76.32029999999999
1063,-76.32029999999999
1062,-76.7033
1061,-76.7033
1060,-76.7033
1059,-76.7033
1058,-76.0983
1057,-76.0983
1056,-76.0983
1055,-76.0983
1054,-76.0983
1053,-76.74329999999999
1052,-76.74329999999999
1051,-76.74329999999999
1050,-76.74329999999999
1049,-76.74329999999999
1048,-76.28229999999999
1047,-76.28229999999999
1046,-76.28229999999999
1045,-76.28229999999999
1044,-76.28229999999999
1043,-76.2923
1042,-76.2923
1041,-76.2923
1040,-76.2923
1039,-76.2923
1038,-76.0723
1037,-76.0723
1036,-76.0723
1035,-76.0723
1034,-76.0723
1033,-76.3403
1032,-76.3403
1031,-76.3403
1030,-76.3403
1029,-76.3403
1028,-76.2143
1027,-76.2143
1026,-76.2143
1025,-76.2143
1024,-76.2143
1023,-76.6763
1022,-76.6763
1021,-76.6763
1020,-76.6763
1019,-76.6763
1018,-76.6763
1017,-76.6763
1016,-76.6763
1015,-76.6763
1014,-77.2383
1013,-77.2383
1012,-77.2383
1011,-77.2383
1010,-77.2383
1009,-76.6163
1008,-76.6163
1007,-76.6163
1006,-76.6163
1005,-76.6163
1004,-76.6263
1003,-76.6263
1002,-76.6263
1001,-76.6263
1000,-76.6263
