10000000,-132.33620000000002
9900000,-133.27120000000002
9800000,-132.9622
9700000,-132.39020000000002
9600000,-132.2632
9500000,-132.9522
9400000,-130.92520000000002
9300000,-132.2842
9200000,-131.4702
9100000,-132.1672
9000000,-131.36020000000002
8900000,-129.9512
8800000,-130.4702
8700000,-130.8792
8600000,-131.8762
8500000,-131.4042
8400000,-131.1802
8300000,-131.0672
8200000,-131.1242
8100000,-130.2062
8000000,-131.2302
7900000,-131.0242
7800000,-130.31820000000002
7700000,-130.6662
7600000,-130.7032
7500000,-129.98420000000002
7400000,-130.4092
7300000,-131.1912
7200000,-129.8632
7100000,-131.6232
7000000,-131.6492
6900000,-131.1832
6800000,-130.53820000000002
6700000,-129.4562
6600000,-130.24720000000002
6500000,-129.7272
6400000,-130.1832
6300000,-131.62120000000002
6200000,-130.34220000000002
6100000,-131.0732
6000000,-130.8462
5900000,-130.34720000000002
5800000,-129.86020000000002
5700000,-130.2962
5600000,-130.0732
5500000,-130.2502
5400000,-129.6022
5300000,-130.6542
5200000,-129.97820000000002
5100000,-130.12220000000002
5000000,-130.7272
4900000,-130.9512
4800000,-130.72920000000002
4700000,-129.8632
4600000,-130.02620000000002
4500000,-129.87720000000002
4400000,-128.67520000000002
4300000,-128.65220000000002
4200000,-129.3092
4100000,-128.4802
4000000,-128.06920000000002
3900000,-128.21620000000001
3800000,-129.05720000000002
3700000,-128.0892
3600000,-127.9532
3500000,-129.2872
3400000,-128.7572
3300000,-128.3972
3200000,-128.3102
3100000,-128.1972
3000000,-127.4122
2900000,-128.1682
2800000,-127.43419999999999
2700000,-125.8942
2600000,-125.59919999999998
2500000,-124.6392
2400000,-124.38019999999999
2300000,-124.71919999999999
2200000,-125.94420000000001
2100000,-126.1222
2000000,-124.2882
1900000,-124.8342
1800000,-123.90919999999998
1700000,-124.08119999999998
1600000,-121.83219999999999
1500000,-120.5252
1400000,-118.43919999999999
1300000,-117.1432
1200000,-116.8412
1190000,-116.3892
1180000,-116.4712
1170000,-116.2752
1160000,-117.0242
1150000,-116.64219999999999
1149000,-116.64219999999999
1148000,-116.61719999999998
1147000,-116.61719999999998
1146000,-116.61719999999998
1145000,-116.72519999999999
1144000,-116.72519999999999
1143000,-116.72519999999999
1142000,-116.39819999999999
1141000,-116.39819999999999
1140000,-116.29119999999999
1139000,-116.29119999999999
1138000,-116.29119999999999
1137000,-116.29619999999998
1136000,-116.29619999999998
1135000,-116.29619999999998
1134000,-116.38619999999999
1133000,-116.38619999999999
1132000,-116.20119999999999
1131000,-116.20119999999999
1130000,-116.20119999999999
1129000,-115.8892
1128000,-115.8892
1127000,-115.8892
1126000,-115.93919999999999
1125000,-115.93919999999999
1124000,-115.9712
1123000,-115.9712
1122000,-115.9712
1121000,-115.9362
1120000,-115.9362
1119000,-115.9362
1118000,-115.82719999999999
1117000,-115.82719999999999
1116000,-115.82719999999999
1115000,-115.6332
1114000,-115.6332
1113000,-115.4232
1112000,-115.4232
1111000,-115.4232
1110000,-115.4982
1109000,-115.4982
1108000,-115.4982
1107000,-115.6982
1106000,-115.6982
1105000,-115.70819999999999
1104000,-115.70819999999999
1103000,-115.70819999999999
1102000,-115.75019999999999
1101000,-115.75019999999999
1100000,-115.75019999999999
1099000,-115.8522
1098000,-115.8522
1097000,-115.9422
1096000,-115.9422
1095000,-115.9422
1094000,-115.9802
1093000,-115.9802
1092000,-115.9802
1091000,-115.87219999999999
1090000,-115.87219999999999
1089000,-115.81519999999999
1088000,-115.81519999999999
1087000,-115.81519999999999
1086000,-115.8242
1085000,-115.8242
1084000,-115.8242
1083000,-115.86019999999999
1082000,-115.86019999999999
1081000,-116.0282
1080000,-116.0282
1079000,-116.0282
1078000,-116.1612
1077000,-116.1612
1076000,-116.1612
1075000,-116.2462
1074000,-116.2462
1073000,-116.30319999999999
1072000,-116.30319999999999
1071000,-116.30319999999999
1070000,-116.27319999999999
1069000,-116.27319999999999
1068000,-116.27319999999999
1067000,-116.4012
1066000,-116.4012
1065000,-116.4012
1064000,-116.24919999999999
1063000,-116.24919999999999
1062000,-115.9862
1061000,-115.9862
1060000,-115.9862
1059000,-115.9782
1058000,-115.9782
1057000,-115.9782
1056000,-115.8952
1055000,-115.8952
1054000,-115.92219999999999
1053000,-115.92219999999999
1052000,-115.92219999999999
1051000,-116.0922
1050000,-116.0922
1049000,-116.0922
1048000,-116.24319999999999
1047000,-116.24319999999999
1046000,-116.1992
1045000,-116.1992
1044000,-116.1992
1043000,-116.26520000000001
1042000,-116.26520000000001
1041000,-116.26520000000001
1040000,-116.2922
1039000,-116.2922
1038000,-116.1982
1037000,-116.1982
1036000,-116.1982
1035000,-116.22619999999999
1034000,-116.22619999999999
1033000,-116.22619999999999
1032000,-116.3542
1031000,-116.3542
1030000,-116.0142
1029000,-116.0142
1028000,-116.0142
1027000,-115.85119999999999
1026000,-115.85119999999999
1025000,-115.85119999999999
1024000,-115.95719999999999
1023000,-115.95719999999999
1022000,-115.95719999999999
1021000,-116.0622
1020000,-116.0622
1019000,-116.0862
1018000,-116.0862
1017000,-116.0862
1016000,-116.1942
1015000,-116.1942
1014000,-116.1942
1013000,-116.1092
1012000,-116.1092
1011000,-116.1702
1010000,-116.1702
1009000,-116.1702
1008000,-116.3832
1007000,-116.3832
1006000,-116.3832
1005000,-116.4422
1004000,-116.4422
1003000,-116.44519999999999
1002000,-116.44519999999999
1001000,-116.44519999999999
1000000,-116.0812
999000,-119.3482
989000,-116.60119999999999
979000,-116.85619999999999
969000,-117.62319999999998
959000,-116.2992
949000,-115.5072
939000,-115.29019999999998
929000,-116.1202
919000,-116.2872
909000,-113.98119999999999
899000,-115.8522
889000,-115.9192
879000,-114.30919999999999
869000,-115.4132
859000,-115.8172
849000,-116.45719999999999
839000,-114.54619999999998
829000,-114.17020000000001
819000,-114.48719999999999
809000,-114.6142
799000,-115.3652
789000,-116.1382
779000,-116.1322
769000,-115.4362
759000,-115.34419999999999
749000,-114.5492
739000,-114.20119999999999
729000,-112.13519999999998
719000,-107.1742
709000,-109.5242
699000,-112.61819999999999
689000,-112.6432
679000,-112.73019999999998
669000,-112.3172
659000,-113.58119999999998
649000,-115.41619999999999
639000,-114.6802
629000,-113.52819999999998
619000,-113.88119999999999
609000,-113.0312
599000,-112.6392
589000,-111.09419999999999
579000,-111.5242
569000,-110.8062
559000,-111.3482
549000,-111.27720000000001
539000,-112.2862
529000,-110.62419999999999
519000,-110.2692
509000,-110.74319999999999
499000,-106.4532
489000,-102.55319999999999
479000,-102.64819999999999
469000,-106.38019999999999
459000,-109.8702
449000,-109.9782
439000,-109.68419999999999
429000,-107.5982
419000,-108.36819999999999
409000,-106.5862
399000,-107.1862
389000,-106.81920000000001
379000,-105.20119999999999
369000,-104.0422
359000,-107.8422
349000,-106.4892
339000,-107.29619999999998
329000,-104.76119999999999
319000,-104.13719999999999
309000,-103.29119999999999
299000,-104.6802
289000,-103.7812
279000,-105.2952
269000,-106.64719999999998
259000,-106.8042
249000,-102.0872
239000,-100.6582
229000,-101.9132
219000,-103.17719999999998
209000,-101.0282
199000,-102.57019999999999
198000,-102.79119999999999
197000,-101.8312
196000,-101.73119999999999
195000,-101.82019999999999
194000,-100.6552
193000,-100.2162
192000,-100.46319999999999
191000,-100.41619999999999
190000,-101.3012
189000,-101.5802
188000,-100.7392
187000,-100.3402
186000,-99.8552
185000,-99.9012
184000,-99.7632
183000,-99.9182
182000,-99.9412
181000,-99.71319999999999
180000,-99.9922
179000,-100.13719999999999
178000,-100.0452
177000,-100.8472
176000,-100.3772
175000,-100.7882
174000,-100.5552
173000,-100.8912
172000,-100.50319999999999
171000,-99.5842
170000,-98.94519999999999
169000,-98.5192
168000,-98.9982
167000,-98.4192
166000,-98.6322
165000,-98.8242
164000,-99.3832
163000,-99.33319999999999
162000,-99.08819999999999
161000,-99.70719999999999
160000,-98.5682
159000,-98.2822
158000,-98.32719999999999
157000,-98.2272
156000,-98.26219999999999
155000,-97.2272
154000,-96.8492
153000,-96.87419999999999
152000,-96.72619999999999
151000,-96.5902
150000,-96.74919999999999
149900,-96.74919999999999
149800,-96.74919999999999
149700,-96.71919999999999
149600,-96.71919999999999
149500,-96.8112
149400,-96.8112
149300,-97.0302
149200,-97.0302
149100,-97.0302
149000,-97.13619999999999
148900,-97.13619999999999
148800,-96.8942
148700,-96.8942
148600,-96.8942
148500,-96.8732
148400,-96.8732
148300,-96.9092
148200,-96.9092
148100,-96.9092
148000,-97.04719999999999
147900,-97.04719999999999
147800,-97.2462
147700,-97.2462
147600,-97.5182
147500,-97.5182
147400,-97.5182
147300,-97.55219999999998
147200,-97.55219999999998
147100,-97.6052
147000,-97.6052
146900,-97.6052
146800,-97.4142
146700,-97.4142
146600,-97.16619999999999
146500,-97.16619999999999
146400,-97.16619999999999
146300,-96.9962
146200,-96.9962
146100,-96.81519999999999
146000,-96.81519999999999
145900,-96.81519999999999
145800,-96.63619999999999
145700,-96.63619999999999
145600,-96.5672
145500,-96.5672
145400,-96.35019999999999
145300,-96.35019999999999
145200,-96.35019999999999
145100,-96.2402
145000,-96.2402
144900,-96.2582
144800,-96.2582
144700,-96.2582
144600,-96.1172
144500,-96.1172
144400,-96.12519999999999
144300,-96.12519999999999
144200,-96.12519999999999
144100,-96.13419999999999
144000,-96.13419999999999
143900,-96.2762
143800,-96.2762
143700,-96.2762
143600,-96.5622
143500,-96.5622
143400,-96.74319999999999
143300,-96.74319999999999
143200,-96.71319999999999
143100,-96.71319999999999
143000,-96.71319999999999
142900,-96.7772
142800,-96.7772
142700,-96.86019999999999
142600,-96.86019999999999
142500,-96.86019999999999
142400,-96.86319999999999
142300,-96.86319999999999
142200,-96.9502
142100,-96.9502
142000,-96.9502
141900,-97.2112
141800,-97.2112
141700,-97.43319999999999
141600,-97.43319999999999
141500,-97.43319999999999
141400,-97.54119999999999
141300,-97.54119999999999
141200,-97.4312
141100,-97.4312
141000,-97.4132
140900,-97.4132
140800,-97.4132
140700,-97.5152
140600,-97.5152
140500,-97.78519999999999
140400,-97.78519999999999
140300,-97.78519999999999
140200,-97.3912
140100,-97.3912
140000,-97.3522
139900,-97.3522
139800,-97.3522
139700,-97.2342
139600,-97.2342
139500,-97.2212
139400,-97.2212
139300,-97.2212
139200,-97.2812
139100,-97.2812
139000,-97.43919999999999
138900,-97.43919999999999
138800,-97.55819999999999
138700,-97.55819999999999
138600,-97.55819999999999
138500,-97.70719999999999
138400,-97.70719999999999
138300,-97.50319999999999
138200,-97.50319999999999
138100,-97.50319999999999
138000,-97.5802
137900,-97.5802
137800,-97.1432
137700,-97.1432
137600,-97.1432
137500,-96.7222
137400,-96.7222
137300,-96.71319999999999
137200,-96.71319999999999
137100,-96.7772
137000,-96.7772
136900,-96.7772
136800,-96.83319999999999
136700,-96.83319999999999
136600,-96.43319999999999
136500,-96.43319999999999
136400,-96.43319999999999
136300,-96.3852
136200,-96.3852
136100,-96.2882
136000,-96.2882
135900,-96.2882
135800,-95.83319999999999
135700,-95.83319999999999
135600,-95.30819999999999
135500,-95.30819999999999
135400,-95.30819999999999
135300,-95.25619999999999
135200,-95.25619999999999
135100,-95.3062
135000,-95.3062
134900,-95.33919999999999
134800,-95.33919999999999
134700,-95.33919999999999
134600,-94.93919999999999
134500,-94.93919999999999
134400,-94.9132
134300,-94.9132
134200,-94.9132
134100,-94.99919999999999
134000,-94.99919999999999
133900,-94.9602
133800,-94.9602
133700,-94.9602
133600,-95.0632
133500,-95.0632
133400,-95.24919999999999
133300,-95.24919999999999
133200,-95.24919999999999
133100,-95.0042
133000,-95.0042
132900,-94.8012
132800,-94.8012
132700,-94.79619999999998
132600,-94.79619999999998
132500,-94.79619999999998
132400,-94.7942
132300,-94.7942
132200,-94.5992
132100,-94.5992
132000,-94.5992
131900,-94.6232
131800,-94.6232
131700,-94.7922
131600,-94.7922
131500,-94.7922
131400,-94.9012
131300,-94.9012
131200,-95.08219999999999
131100,-95.08219999999999
131000,-95.08219999999999
130900,-94.9312
130800,-94.9312
130700,-94.8132
130600,-94.8132
130500,-94.8062
130400,-94.8062
130300,-94.8062
130200,-94.8462
130100,-94.8462
130000,-94.87219999999999
129900,-94.87219999999999
129800,-94.87219999999999
129700,-94.70719999999999
129600,-94.70719999999999
129500,-94.7002
129400,-94.7002
129300,-94.7002
129200,-94.5152
129100,-94.5152
129000,-94.36819999999999
128900,-94.36819999999999
128800,-94.36819999999999
128700,-94.3412
128600,-94.3412
128500,-94.27919999999999
128400,-94.27919999999999
128300,-94.29719999999999
128200,-94.29719999999999
128100,-94.29719999999999
128000,-94.45719999999999
127900,-94.45719999999999
127800,-94.1792
127700,-94.1792
127600,-94.1792
127500,-93.92219999999999
127400,-93.92219999999999
127300,-93.7542
127200,-93.7542
127100,-93.7542
127000,-93.7652
126900,-93.7652
126800,-93.87519999999999
126700,-93.87519999999999
126600,-93.7452
126500,-93.7452
126400,-93.7452
126300,-93.42119999999998
126200,-93.42119999999998
126100,-93.42219999999999
126000,-93.42219999999999
125900,-93.42219999999999
125800,-93.5022
125700,-93.5022
125600,-93.50519999999999
125500,-93.50519999999999
125400,-93.50519999999999
125300,-93.5982
125200,-93.5982
125100,-93.8712
125000,-93.8712
124900,-93.8712
124800,-94.1702
124700,-94.1702
124600,-94.3312
124500,-94.3312
124400,-93.8832
124300,-93.8832
124200,-93.8832
124100,-93.4372
124000,-93.4372
123900,-93.0972
123800,-93.0972
123700,-93.0972
123600,-92.91019999999999
123500,-92.91019999999999
123400,-92.6992
123300,-92.6992
123200,-92.6992
123100,-92.6982
123000,-92.6982
122900,-92.7282
122800,-92.7282
122700,-92.7282
122600,-92.70819999999999
122500,-92.70819999999999
122400,-92.5502
122300,-92.5502
122200,-92.4832
122100,-92.4832
122000,-92.4832
121900,-92.4092
121800,-92.4092
121700,-92.4132
121600,-92.4132
121500,-92.4132
121400,-92.6642
121300,-92.6642
121200,-92.64819999999999
121100,-92.64819999999999
121000,-92.64819999999999
120900,-92.62219999999999
120800,-92.62219999999999
120700,-92.1862
120600,-92.1862
120500,-92.1862
120400,-92.0782
120300,-92.0782
120200,-91.9772
120100,-91.9772
120000,-91.8012
119900,-91.8012
119800,-91.8012
119700,-91.80219999999998
119600,-91.80219999999998
119500,-91.9142
119400,-91.9142
119300,-91.9142
119200,-92.1452
119100,-92.1452
119000,-92.38619999999999
118900,-92.38619999999999
118800,-92.38619999999999
118700,-92.2982
118600,-92.2982
118500,-92.05919999999999
118400,-92.05919999999999
118300,-91.6332
118200,-91.6332
118100,-91.6332
118000,-91.1292
117900,-91.1292
117800,-91.0402
117700,-91.0402
117600,-91.0402
117500,-91.0722
117400,-91.0722
117300,-91.1752
117200,-91.1752
117100,-91.1752
117000,-91.1592
116900,-91.1592
116800,-91.16019999999999
116700,-91.16019999999999
116600,-91.16019999999999
116500,-91.19619999999999
116400,-91.19619999999999
116300,-90.8012
116200,-90.8012
116100,-90.6852
116000,-90.6852
115900,-90.6852
115800,-90.70819999999999
115700,-90.70819999999999
115600,-90.8642
115500,-90.8642
115400,-90.8642
115300,-91.0492
115200,-91.0492
115100,-91.23719999999999
115000,-91.23719999999999
114900,-91.23719999999999
114800,-91.43919999999999
114700,-91.43919999999999
114600,-91.6032
114500,-91.6032
114400,-91.6032
114300,-91.7742
114200,-91.7742
114100,-91.84519999999999
114000,-91.84519999999999
113900,-91.9032
113800,-91.9032
113700,-91.9032
113600,-91.87419999999999
113500,-91.87419999999999
113400,-91.8552
113300,-91.8552
113200,-91.8552
113100,-91.89819999999999
113000,-91.89819999999999
112900,-91.8712
112800,-91.8712
112700,-91.8712
112600,-91.85019999999999
112500,-91.85019999999999
112400,-91.7522
112300,-91.7522
112200,-91.7522
112100,-91.70819999999999
112000,-91.70819999999999
111900,-91.7222
111800,-91.7222
111700,-91.8542
111600,-91.8542
111500,-91.8542
111400,-91.7332
111300,-91.7332
111200,-91.72519999999999
111100,-91.72519999999999
111000,-91.72519999999999
110900,-91.7272
110800,-91.7272
110700,-91.8462
110600,-91.8462
110500,-91.8462
110400,-92.0512
110300,-92.0512
110200,-92.1402
110100,-92.1402
110000,-92.1402
109900,-91.96919999999999
109800,-91.96919999999999
109700,-91.9952
109600,-91.9952
109500,-92.16619999999999
109400,-92.16619999999999
109300,-92.16619999999999
109200,-92.07019999999999
109100,-92.07019999999999
109000,-91.9602
108900,-91.9602
108800,-91.9602
108700,-91.9982
108600,-91.9982
108500,-92.23819999999999
108400,-92.23819999999999
108300,-92.23819999999999
108200,-92.0012
108100,-92.0012
108000,-91.9242
107900,-91.9242
107800,-91.9362
107700,-91.9362
107600,-91.9362
107500,-91.89219999999999
107400,-91.89219999999999
107300,-91.88719999999999
107200,-91.88719999999999
107100,-91.88719999999999
107000,-91.9552
106900,-91.9552
106800,-92.0982
106700,-92.0982
106600,-92.0982
106500,-92.2222
106400,-92.2222
106300,-92.4412
106200,-92.4412
106100,-92.4412
106000,-92.7152
105900,-92.7152
105800,-92.92719999999998
105700,-92.92719999999998
105600,-93.1702
105500,-93.1702
105400,-93.1702
105300,-93.24919999999999
105200,-93.24919999999999
105100,-93.1142
105000,-93.1142
104900,-93.1142
104800,-92.94019999999999
104700,-92.94019999999999
104600,-92.9672
104500,-92.9672
104400,-92.9672
104300,-93.0672
104200,-93.0672
104100,-92.3952
104000,-92.3952
103900,-92.3952
103800,-92.3432
103700,-92.3432
103600,-92.37419999999999
103500,-92.37419999999999
103400,-92.2782
103300,-92.2782
103200,-92.2782
103100,-91.9532
103000,-91.9532
102900,-91.65419999999999
102800,-91.65419999999999
102700,-91.65419999999999
102600,-91.6092
102500,-91.6092
102400,-91.5812
102300,-91.5812
102200,-91.5812
102100,-91.62419999999999
102000,-91.62419999999999
101900,-91.7092
101800,-91.7092
101700,-91.7092
101600,-91.8352
101500,-91.8352
101400,-92.01219999999999
101300,-92.01219999999999
101200,-92.11819999999999
101100,-92.11819999999999
101000,-92.11819999999999
100900,-92.3762
100800,-92.3762
100700,-92.4952
100600,-92.4952
100500,-92.4952
100400,-92.2062
100300,-92.2062
100200,-91.7932
100100,-91.7932
100000,-91.7932
99900,-92.3817
98899,-92.55869999999999
97898,-91.4957
96897,-91.18169999999999
95896,-90.68669999999999
94895,-91.56869999999999
93894,-90.55969999999999
92893,-89.4527
91892,-90.8137
90891,-91.93169999999999
89890,-91.7807
88889,-89.7877
87888,-89.0807
86887,-91.56769999999999
85886,-90.12769999999999
84885,-91.78569999999999
83884,-93.6417
82883,-92.3917
81882,-88.6177
80881,-92.5047
79880,-91.2387
78879,-90.0317
77878,-88.40169999999999
76877,-90.1707
75876,-89.79969999999999
74875,-89.5157
73874,-90.7897
72873,-90.0607
71872,-90.7837
70871,-90.39869999999999
69870,-92.18969999999999
68869,-89.96669999999999
67868,-90.3287
66867,-87.6317
65866,-90.39269999999999
64865,-89.0137
63864,-89.3697
62863,-89.52069999999999
61862,-89.42469999999999
60861,-88.5957
59860,-89.0807
58859,-90.5217
57858,-89.0107
56857,-89.85369999999999
55856,-90.9157
54855,-89.92869999999999
53854,-91.19869999999999
52853,-88.4037
51852,-90.70769999999999
50851,-88.40769999999999
49850,-90.36269999999999
49749,-90.19269999999999
49648,-88.9707
49547,-89.4027
49446,-89.35369999999999
49345,-89.4357
49244,-89.3767
49143,-87.89869999999999
49042,-88.7597
48941,-88.21069999999999
48840,-89.57969999999999
48739,-89.2637
48638,-89.98169999999999
48537,-90.3707
48436,-90.93969999999999
48335,-89.5257
48234,-88.19369999999999
48133,-88.2847
48032,-90.2637
47931,-91.06569999999999
47830,-90.3617
47729,-88.78869999999999
47628,-87.2357
47527,-88.4627
47426,-89.54469999999999
47325,-89.4977
47224,-89.88969999999999
47123,-91.4707
47022,-90.02369999999999
46921,-88.84769999999999
46820,-89.7777
46719,-89.77369999999999
46618,-90.32669999999999
46517,-88.2497
46416,-88.5157
46315,-88.9567
46214,-89.5347
46113,-89.1347
46012,-88.74069999999999
45911,-90.43969999999999
45810,-89.82669999999999
45709,-92.3647
45608,-91.5547
45507,-88.2487
45406,-90.7427
45305,-89.78869999999999
45204,-87.7117
45103,-88.6917
45002,-88.98769999999999
44901,-90.43369999999999
44800,-89.7837
44699,-88.7927
44598,-88.9867
44497,-88.17869999999999
44396,-88.78869999999999
44295,-91.24969999999999
44194,-89.0257
44093,-91.6567
43992,-91.24369999999999
43891,-90.7837
43790,-89.8137
43689,-89.8817
43588,-88.29469999999999
43487,-88.3397
43386,-88.22169999999998
43285,-90.5937
43184,-89.17469999999999
43083,-89.7207
42982,-88.95769999999999
42881,-89.3427
42780,-89.13069999999999
42679,-88.9327
42578,-89.1567
42477,-88.92269999999999
42376,-89.77669999999999
42275,-92.0007
42174,-89.9027
42073,-88.1737
41972,-88.1647
41871,-88.3847
41770,-89.3137
41669,-88.70769999999999
41568,-87.9337
41467,-89.83569999999999
41366,-90.9747
41265,-90.92769999999999
41164,-91.23469999999999
41063,-89.05269999999999
40962,-90.6947
40861,-90.67169999999999
40760,-88.5217
40659,-87.51169999999999
40558,-87.69369999999999
40457,-89.09469999999999
40356,-88.7297
40255,-88.8727
40154,-88.94969999999999
40053,-88.8437
39952,-89.1467
39851,-88.8767
39750,-90.99669999999999
39649,-89.3527
39548,-88.63069999999999
39447,-88.2847
39346,-88.6107
39245,-89.2667
39144,-90.8137
39043,-90.0577
38942,-89.4587
38841,-90.7607
38740,-87.82369999999999
38639,-88.22269999999999
38538,-89.05669999999999
38437,-88.28269999999999
38336,-88.6207
38235,-89.5957
38134,-88.8637
38033,-88.87769999999999
37932,-88.2367
37831,-89.1407
37730,-90.43969999999999
37629,-88.2017
37528,-89.5927
37427,-89.60069999999999
37326,-88.39869999999999
37225,-90.0007
37124,-88.92269999999999
37023,-90.1537
36922,-90.4357
36821,-89.5867
36720,-90.7757
36619,-89.1327
36518,-89.1537
36417,-88.14869999999999
36316,-88.1307
36215,-88.1317
36114,-88.43769999999999
36013,-88.16369999999999
35912,-89.60669999999999
35811,-89.28569999999999
35710,-90.0777
35609,-87.77069999999999
35508,-86.97169999999998
35407,-89.3677
35306,-90.34769999999999
35205,-89.55569999999999
35104,-89.1447
35003,-89.7897
34902,-91.17769999999999
34801,-90.6047
34700,-90.0607
34599,-89.07169999999999
34498,-89.49069999999999
34397,-88.1797
34296,-88.2027
34195,-87.07469999999999
34094,-87.0837
33993,-87.3907
33892,-88.21669999999999
33791,-87.4637
33690,-89.68169999999999
33589,-89.0017
33488,-89.0457
33387,-87.9207
33286,-89.3107
33185,-89.8767
33084,-89.54669999999999
32983,-87.7747
32882,-88.93169999999999
32781,-88.07869999999998
32680,-88.26169999999999
32579,-87.7427
32478,-88.44669999999999
32377,-89.19369999999999
32276,-90.11869999999999
32175,-90.9037
32074,-89.0997
31973,-90.86869999999999
31872,-89.6377
31771,-87.74669999999999
31670,-88.96669999999999
31569,-89.3397
31468,-88.8667
31367,-88.4117
31266,-88.1237
31165,-89.86869999999999
31064,-89.6027
30963,-87.9417
30862,-88.26769999999999
30761,-89.5337
30660,-88.98469999999999
30559,-88.8047
30458,-88.9807
30357,-89.0367
30256,-89.0897
30155,-88.41369999999999
30054,-87.1537
29953,-88.81169999999999
29942,-88.81169999999999
29931,-88.67469999999999
29920,-88.67469999999999
29909,-88.67469999999999
29898,-88.13669999999999
29887,-88.13669999999999
29876,-88.0877
29865,-88.0877
29854,-87.82469999999999
29843,-87.82469999999999
29832,-87.35869999999998
29821,-87.35869999999998
29810,-87.0707
29799,-87.0707
29788,-87.0707
29777,-88.1617
29766,-88.1617
29755,-87.0467
29744,-87.0467
29733,-88.06269999999999
29722,-88.06269999999999
29711,-87.0727
29700,-87.0727
29689,-87.0727
29678,-89.4587
29667,-89.4587
29656,-88.6617
29645,-88.6617
29634,-89.3137
29623,-89.3137
29612,-88.5347
29601,-88.5347
29590,-89.7457
29579,-89.7457
29568,-89.7457
29557,-89.21669999999999
29546,-89.21669999999999
29535,-89.21969999999999
29524,-89.21969999999999
29513,-88.6507
29502,-88.6507
29491,-89.43669999999999
29480,-89.43669999999999
29469,-89.43669999999999
29458,-89.30869999999999
29447,-89.30869999999999
29436,-89.52369999999999
29425,-89.52369999999999
29414,-89.5157
29403,-89.5157
29392,-88.79769999999999
29381,-88.79769999999999
29370,-88.00169999999999
29359,-88.00169999999999
29348,-88.00169999999999
29337,-89.45769999999999
29326,-89.45769999999999
29315,-87.51769999999999
29304,-87.51769999999999
29293,-88.55969999999999
29282,-88.55969999999999
29271,-87.5397
29260,-87.5397
29249,-87.5397
29238,-89.1947
29227,-89.1947
29216,-88.62769999999999
29205,-88.62769999999999
29194,-88.2567
29183,-88.2567
29172,-87.9927
29161,-87.9927
29150,-88.5007
29139,-88.5007
29128,-88.5007
29117,-88.04169999999999
29106,-88.04169999999999
29095,-87.64869999999999
29084,-87.64869999999999
29073,-86.95469999999999
29062,-86.95469999999999
29051,-87.10869999999998
29040,-87.10869999999998
29029,-87.10869999999998
29018,-87.6057
29007,-87.6057
28996,-89.2567
28985,-89.2567
28974,-88.7117
28963,-88.7117
28952,-88.72569999999999
28941,-88.72569999999999
28930,-88.6107
28919,-88.6107
28908,-88.6107
28897,-88.92869999999999
28886,-88.92869999999999
28875,-88.11569999999999
28864,-88.11569999999999
28853,-87.16269999999999
28842,-87.16269999999999
28831,-86.11569999999999
28820,-86.11569999999999
28809,-86.11569999999999
28798,-86.1077
28787,-86.1077
28776,-86.65069999999999
28765,-86.65069999999999
28754,-87.16869999999999
28743,-87.16869999999999
28732,-87.42469999999999
28721,-87.42469999999999
28710,-88.05669999999999
28699,-88.05669999999999
28688,-88.05669999999999
28677,-87.3567
28666,-87.3567
28655,-87.3637
28644,-87.3637
28633,-88.0957
28622,-88.0957
28611,-87.76369999999999
28600,-87.76369999999999
28589,-87.76369999999999
28578,-87.63269999999999
28567,-87.63269999999999
28556,-87.8327
28545,-87.8327
28534,-88.69569999999999
28523,-88.69569999999999
28512,-89.7517
28501,-89.7517
28490,-87.4457
28479,-87.4457
28468,-87.4457
28457,-88.5897
28446,-88.5897
28435,-87.9567
28424,-87.9567
28413,-88.14269999999999
28402,-88.14269999999999
28391,-87.7027
28380,-87.7027
28369,-87.7027
28358,-89.0347
28347,-89.0347
28336,-88.4087
28325,-88.4087
28314,-88.29769999999999
28303,-88.29769999999999
28292,-87.27369999999999
28281,-87.27369999999999
28270,-88.01369999999999
28259,-88.01369999999999
28248,-88.01369999999999
28237,-88.01369999999999
28226,-88.01369999999999
28215,-88.0997
28204,-88.0997
28193,-87.57869999999998
28182,-87.57869999999998
28171,-88.14869999999999
28160,-88.14869999999999
28149,-88.14869999999999
28138,-87.45969999999998
28127,-87.45969999999998
28116,-87.13669999999999
28105,-87.13669999999999
28094,-87.0867
28083,-87.0867
28072,-87.2487
28061,-87.2487
28050,-87.79369999999999
28039,-87.79369999999999
28028,-87.79369999999999
28017,-88.80569999999999
28006,-88.80569999999999
27995,-87.9057
27984,-87.9057
27973,-88.35969999999999
27962,-88.35969999999999
27951,-88.35969999999999
27940,-88.35969999999999
27929,-88.35969999999999
27918,-89.43369999999999
27907,-89.43369999999999
27896,-88.54769999999999
27885,-88.54769999999999
27874,-89.0347
27863,-89.0347
27852,-88.82069999999999
27841,-88.82069999999999
27830,-89.7367
27819,-89.7367
27808,-89.7367
27797,-88.56469999999999
27786,-88.56469999999999
27775,-89.3437
27764,-89.3437
27753,-89.21069999999999
27742,-89.21069999999999
27731,-88.2257
27720,-88.2257
27709,-88.2257
27698,-86.6837
27687,-86.6837
27676,-86.68169999999999
27665,-86.68169999999999
27654,-87.25869999999999
27643,-87.25869999999999
27632,-87.8637
27621,-87.8637
27610,-87.87169999999999
27599,-87.87169999999999
27588,-87.87169999999999
27577,-89.7327
27566,-89.7327
27555,-89.0247
27544,-89.0247
27533,-89.19569999999999
27522,-89.19569999999999
27511,-88.5607
27500,-88.5607
27489,-88.5607
27478,-89.5697
27467,-89.5697
27456,-89.26769999999999
27445,-89.26769999999999
27434,-88.30969999999999
27423,-88.30969999999999
27412,-88.24669999999999
27401,-88.24669999999999
27390,-89.4867
27379,-89.4867
27368,-89.4867
27357,-88.4757
27346,-88.4757
27335,-88.8347
27324,-88.8347
27313,-88.3497
27302,-88.3497
27291,-89.0257
27280,-89.0257
27269,-89.0257
27258,-87.13669999999999
27247,-87.13669999999999
27236,-87.5887
27225,-87.5887
27214,-86.96569999999998
27203,-86.96569999999998
27192,-88.04469999999999
27181,-88.04469999999999
27170,-87.93669999999999
27159,-87.93669999999999
27148,-87.93669999999999
27137,-87.9387
27126,-87.9387
27115,-87.41069999999999
27104,-87.41069999999999
27093,-87.21069999999999
27082,-87.21069999999999
27071,-86.93769999999999
27060,-86.93769999999999
27049,-86.93769999999999
27038,-85.97869999999999
27027,-85.97869999999999
27016,-85.4097
27005,-85.4097
26994,-86.0607
26983,-86.0607
26972,-85.95369999999998
26961,-85.95369999999998
26950,-85.9087
26939,-85.9087
26928,-85.9087
26917,-85.8267
26906,-85.8267
26895,-86.41369999999999
26884,-86.41369999999999
26873,-87.7327
26862,-87.7327
26851,-89.1527
26840,-89.1527
26829,-89.1527
26818,-89.1537
26807,-89.1537
26796,-89.4887
26785,-89.4887
26774,-88.0307
26763,-88.0307
26752,-88.8197
26741,-88.8197
26730,-88.1857
26719,-88.1857
26708,-88.1857
26697,-89.09169999999999
26686,-89.09169999999999
26675,-88.69869999999999
26664,-88.69869999999999
26653,-88.55569999999999
26642,-88.55569999999999
26631,-88.9717
26620,-88.9717
26609,-88.9717
26598,-90.2747
26587,-90.2747
26576,-90.0317
26565,-90.0317
26554,-90.85069999999999
26543,-90.85069999999999
26532,-89.86869999999999
26521,-89.86869999999999
26510,-88.76769999999999
26499,-88.76769999999999
26488,-88.76769999999999
26477,-88.01469999999999
26466,-88.01469999999999
26455,-89.1287
26444,-89.1287
26433,-88.17269999999999
26422,-88.17269999999999
26411,-88.2027
26400,-88.2027
26389,-88.2027
26378,-88.8397
26367,-88.8397
26356,-89.57669999999999
26345,-89.57669999999999
26334,-87.9977
26323,-87.9977
26312,-88.65769999999999
26301,-88.65769999999999
26290,-86.90069999999999
26279,-86.90069999999999
26268,-86.90069999999999
26257,-86.8997
26246,-86.8997
26235,-86.6287
26224,-86.6287
26213,-86.8137
26202,-86.8137
26191,-87.29969999999999
26180,-87.29969999999999
26169,-87.29969999999999
26158,-88.46569999999998
26147,-88.46569999999998
26136,-86.58569999999999
26125,-86.58569999999999
26114,-87.5777
26103,-87.5777
26092,-87.5777
26081,-87.5777
26070,-88.4737
26059,-88.4737
26048,-88.4737
26037,-88.4737
26026,-88.4737
26015,-89.21369999999999
26004,-89.21369999999999
25993,-88.5307
25982,-88.5307
25971,-88.0667
25960,-88.0667
25949,-88.0667
25938,-88.15769999999999
25927,-88.15769999999999
25916,-88.2477
25905,-88.2477
25894,-88.33569999999999
25883,-88.33569999999999
25872,-89.32969999999999
25861,-89.32969999999999
25850,-89.0377
25839,-89.0377
25828,-89.0377
25817,-89.2397
25806,-89.2397
25795,-88.20369999999998
25784,-88.20369999999998
25773,-88.7907
25762,-88.7907
25751,-88.1917
25740,-88.1917
25729,-88.1917
25718,-88.05569999999999
25707,-88.05569999999999
25696,-88.2117
25685,-88.2117
25674,-87.76369999999999
25663,-87.76369999999999
25652,-87.0997
25641,-87.0997
25630,-87.8437
25619,-87.8437
25608,-87.8437
25597,-87.02669999999999
25586,-87.02669999999999
25575,-87.5157
25564,-87.5157
25553,-87.13869999999999
25542,-87.13869999999999
25531,-86.37769999999999
25520,-86.37769999999999
25509,-86.37769999999999
25498,-85.79169999999999
25487,-85.79169999999999
25476,-86.3847
25465,-86.3847
25454,-85.78769999999999
25443,-85.78769999999999
25432,-86.4677
25421,-86.4677
25410,-86.1477
25399,-86.1477
25388,-86.1477
25377,-87.0767
25366,-87.0767
25355,-86.0337
25344,-86.0337
25333,-86.8857
25322,-86.8857
25311,-86.8857
25300,-86.8857
25289,-86.8857
25278,-88.2477
25267,-88.2477
25256,-89.0457
25245,-89.0457
25234,-89.5287
25223,-89.5287
25212,-88.88369999999999
25201,-88.88369999999999
25190,-88.88369999999999
25179,-89.8167
25168,-89.8167
25157,-88.23969999999998
25146,-88.23969999999998
25135,-89.3427
25124,-89.3427
25113,-88.28869999999999
25102,-88.28869999999999
25091,-88.92869999999999
25080,-88.92869999999999
25069,-88.92869999999999
25058,-87.95969999999998
25047,-87.95969999999998
25036,-88.81169999999999
25025,-88.81169999999999
25014,-87.55569999999999
25003,-87.55569999999999
24992,-88.1187
24981,-88.1187
24970,-88.1187
24959,-87.38669999999999
24948,-87.38669999999999
24937,-87.9627
24926,-87.9627
24915,-87.96069999999999
24904,-87.96069999999999
24893,-87.87169999999999
24882,-87.87169999999999
24871,-87.3277
24860,-87.3277
24849,-87.3277
24838,-87.19969999999999
24827,-87.19969999999999
24816,-87.10369999999999
24805,-87.10369999999999
24794,-87.9177
24783,-87.9177
24772,-85.98469999999999
24761,-85.98469999999999
24750,-85.98469999999999
24739,-87.14569999999999
24728,-87.14569999999999
24717,-86.39869999999999
24706,-86.39869999999999
24695,-86.66069999999999
24684,-86.66069999999999
24673,-86.68169999999999
24662,-86.68169999999999
24651,-86.55569999999999
24640,-86.55569999999999
24629,-86.55569999999999
24618,-85.9767
24607,-85.9767
24596,-85.98469999999999
24585,-85.98469999999999
24574,-86.42469999999999
24563,-86.42469999999999
24552,-87.58569999999999
24541,-87.58569999999999
24530,-87.58569999999999
24519,-87.58569999999999
24508,-87.58569999999999
24497,-88.14869999999999
24486,-88.14869999999999
24475,-88.2507
24464,-88.2507
24453,-88.2787
24442,-88.2787
24431,-89.0167
24420,-89.0167
24409,-89.0167
24398,-89.0807
24387,-89.0807
24376,-89.1527
24365,-89.1527
24354,-89.96669999999999
24343,-89.96669999999999
24332,-89.15469999999999
24321,-89.15469999999999
24310,-89.15469999999999
24299,-88.8917
24288,-88.8917
24277,-88.4837
24266,-88.4837
24255,-88.00769999999999
24244,-88.00769999999999
24233,-87.7077
24222,-87.7077
24211,-88.4827
24200,-88.4827
24189,-88.4827
24178,-87.72169999999998
24167,-87.72169999999998
24156,-87.3687
24145,-87.3687
24134,-87.2067
24123,-87.2067
24112,-88.26769999999999
24101,-88.26769999999999
24090,-88.26769999999999
24079,-87.8427
24068,-87.8427
24057,-88.2727
24046,-88.2727
24035,-88.06269999999999
24024,-88.06269999999999
24013,-88.19969999999999
24002,-88.19969999999999
23991,-87.2357
23980,-87.2357
23969,-87.2357
23958,-87.75769999999999
23947,-87.75769999999999
23936,-87.7207
23925,-87.7207
23914,-88.72869999999999
23903,-88.72869999999999
23892,-87.3737
23881,-87.3737
23870,-87.3737
23859,-88.1197
23848,-88.1197
23837,-87.5867
23826,-87.5867
23815,-87.6117
23804,-87.6117
23793,-87.8907
23782,-87.8907
23771,-88.76769999999999
23760,-88.76769999999999
23749,-88.76769999999999
23738,-88.16069999999999
23727,-88.16069999999999
23716,-86.72269999999999
23705,-86.72269999999999
23694,-86.55969999999999
23683,-86.55969999999999
23672,-87.42469999999999
23661,-87.42469999999999
23650,-87.42469999999999
23639,-86.70469999999999
23628,-86.70469999999999
23617,-86.2667
23606,-86.2667
23595,-86.08569999999999
23584,-86.08569999999999
23573,-85.6177
23562,-85.6177
23551,-85.63869999999999
23540,-85.63869999999999
23529,-85.63869999999999
23518,-86.44669999999999
23507,-86.44669999999999
23496,-86.44669999999999
23485,-86.44669999999999
23474,-86.4757
23463,-86.4757
23452,-85.91369999999999
23441,-85.91369999999999
23430,-85.91369999999999
23419,-86.6117
23408,-86.6117
23397,-85.88669999999999
23386,-85.88669999999999
23375,-86.3727
23364,-86.3727
23353,-86.3577
23342,-86.3577
23331,-87.4677
23320,-87.4677
23309,-87.4677
23298,-86.9177
23287,-86.9177
23276,-87.5647
23265,-87.5647
23254,-87.29469999999999
23243,-87.29469999999999
23232,-87.3797
23221,-87.3797
23210,-87.3797
23199,-87.00169999999999
23188,-87.00169999999999
23177,-87.10969999999999
23166,-87.10969999999999
23155,-87.59769999999999
23144,-87.59769999999999
23133,-88.6857
23122,-88.6857
23111,-88.3267
23100,-88.3267
23089,-88.3267
23078,-87.79169999999999
23067,-87.79169999999999
23056,-86.8317
23045,-86.8317
23034,-88.1107
23023,-88.1107
23012,-86.3577
23001,-86.3577
22990,-86.3577
22979,-87.03169999999999
22968,-87.03169999999999
22957,-87.03169999999999
22946,-87.03169999999999
22935,-88.3397
22924,-88.3397
22913,-86.8507
22902,-86.8507
22891,-88.39869999999999
22880,-88.39869999999999
22869,-88.39869999999999
22858,-88.39269999999999
22847,-88.39269999999999
22836,-87.9417
22825,-87.9417
22814,-87.9447
22803,-87.9447
22792,-88.3997
22781,-88.3997
22770,-88.3997
22759,-88.1057
22748,-88.1057
22737,-88.3547
22726,-88.3547
22715,-87.52669999999999
22704,-87.52669999999999
22693,-88.3567
22682,-88.3567
22671,-88.3437
22660,-88.3437
22649,-88.3437
22638,-88.0587
22627,-88.0587
22616,-87.4637
22605,-87.4637
22594,-88.68069999999999
22583,-88.68069999999999
22572,-87.5277
22561,-87.5277
22550,-87.5277
22539,-88.3817
22528,-88.3817
22517,-87.81869999999999
22506,-87.81869999999999
22495,-89.19569999999999
22484,-89.19569999999999
22473,-88.7477
22462,-88.7477
22451,-89.3797
22440,-89.3797
22429,-89.3797
22418,-88.48469999999999
22407,-88.48469999999999
22396,-89.14569999999999
22385,-89.14569999999999
22374,-87.8557
22363,-87.8557
22352,-89.49669999999999
22341,-89.49669999999999
22330,-89.49669999999999
22319,-88.3307
22308,-88.3307
22297,-87.3627
22286,-87.3627
22275,-86.82169999999999
22264,-86.82169999999999
22253,-87.3387
22242,-87.3387
22231,-86.09069999999998
22220,-86.09069999999998
22209,-86.09069999999998
22198,-86.1287
22187,-86.1287
22176,-86.1717
22165,-86.1717
22154,-87.8307
22143,-87.8307
22132,-86.91969999999999
22121,-86.91969999999999
22110,-86.91969999999999
22099,-87.84069999999998
22088,-87.84069999999998
22077,-86.04369999999999
22066,-86.04369999999999
22055,-86.28769999999999
22044,-86.28769999999999
22033,-86.2087
22022,-86.2087
22011,-85.9327
22000,-85.9327
21989,-85.9327
21978,-85.5227
21967,-85.5227
21956,-86.2367
21945,-86.2367
21934,-86.2057
21923,-86.2057
21912,-86.7847
21901,-86.7847
21890,-86.7847
21879,-86.2847
21868,-86.2847
21857,-86.8637
21846,-86.8637
21835,-87.0947
21824,-87.0947
21813,-88.6147
21802,-88.6147
21791,-88.6147
21780,-88.1167
21769,-88.1167
21758,-88.1017
21747,-88.1017
21736,-86.30669999999999
21725,-86.30669999999999
21714,-87.14569999999999
21703,-87.14569999999999
21692,-86.2417
21681,-86.2417
21670,-86.2417
21659,-87.77369999999999
21648,-87.77369999999999
21637,-87.0587
21626,-87.0587
21615,-87.09069999999998
21604,-87.09069999999998
21593,-87.1587
21582,-87.1587
21571,-87.1587
21560,-86.5277
21549,-86.5277
21538,-85.8917
21527,-85.8917
21516,-85.88269999999999
21505,-85.88269999999999
21494,-85.92269999999999
21483,-85.92269999999999
21472,-86.7427
21461,-86.7427
21450,-86.7427
21439,-85.51769999999999
21428,-85.51769999999999
21417,-86.1827
21406,-86.1827
21395,-85.6717
21384,-85.6717
21373,-87.0927
21362,-87.0927
21351,-87.0927
21340,-86.2077
21329,-86.2077
21318,-86.56269999999999
21307,-86.56269999999999
21296,-86.3497
21285,-86.3497
21274,-86.8437
21263,-86.8437
21252,-85.47269999999999
21241,-85.47269999999999
21230,-85.47269999999999
21219,-85.3917
21208,-85.3917
21197,-85.16069999999999
21186,-85.16069999999999
21175,-86.03169999999999
21164,-86.03169999999999
21153,-84.9627
21142,-84.9627
21131,-84.9627
21120,-85.75169999999999
21109,-85.75169999999999
21098,-84.91869999999999
21087,-84.91869999999999
21076,-85.1377
21065,-85.1377
21054,-84.98369999999998
21043,-84.98369999999998
21032,-85.50269999999999
21021,-85.50269999999999
21010,-85.50269999999999
20999,-85.35269999999998
20988,-85.35269999999998
20977,-84.91269999999999
20966,-84.91269999999999
20955,-84.6127
20944,-84.6127
20933,-86.1897
20922,-86.1897
20911,-86.1897
20900,-85.77969999999999
20889,-85.77969999999999
20878,-85.12169999999999
20867,-85.12169999999999
20856,-84.73369999999998
20845,-84.73369999999998
20834,-85.5827
20823,-85.5827
20812,-85.00769999999999
20801,-85.00769999999999
20790,-85.00769999999999
20779,-85.39569999999999
20768,-85.39569999999999
20757,-85.0887
20746,-85.0887
20735,-85.42569999999999
20724,-85.42569999999999
20713,-84.8517
20702,-84.8517
20691,-84.8517
20680,-84.7847
20669,-84.7847
20658,-84.77069999999999
20647,-84.77069999999999
20636,-85.18769999999999
20625,-85.18769999999999
20614,-85.18669999999999
20603,-85.18669999999999
20592,-86.1117
20581,-86.1117
20570,-86.1117
20559,-86.1117
20548,-86.1117
20537,-85.9617
20526,-85.9617
20515,-85.95369999999998
20504,-85.95369999999998
20493,-86.09069999999998
20482,-86.09069999999998
20471,-86.09069999999998
20460,-85.7687
20449,-85.7687
20438,-85.2807
20427,-85.2807
20416,-84.6737
20405,-84.6737
20394,-83.93669999999999
20383,-83.93669999999999
20372,-83.93069999999999
20361,-83.93069999999999
20350,-83.93069999999999
20339,-84.2017
20328,-84.2017
20317,-84.5047
20306,-84.5047
20295,-84.9947
20284,-84.9947
20273,-85.7967
20262,-85.7967
20251,-85.7967
20240,-86.51969999999999
20229,-86.51969999999999
20218,-85.82369999999999
20207,-85.82369999999999
20196,-86.3877
20185,-86.3877
20174,-86.57369999999999
20163,-86.57369999999999
20152,-87.95969999999998
20141,-87.95969999999998
20130,-87.95969999999998
20119,-87.28869999999999
20108,-87.28869999999999
20097,-85.7927
20086,-85.7927
20075,-84.8967
20064,-84.8967
20053,-84.62769999999999
20042,-84.62769999999999
20031,-84.62769999999999
20020,-84.12669999999999
20009,-84.12669999999999
19000,-86.81729999999999
18900,-84.36229999999999
18800,-84.3253
18700,-86.1503
18600,-85.8603
18500,-84.6433
18400,-85.0253
18300,-84.14229999999999
18200,-84.3123
18100,-85.1493
18000,-84.7653
17900,-84.1733
17800,-84.65129999999999
17700,-85.4563
17600,-84.54429999999999
17500,-83.83829999999999
17400,-84.8053
17300,-85.6143
17200,-85.5423
17100,-82.90929999999999
17000,-84.0433
16900,-83.9533
16800,-84.40729999999999
16700,-82.8283
16600,-85.5523
16500,-83.6643
16400,-85.0893
16300,-83.41529999999999
16200,-84.28229999999999
16100,-81.9543
16000,-81.85529999999999
15900,-83.56429999999999
15800,-83.48629999999999
15700,-83.65929999999999
15600,-83.6393
15500,-82.08229999999999
15400,-82.7003
15300,-81.1793
15200,-83.04029999999999
15100,-85.13929999999999
15000,-82.2353
14900,-81.8953
14800,-82.0253
14700,-83.3423
14600,-83.2803
14500,-83.5533
14400,-81.3273
14300,-82.6823
14200,-81.3103
14100,-82.5483
14000,-82.5623
13900,-82.1193
13800,-83.4313
13700,-81.2583
13600,-81.6993
13500,-81.35029999999999
13400,-81.38629999999999
13300,-82.02929999999999
13200,-82.32029999999999
13100,-81.7113
13000,-81.26029999999999
12900,-80.7803
12800,-80.8993
12700,-81.3133
12600,-81.3713
12500,-80.8253
12400,-81.3303
12300,-79.90429999999999
12200,-79.2993
12100,-82.1853
12000,-81.77329999999999
11900,-80.7713
11800,-79.77329999999999
11700,-80.0833
11600,-79.7163
11500,-79.87929999999999
11400,-81.24229999999999
11300,-80.1613
11200,-79.1983
11100,-79.7023
11000,-80.1793
10900,-80.63529999999999
10800,-80.41329999999999
10700,-79.3293
10600,-81.3783
10500,-80.3153
10400,-79.4173
10300,-79.0613
10200,-79.1763
10100,-79.4733
10000,-78.6263
9900,-78.6103
9800,-79.54629999999999
9700,-79.5893
9600,-80.43929999999999
9500,-79.1493
9400,-78.75429999999999
9300,-78.85629999999999
9200,-79.43329999999999
9100,-78.0023
9000,-78.89129999999999
8900,-78.7633
8800,-79.0133
8700,-78.84429999999999
8600,-78.5813
8500,-78.0203
8400,-79.8883
8300,-81.91029999999999
8200,-78.5743
8100,-79.0563
8000,-78.03529999999999
7900,-78.1453
7800,-76.7993
7700,-77.86229999999999
7600,-77.5023
7500,-77.7043
7400,-79.11229999999999
7300,-77.6853
7200,-79.5813
7100,-77.62329999999999
7000,-78.6463
6900,-77.5833
6800,-77.87329999999999
6700,-78.2223
6600,-75.89129999999999
6500,-76.7993
6400,-78.1043
6300,-78.6923
6200,-77.37429999999999
6100,-76.5743
6000,-78.5153
5900,-77.8633
5800,-76.9893
5700,-77.42229999999999
5600,-76.6973
5500,-77.9363
5400,-76.6223
5300,-77.6553
5200,-77.4263
5100,-77.3993
5000,-77.6323
4900,-77.3723
4800,-77.3253
4700,-77.9383
4600,-77.0853
4500,-75.8303
4400,-77.54429999999999
4300,-75.6683
4200,-74.8873
4100,-76.20129999999999
4000,-77.3213
3900,-74.6903
3800,-75.6443
3700,-75.14729999999999
3600,-75.20129999999999
3500,-76.4523
3400,-77.5143
3300,-76.9063
3200,-76.0243
3100,-74.7163
3000,-76.7683
2900,-74.3723
2800,-75.33229999999999
2700,-77.0373
2600,-74.8113
2500,-76.5133
2400,-76.77229999999999
2300,-75.7583
2200,-75.8953
2100,-74.8953
2000,-74.84429999999999
1990,-74.91029999999999
1980,-74.49929999999999
1970,-73.65729999999999
1960,-74.35529999999999
1950,-75.0193
1940,-74.3703
1930,-74.26729999999999
1920,-74.4013
1910,-74.6463
1900,-74.66929999999999
1890,-74.5843
1880,-74.9403
1870,-75.6933
1860,-75.9303
1850,-75.4733
1840,-75.6083
1830,-75.4463
1820,-75.0183
1810,-75.41629999999999
1800,-75.27829999999999
1790,-75.42129999999999
1780,-75.4623
1770,-76.0253
1760,-76.4893
1750,-76.14729999999999
1740,-74.9893
1730,-75.2263
1720,-75.7453
1710,-75.3653
1700,-75.5903
1690,-75.6073
1680,-75.8253
1670,-75.8373
1660,-76.36129999999999
1650,-77.4023
1640,-78.1433
1630,-77.48729999999999
1620,-76.9493
1610,-76.3313
1600,-76.2713
1590,-75.5663
1580,-75.9523
1570,-76.3693
1560,-75.7333
1550,-75.40729999999999
1540,-75.0573
1530,-74.6253
1520,-74.0753
1510,-74.49829999999999
1500,-73.94529999999999
1490,-74.5533
1480,-74.0753
1470,-74.3473
1460,-74.5213
1450,-74.78529999999999
1440,-75.44529999999999
1430,-75.6763
1420,-75.15929999999999
1410,-75.7153
1400,-75.4083
1390,-75.2023
1380,-75.5093
1370,-76.5653
1360,-75.9543
1350,-75.98029999999999
1340,-76.8763
1330,-76.8163
1320,-76.3483
1310,-76.0253
1300,-74.89729999999999
1290,-74.9713
1280,-74.63029999999999
1270,-75.53829999999999
1260,-75.7993
1250,-76.1223
1240,-76.2123
1230,-76.3003
1220,-76.4363
1210,-76.1253
1200,-76.42129999999999
1190,-76.73629999999999
1180,-75.1463
1170,-75.0833
1160,-75.4203
1150,-76.2103
1140,-76.32629999999999
1130,-76.50529999999999
1120,-76.5863
1110,-76.54629999999999
1100,-75.93329999999999
1099,-75.93329999999999
1098,-75.93329999999999
1097,-75.79129999999999
1096,-75.79129999999999
1095,-75.79129999999999
1094,-75.79129999999999
1093,-75.79129999999999
1092,-75.5313
1091,-75.5313
1090,-75.5313
1089,-75.5313
1088,-75.5313
1087,-75.90329999999999
1086,-75.90329999999999
1085,-75.90329999999999
1084,-75.90329999999999
1083,-75.90329999999999
1082,-75.5433
1081,-75.5433
1080,-75.5433
1079,-75.5433
1078,-75.5433
1077,-75.95729999999999
1076,-75.95729999999999
1075,-75.95729999999999
1074,-75.95729999999999
1073,-75.95729999999999
1072,-75.6493
1071,-75.6493
1070,-75.6493
1069,-75.6493
1068,-75.6493
1067,-75.9083
1066,-75.9083
1065,-75.9083
1064,-75.9083
1063,-75.9083
1062,-75.6843
1061,-75.6843
1060,-75.6843
1059,-75.6843
1058,-75.6843
1057,-75.8303
1056,-75.8303
1055,-75.8303
1054,-75.8303
1053,-75.7653
1052,-75.7653
1051,-75.7653
1050,-75.7653
1049,-75.7653
1048,-75.6453
1047,-75.6453
1046,-75.6453
1045,-75.6453
1044,-75.6453
1043,-75.6843
1042,-75.6843
1041,-75.6843
1040,-75.6843
1039,-75.6843
1038,-75.6863
1037,-75.6863
1036,-75.6863
1035,-75.6863
1034,-75.6863
1033,-74.1323
1032,-74.1323
1031,-74.1323
1030,-74.1323
1029,-74.1323
1028,-74.0723
1027,-74.0723
1026,-74.0723
1025,-74.0723
1024,-74.0723
1023,-74.08829999999999
1022,-74.08829999999999
1021,-74.08829999999999
1020,-74.08829999999999
1019,-74.08829999999999
1018,-75.01029999999999
1017,-75.01029999999999
1016,-75.01029999999999
1015,-75.01029999999999
1014,-75.01029999999999
1013,-74.4023
1012,-74.4023
1011,-74.4023
1010,-74.4023
1009,-74.8783
1008,-74.8783
1007,-74.8783
1006,-74.8783
1005,-74.8783
1004,-73.9773
1003,-73.9773
1002,-73.9773
1001,-73.9773
1000,-73.9773
