10000000,-131.41920000000002
9900000,-132.0462
9800000,-131.6142
9700000,-131.6112
9600000,-131.49120000000002
9500000,-131.0762
9400000,-131.9982
9300000,-131.0062
9200000,-133.2272
9100000,-132.5592
9000000,-132.56820000000002
8900000,-132.1442
8800000,-131.37720000000002
8700000,-132.0072
8600000,-132.30620000000002
8500000,-132.1442
8400000,-130.80020000000002
8300000,-132.1062
8200000,-131.9882
8100000,-130.13320000000002
8000000,-131.9302
7900000,-132.68720000000002
7800000,-132.0732
7700000,-130.3642
7600000,-130.9452
7500000,-132.2152
7400000,-132.2572
7300000,-130.8822
7200000,-130.71720000000002
7100000,-130.42520000000002
7000000,-130.1612
6900000,-130.83620000000002
6800000,-131.3112
6700000,-130.8492
6600000,-130.90820000000002
6500000,-130.9812
6400000,-130.8512
6300000,-130.2482
6200000,-129.9942
6100000,-129.9702
6000000,-129.71120000000002
5900000,-130.34820000000002
5800000,-131.5702
5700000,-131.7262
5600000,-130.4522
5500000,-129.5782
5400000,-132.1132
5300000,-131.4032
5200000,-131.3992
5100000,-129.93220000000002
5000000,-130.4032
4900000,-128.9742
4800000,-129.3402
4700000,-129.2732
4600000,-130.05120000000002
4500000,-130.0612
4400000,-129.5162
4300000,-129.4742
4200000,-130.48420000000002
4100000,-129.3222
4000000,-129.21120000000002
3900000,-129.6142
3800000,-128.9942
3700000,-129.5242
3600000,-128.48420000000002
3500000,-128.0962
3400000,-128.7202
3300000,-127.5922
3200000,-127.4532
3100000,-127.8642
3000000,-127.8532
2900000,-127.3122
2800000,-126.55319999999999
2700000,-126.5482
2600000,-126.2642
2500000,-125.8472
2400000,-125.35019999999999
2300000,-125.47019999999999
2200000,-125.7212
2100000,-123.4542
2000000,-123.27319999999999
1900000,-125.1802
1800000,-124.02319999999999
1700000,-123.3162
1600000,-121.1752
1500000,-121.4902
1400000,-120.8422
1300000,-120.74419999999999
1200000,-119.2942
1190000,-119.05819999999999
1180000,-119.1032
1170000,-119.22519999999999
1160000,-118.97019999999999
1150000,-119.27219999999998
1149000,-119.27219999999998
1148000,-118.92219999999999
1147000,-118.92219999999999
1146000,-118.92219999999999
1145000,-118.5982
1144000,-118.5982
1143000,-118.5982
1142000,-118.5852
1141000,-118.5852
1140000,-118.6042
1139000,-118.6042
1138000,-118.6042
1137000,-118.7392
1136000,-118.7392
1135000,-118.7392
1134000,-118.7532
1133000,-118.7532
1132000,-118.7582
1131000,-118.7582
1130000,-118.7582
1129000,-118.49219999999998
1128000,-118.49219999999998
1127000,-118.49219999999998
1126000,-118.49319999999999
1125000,-118.49319999999999
1124000,-118.3402
1123000,-118.3402
1122000,-118.3402
1121000,-118.4612
1120000,-118.4612
1119000,-118.4612
1118000,-118.50619999999999
1117000,-118.50619999999999
1116000,-118.50619999999999
1115000,-118.50019999999999
1114000,-118.50019999999999
1113000,-118.1092
1112000,-118.1092
1111000,-118.1092
1110000,-118.10619999999999
1109000,-118.10619999999999
1108000,-118.10619999999999
1107000,-118.0982
1106000,-118.0982
1105000,-118.0842
1104000,-118.0842
1103000,-118.0842
1102000,-118.1682
1101000,-118.1682
1100000,-118.1682
1099000,-118.1452
1098000,-118.1452
1097000,-118.0442
1096000,-118.0442
1095000,-118.0442
1094000,-118.05219999999998
1093000,-118.05219999999998
1092000,-118.05219999999998
1091000,-118.1872
1090000,-118.1872
1089000,-118.1992
1088000,-118.1992
1087000,-118.1992
1086000,-118.3342
1085000,-118.3342
1084000,-118.3342
1083000,-118.4062
1082000,-118.4062
1081000,-118.20619999999998
1080000,-118.20619999999998
1079000,-118.20619999999998
1078000,-117.77919999999999
1077000,-117.77919999999999
1076000,-117.77919999999999
1075000,-117.52720000000001
1074000,-117.52720000000001
1073000,-117.51119999999999
1072000,-117.51119999999999
1071000,-117.51119999999999
1070000,-117.55720000000001
1069000,-117.55720000000001
1068000,-117.55720000000001
1067000,-117.4072
1066000,-117.4072
1065000,-117.4072
1064000,-117.35519999999998
1063000,-117.35519999999998
1062000,-117.26219999999999
1061000,-117.26219999999999
1060000,-117.26219999999999
1059000,-116.98819999999999
1058000,-116.98819999999999
1057000,-116.98819999999999
1056000,-116.86719999999998
1055000,-116.86719999999998
1054000,-116.86819999999999
1053000,-116.86819999999999
1052000,-116.86819999999999
1051000,-116.92719999999998
1050000,-116.92719999999998
1049000,-116.92719999999998
1048000,-116.8522
1047000,-116.8522
1046000,-116.8472
1045000,-116.8472
1044000,-116.8472
1043000,-116.55819999999999
1042000,-116.55819999999999
1041000,-116.55819999999999
1040000,-116.5732
1039000,-116.5732
1038000,-116.79719999999999
1037000,-116.79719999999999
1036000,-116.79719999999999
1035000,-116.9182
1034000,-116.9182
1033000,-116.9182
1032000,-116.93419999999999
1031000,-116.93419999999999
1030000,-117.1022
1029000,-117.1022
1028000,-117.1022
1027000,-116.93919999999999
1026000,-116.93919999999999
1025000,-116.93919999999999
1024000,-116.93419999999999
1023000,-116.93419999999999
1022000,-116.93419999999999
1021000,-116.92620000000001
1020000,-116.92620000000001
1019000,-116.88619999999999
1018000,-116.88619999999999
1017000,-116.88619999999999
1016000,-116.81519999999999
1015000,-116.81519999999999
1014000,-116.81519999999999
1013000,-116.43220000000001
1012000,-116.43220000000001
1011000,-116.3222
1010000,-116.3222
1009000,-116.3222
1008000,-115.9612
1007000,-115.9612
1006000,-115.9612
1005000,-115.9792
1004000,-115.9792
1003000,-116.1582
1002000,-116.1582
1001000,-116.1582
1000000,-116.20819999999999
999000,-117.6632
989000,-118.3722
979000,-118.07719999999999
969000,-115.8162
959000,-118.2512
949000,-118.5262
939000,-115.50019999999999
929000,-116.51719999999999
919000,-117.0012
909000,-116.04719999999999
899000,-115.1022
889000,-116.1502
879000,-117.8652
869000,-115.49819999999998
859000,-116.77919999999999
849000,-116.51619999999998
839000,-116.10119999999999
829000,-116.6562
819000,-115.6432
809000,-114.98219999999999
799000,-114.0362
789000,-115.5542
779000,-114.84519999999999
769000,-116.2392
759000,-113.9552
749000,-115.65220000000001
739000,-115.0012
729000,-113.85619999999999
719000,-114.02319999999999
709000,-113.87419999999999
699000,-114.0852
689000,-113.05720000000001
679000,-113.96819999999998
669000,-112.7392
659000,-111.0742
649000,-112.18820000000001
639000,-113.30819999999999
629000,-112.56519999999999
619000,-111.9192
609000,-112.6272
599000,-111.39819999999999
589000,-112.8302
579000,-111.13019999999999
569000,-110.3112
559000,-110.2802
549000,-108.8362
539000,-107.6382
529000,-108.0022
519000,-110.4602
509000,-108.49919999999999
499000,-110.0432
489000,-109.5242
479000,-108.77219999999998
469000,-108.89020000000001
459000,-110.17020000000001
449000,-108.11819999999999
439000,-107.6742
429000,-106.34519999999999
419000,-107.12419999999999
409000,-106.81419999999999
399000,-106.55319999999999
389000,-108.40419999999999
379000,-107.1862
369000,-106.5742
359000,-106.77120000000001
349000,-106.2292
339000,-106.8462
329000,-105.8792
319000,-104.39219999999999
309000,-105.17119999999998
299000,-103.4562
289000,-103.2302
279000,-104.42719999999998
269000,-103.61219999999999
259000,-101.7292
249000,-101.9052
239000,-102.8762
229000,-103.0042
219000,-100.43319999999999
209000,-101.1172
199000,-100.0612
198000,-100.3942
197000,-101.24719999999999
196000,-101.2102
195000,-100.9952
194000,-100.45819999999999
193000,-99.4262
192000,-99.10019999999999
191000,-98.5192
190000,-99.82619999999999
189000,-99.8542
188000,-99.55219999999998
187000,-99.0732
186000,-98.5202
185000,-98.5622
184000,-98.9902
183000,-99.42719999999998
182000,-98.8062
181000,-98.5342
180000,-98.4472
179000,-97.9562
178000,-98.17119999999998
177000,-98.64819999999999
176000,-98.2692
175000,-97.4122
174000,-96.8822
173000,-96.55819999999999
172000,-96.5162
171000,-97.0392
170000,-98.1292
169000,-98.84519999999999
168000,-99.10119999999999
167000,-98.9652
166000,-99.0222
165000,-98.5872
164000,-97.58819999999999
163000,-97.0902
162000,-97.0392
161000,-97.0912
160000,-97.0102
159000,-96.6052
158000,-96.3892
157000,-96.7582
156000,-96.70819999999999
155000,-96.70119999999999
154000,-96.7862
153000,-97.4832
152000,-96.88419999999999
151000,-97.27319999999999
150000,-96.38419999999999
149900,-96.38419999999999
149800,-96.38419999999999
149700,-96.00919999999999
149600,-96.00919999999999
149500,-95.8162
149400,-95.8162
149300,-95.8172
149200,-95.8172
149100,-95.8172
149000,-95.9602
148900,-95.9602
148800,-96.04619999999998
148700,-96.04619999999998
148600,-96.04619999999998
148500,-96.0082
148400,-96.0082
148300,-95.98519999999999
148200,-95.98519999999999
148100,-95.98519999999999
148000,-96.0132
147900,-96.0132
147800,-96.11319999999999
147700,-96.11319999999999
147600,-95.6702
147500,-95.6702
147400,-95.6702
147300,-95.32019999999999
147200,-95.32019999999999
147100,-94.7992
147000,-94.7992
146900,-94.7992
146800,-94.2932
146700,-94.2932
146600,-94.1592
146500,-94.1592
146400,-94.1592
146300,-94.1202
146200,-94.1202
146100,-94.1512
146000,-94.1512
145900,-94.1512
145800,-94.2272
145700,-94.2272
145600,-94.2162
145500,-94.2162
145400,-94.2242
145300,-94.2242
145200,-94.2242
145100,-94.18919999999999
145000,-94.18919999999999
144900,-94.17219999999999
144800,-94.17219999999999
144700,-94.17219999999999
144600,-94.1392
144500,-94.1392
144400,-94.13019999999999
144300,-94.13019999999999
144200,-94.13019999999999
144100,-94.2332
144000,-94.2332
143900,-94.1632
143800,-94.1632
143700,-94.1632
143600,-94.1582
143500,-94.1582
143400,-94.2752
143300,-94.2752
143200,-94.5382
143100,-94.5382
143000,-94.5382
142900,-94.5162
142800,-94.5162
142700,-94.5192
142600,-94.5192
142500,-94.5192
142400,-94.72519999999999
142300,-94.72519999999999
142200,-94.79119999999999
142100,-94.79119999999999
142000,-94.79119999999999
141900,-94.7692
141800,-94.7692
141700,-94.78519999999999
141600,-94.78519999999999
141500,-94.78519999999999
141400,-94.89819999999999
141300,-94.89819999999999
141200,-95.1082
141100,-95.1082
141000,-95.38719999999999
140900,-95.38719999999999
140800,-95.38719999999999
140700,-95.4842
140600,-95.4842
140500,-95.36019999999999
140400,-95.36019999999999
140300,-95.36019999999999
140200,-95.3292
140100,-95.3292
140000,-95.3242
139900,-95.3242
139800,-95.3242
139700,-95.1982
139600,-95.1982
139500,-94.9012
139400,-94.9012
139300,-94.9012
139200,-94.7812
139100,-94.7812
139000,-94.7332
138900,-94.7332
138800,-94.69019999999999
138700,-94.69019999999999
138600,-94.69019999999999
138500,-94.70819999999999
138400,-94.70819999999999
138300,-94.9502
138200,-94.9502
138100,-94.9502
138000,-95.2512
137900,-95.2512
137800,-95.5132
137700,-95.5132
137600,-95.5132
137500,-95.6812
137400,-95.6812
137300,-95.7632
137200,-95.7632
137100,-95.8902
137000,-95.8902
136900,-95.8902
136800,-96.0782
136700,-96.0782
136600,-95.8042
136500,-95.8042
136400,-95.8042
136300,-95.6472
136200,-95.6472
136100,-95.6852
136000,-95.6852
135900,-95.6852
135800,-95.83819999999999
135700,-95.83819999999999
135600,-95.9232
135500,-95.9232
135400,-95.9232
135300,-96.1082
135200,-96.1082
135100,-96.3732
135000,-96.3732
134900,-96.57719999999999
134800,-96.57719999999999
134700,-96.57719999999999
134600,-96.6922
134500,-96.6922
134400,-96.93319999999999
134300,-96.93319999999999
134200,-96.93319999999999
134100,-96.8712
134000,-96.8712
133900,-96.5402
133800,-96.5402
133700,-96.5402
133600,-96.2632
133500,-96.2632
133400,-96.0852
133300,-96.0852
133200,-96.0852
133100,-96.1022
133000,-96.1022
132900,-96.3352
132800,-96.3352
132700,-96.30319999999999
132600,-96.30319999999999
132500,-96.30319999999999
132400,-96.25319999999999
132300,-96.25319999999999
132200,-96.2332
132100,-96.2332
132000,-96.2332
131900,-96.2302
131800,-96.2302
131700,-96.2762
131600,-96.2762
131500,-96.2762
131400,-96.3372
131300,-96.3372
131200,-96.3172
131100,-96.3172
131000,-96.3172
130900,-96.1112
130800,-96.1112
130700,-96.11919999999999
130600,-96.11919999999999
130500,-95.9802
130400,-95.9802
130300,-95.9802
130200,-95.9802
130100,-95.9802
130000,-95.8582
129900,-95.8582
129800,-95.8582
129700,-95.8582
129600,-95.8582
129500,-95.9662
129400,-95.9662
129300,-95.9662
129200,-95.8912
129100,-95.8912
129000,-95.8002
128900,-95.8002
128800,-95.7272
128700,-95.7272
128600,-95.7272
128500,-95.38619999999999
128400,-95.38619999999999
128300,-95.3062
128200,-95.3062
128100,-95.3062
128000,-95.3122
127900,-95.3122
127800,-95.1672
127700,-95.1672
127600,-95.1672
127500,-94.7742
127400,-94.7742
127300,-94.77319999999999
127200,-94.77319999999999
127100,-94.77319999999999
127000,-94.85719999999999
126900,-94.85719999999999
126800,-95.0012
126700,-95.0012
126600,-95.0362
126500,-95.0362
126400,-95.0362
126300,-95.18419999999999
126200,-95.18419999999999
126100,-95.34519999999999
126000,-95.34519999999999
125900,-95.34519999999999
125800,-95.2582
125700,-95.2582
125600,-95.2162
125500,-95.2162
125400,-95.2162
125300,-95.0272
125200,-95.0272
125100,-95.0332
125000,-95.0332
124900,-95.0332
124800,-95.0972
124700,-95.0972
124600,-94.86019999999999
124500,-94.86019999999999
124400,-94.86019999999999
124300,-94.86019999999999
124200,-94.86019999999999
124100,-95.0782
124000,-95.0782
123900,-95.2452
123800,-95.2452
123700,-95.2452
123600,-94.9232
123500,-94.9232
123400,-94.91019999999999
123300,-94.91019999999999
123200,-94.91019999999999
123100,-94.9152
123000,-94.9152
122900,-94.87419999999999
122800,-94.87419999999999
122700,-94.87419999999999
122600,-94.8412
122500,-94.8412
122400,-94.4442
122300,-94.4442
122200,-94.2452
122100,-94.2452
122000,-94.2452
121900,-93.9052
121800,-93.9052
121700,-93.9052
121600,-93.9052
121500,-93.9052
121400,-93.9612
121300,-93.9612
121200,-93.9922
121100,-93.9922
121000,-93.9922
120900,-93.98519999999999
120800,-93.98519999999999
120700,-94.05319999999999
120600,-94.05319999999999
120500,-94.05319999999999
120400,-93.9862
120300,-93.9862
120200,-94.0282
120100,-94.0282
120000,-94.1172
119900,-94.1172
119800,-94.1172
119700,-94.1152
119600,-94.1152
119500,-94.1272
119400,-94.1272
119300,-94.1272
119200,-94.08219999999999
119100,-94.08219999999999
119000,-94.08219999999999
118900,-94.08219999999999
118800,-94.08219999999999
118700,-94.2172
118600,-94.2172
118500,-94.3892
118400,-94.3892
118300,-94.50519999999999
118200,-94.50519999999999
118100,-94.50519999999999
118000,-94.5992
117900,-94.5992
117800,-94.7122
117700,-94.7122
117600,-94.7122
117500,-94.73519999999999
117400,-94.73519999999999
117300,-94.5912
117200,-94.5912
117100,-94.5912
117000,-94.6172
116900,-94.6172
116800,-94.62419999999999
116700,-94.62419999999999
116600,-94.62419999999999
116500,-94.47619999999999
116400,-94.47619999999999
116300,-94.3612
116200,-94.3612
116100,-94.2222
116000,-94.2222
115900,-94.2222
115800,-94.2392
115700,-94.2392
115600,-94.43419999999999
115500,-94.43419999999999
115400,-94.43419999999999
115300,-94.6332
115200,-94.6332
115100,-94.4412
115000,-94.4412
114900,-94.4412
114800,-94.44019999999999
114700,-94.44019999999999
114600,-94.51719999999999
114500,-94.51719999999999
114400,-94.51719999999999
114300,-94.5162
114200,-94.5162
114100,-94.27919999999999
114000,-94.27919999999999
113900,-93.9842
113800,-93.9842
113700,-93.9842
113600,-93.9802
113500,-93.9802
113400,-94.1032
113300,-94.1032
113200,-94.1032
113100,-93.9432
113000,-93.9432
112900,-93.9422
112800,-93.9422
112700,-93.9422
112600,-94.15419999999999
112500,-94.15419999999999
112400,-94.50319999999999
112300,-94.50319999999999
112200,-94.50319999999999
112100,-94.6942
112000,-94.6942
111900,-94.7042
111800,-94.7042
111700,-94.68419999999999
111600,-94.68419999999999
111500,-94.68419999999999
111400,-94.4672
111300,-94.4672
111200,-94.0322
111100,-94.0322
111000,-94.0322
110900,-93.9682
110800,-93.9682
110700,-94.0332
110600,-94.0332
110500,-94.0332
110400,-93.96319999999999
110300,-93.96319999999999
110200,-93.9312
110100,-93.9312
110000,-93.9312
109900,-93.9312
109800,-93.9312
109700,-94.1332
109600,-94.1332
109500,-94.11819999999999
109400,-94.11819999999999
109300,-94.11819999999999
109200,-93.9302
109100,-93.9302
109000,-93.92819999999999
108900,-93.92819999999999
108800,-93.92819999999999
108700,-94.0432
108600,-94.0432
108500,-94.0332
108400,-94.0332
108300,-94.0332
108200,-93.9772
108100,-93.9772
108000,-93.97619999999999
107900,-93.97619999999999
107800,-94.0392
107700,-94.0392
107600,-94.0392
107500,-94.17119999999998
107400,-94.17119999999998
107300,-94.48719999999999
107200,-94.48719999999999
107100,-94.48719999999999
107000,-94.52319999999999
106900,-94.52319999999999
106800,-94.5252
106700,-94.5252
106600,-94.5252
106500,-94.55319999999999
106400,-94.55319999999999
106300,-94.1742
106200,-94.1742
106100,-94.1742
106000,-94.1692
105900,-94.1692
105800,-94.10019999999999
105700,-94.10019999999999
105600,-94.11319999999999
105500,-94.11319999999999
105400,-94.11319999999999
105300,-94.2722
105200,-94.2722
105100,-94.3522
105000,-94.3522
104900,-94.3522
104800,-94.3312
104700,-94.3312
104600,-94.1272
104500,-94.1272
104400,-94.1272
104300,-93.9922
104200,-93.9922
104100,-93.8462
104000,-93.8462
103900,-93.8462
103800,-93.7222
103700,-93.7222
103600,-93.70719999999999
103500,-93.70719999999999
103400,-93.7332
103300,-93.7332
103200,-93.7332
103100,-93.9442
103000,-93.9442
102900,-94.11619999999999
102800,-94.11619999999999
102700,-94.11619999999999
102600,-94.23519999999999
102500,-94.23519999999999
102400,-94.5842
102300,-94.5842
102200,-94.5842
102100,-94.56419999999999
102000,-94.56419999999999
101900,-94.2052
101800,-94.2052
101700,-94.2052
101600,-93.8192
101500,-93.8192
101400,-93.73219999999999
101300,-93.73219999999999
101200,-93.4672
101100,-93.4672
101000,-93.4672
100900,-93.46419999999999
100800,-93.46419999999999
100700,-93.6092
100600,-93.6092
100500,-93.6092
100400,-93.8192
100300,-93.8192
100200,-93.8162
100100,-93.8162
100000,-93.8162
99900,-92.1617
98899,-90.53869999999999
97898,-93.3997
96897,-91.3847
95896,-93.20169999999999
94895,-90.6947
93894,-91.06869999999999
92893,-90.1857
91892,-90.91669999999999
90891,-92.3287
89890,-90.7547
88889,-92.67869999999999
87888,-90.1947
86887,-90.5427
85886,-91.18969999999999
84885,-91.7397
83884,-91.42869999999999
82883,-91.2757
81882,-89.1437
80881,-89.5157
79880,-90.2417
78879,-89.90769999999999
77878,-90.22869999999999
76877,-87.4527
75876,-89.80569999999999
74875,-88.4947
73874,-90.4177
72873,-88.56269999999999
71872,-89.9627
70871,-90.61869999999999
69870,-88.78269999999999
68869,-88.67869999999999
67868,-87.30969999999999
66867,-89.0727
65866,-89.5197
64865,-88.6617
63864,-92.64569999999999
62863,-88.9887
61862,-90.57469999999999
60861,-88.7457
59860,-90.43469999999999
58859,-88.5837
57858,-90.04669999999999
56857,-89.50269999999999
55856,-89.7697
54855,-89.47869999999999
53854,-88.6047
52853,-88.59769999999999
51852,-89.30569999999999
50851,-88.0047
49850,-90.3587
49749,-88.7057
49648,-87.8977
49547,-87.56269999999999
49446,-87.8307
49345,-87.2967
49244,-87.42269999999999
49143,-87.41269999999999
49042,-88.10869999999998
48941,-89.8847
48840,-90.6197
48739,-89.26169999999999
48638,-88.34669999999998
48537,-87.38969999999999
48436,-88.49069999999999
48335,-88.52969999999999
48234,-89.69069999999999
48133,-88.85069999999999
48032,-88.03569999999999
47931,-87.72869999999999
47830,-87.93169999999999
47729,-88.48769999999999
47628,-88.48169999999999
47527,-88.6977
47426,-90.37769999999999
47325,-88.6317
47224,-88.4507
47123,-88.44069999999999
47022,-87.78769999999999
46921,-88.70769999999999
46820,-88.71969999999999
46719,-91.2477
46618,-88.9157
46517,-89.3137
46416,-88.63069999999999
46315,-89.0727
46214,-89.0197
46113,-90.30669999999999
46012,-89.5407
45911,-88.8917
45810,-88.5337
45709,-90.1677
45608,-88.66369999999999
45507,-87.91969999999999
45406,-89.6107
45305,-90.0257
45204,-89.61269999999999
45103,-87.8997
45002,-88.31169999999999
44901,-90.0967
44800,-89.4417
44699,-88.9097
44598,-89.9297
44497,-89.4737
44396,-89.8677
44295,-90.09769999999999
44194,-88.9567
44093,-90.4747
43992,-90.1257
43891,-89.9587
43790,-90.45169999999999
43689,-89.5197
43588,-89.0457
43487,-88.9917
43386,-88.67869999999999
43285,-90.6297
43184,-88.18669999999999
43083,-87.00769999999999
42982,-87.62669999999999
42881,-90.7117
42780,-90.55369999999999
42679,-91.30069999999999
42578,-88.44669999999999
42477,-88.9567
42376,-87.5887
42275,-89.2517
42174,-88.3257
42073,-89.4917
41972,-88.54369999999999
41871,-91.08869999999999
41770,-88.36569999999999
41669,-88.08469999999998
41568,-87.3387
41467,-89.1387
41366,-91.07369999999999
41265,-91.0317
41164,-89.68069999999999
41063,-89.68069999999999
40962,-89.03269999999999
40861,-88.74969999999999
40760,-89.0877
40659,-88.8337
40558,-88.58269999999999
40457,-88.2537
40356,-88.2417
40255,-89.0667
40154,-88.9097
40053,-87.8487
39952,-87.57469999999999
39851,-88.6047
39750,-89.1297
39649,-90.0667
39548,-89.0017
39447,-89.4687
39346,-91.0127
39245,-88.3447
39144,-88.90469999999999
39043,-88.6617
38942,-89.9837
38841,-89.9027
38740,-89.2547
38639,-87.99669999999999
38538,-86.97869999999999
38437,-88.0307
38336,-90.57369999999999
38235,-88.80869999999999
38134,-89.19269999999999
38033,-88.5727
37932,-88.8587
37831,-88.8497
37730,-88.6137
37629,-87.5127
37528,-88.3727
37427,-88.26969999999999
37326,-89.3377
37225,-90.3947
37124,-87.8687
37023,-87.2237
36922,-89.04169999999999
36821,-89.0367
36720,-90.3367
36619,-90.5957
36518,-90.0877
36417,-89.4857
36316,-90.3947
36215,-88.4687
36114,-87.6917
36013,-87.63369999999999
35912,-88.1897
35811,-87.99069999999999
35710,-87.5837
35609,-87.7327
35508,-86.45969999999998
35407,-88.4097
35306,-88.8407
35205,-88.6407
35104,-87.6737
35003,-88.11569999999999
34902,-88.31169999999999
34801,-87.15469999999999
34700,-87.12769999999999
34599,-89.2387
34498,-88.0587
34397,-89.45169999999999
34296,-87.8087
34195,-88.07469999999999
34094,-88.6887
33993,-87.99069999999999
33892,-87.61469999999998
33791,-88.01769999999999
33690,-89.5287
33589,-89.74669999999999
33488,-87.6067
33387,-86.7207
33286,-89.1237
33185,-87.9987
33084,-89.46669999999999
32983,-88.1407
32882,-87.74069999999999
32781,-87.5037
32680,-87.31169999999999
32579,-87.0637
32478,-87.38369999999999
32377,-88.55869999999999
32276,-88.45969999999998
32175,-88.55569999999999
32074,-87.9217
31973,-86.7667
31872,-87.3937
31771,-87.4387
31670,-87.9447
31569,-88.2237
31468,-89.07169999999999
31367,-87.2907
31266,-87.8617
31165,-87.4527
31064,-88.40169999999999
30963,-89.70469999999999
30862,-86.34169999999999
30761,-87.37169999999999
30660,-88.3677
30559,-88.65769999999999
30458,-88.56769999999999
30357,-88.41269999999999
30256,-89.06469999999999
30155,-87.8227
30054,-88.0307
29953,-87.85969999999999
29942,-87.85969999999999
29931,-88.7367
29920,-88.7367
29909,-88.7367
29898,-88.2307
29887,-88.2307
29876,-88.9027
29865,-88.9027
29854,-88.53869999999999
29843,-88.53869999999999
29832,-89.2717
29821,-89.2717
29810,-87.93469999999999
29799,-87.93469999999999
29788,-87.93469999999999
29777,-87.75869999999999
29766,-87.75869999999999
29755,-87.05369999999999
29744,-87.05369999999999
29733,-87.9557
29722,-87.9557
29711,-87.50269999999999
29700,-87.50269999999999
29689,-87.50269999999999
29678,-88.31569999999999
29667,-88.31569999999999
29656,-88.0887
29645,-88.0887
29634,-89.5577
29623,-89.5577
29612,-89.3877
29601,-89.3877
29590,-89.1647
29579,-89.1647
29568,-89.1647
29557,-89.31869999999999
29546,-89.31869999999999
29535,-88.72569999999999
29524,-88.72569999999999
29513,-87.0527
29502,-87.0527
29491,-86.77969999999999
29480,-86.77969999999999
29469,-86.77969999999999
29458,-86.8917
29447,-86.8917
29436,-87.2007
29425,-87.2007
29414,-87.6107
29403,-87.6107
29392,-88.55069999999999
29381,-88.55069999999999
29370,-88.1557
29359,-88.1557
29348,-88.1557
29337,-87.5937
29326,-87.5937
29315,-87.2117
29304,-87.2117
29293,-87.16269999999999
29282,-87.16269999999999
29271,-87.25169999999999
29260,-87.25169999999999
29249,-87.25169999999999
29238,-87.9577
29227,-87.9577
29216,-87.64469999999999
29205,-87.64469999999999
29194,-88.1107
29183,-88.1107
29172,-87.2427
29161,-87.2427
29150,-87.6167
29139,-87.6167
29128,-87.6167
29117,-88.3047
29106,-88.3047
29095,-90.3017
29084,-90.3017
29073,-89.10069999999999
29062,-89.10069999999999
29051,-88.4947
29040,-88.4947
29029,-88.4947
29018,-87.75269999999999
29007,-87.75269999999999
28996,-88.3877
28985,-88.3877
28974,-87.28869999999999
28963,-87.28869999999999
28952,-87.7437
28941,-87.7437
28930,-87.69269999999999
28919,-87.69269999999999
28908,-87.69269999999999
28897,-87.9827
28886,-87.9827
28875,-87.57369999999999
28864,-87.57369999999999
28853,-88.5347
28842,-88.5347
28831,-88.0837
28820,-88.0837
28809,-88.0837
28798,-88.83869999999999
28787,-88.83869999999999
28776,-88.9357
28765,-88.9357
28754,-88.06269999999999
28743,-88.06269999999999
28732,-88.1917
28721,-88.1917
28710,-88.0487
28699,-88.0487
28688,-88.0487
28677,-88.16969999999999
28666,-88.16969999999999
28655,-88.77069999999999
28644,-88.77069999999999
28633,-88.37169999999999
28622,-88.37169999999999
28611,-88.3507
28600,-88.3507
28589,-88.3507
28578,-88.29169999999999
28567,-88.29169999999999
28556,-87.9557
28545,-87.9557
28534,-87.1777
28523,-87.1777
28512,-87.2197
28501,-87.2197
28490,-87.27369999999999
28479,-87.27369999999999
28468,-87.27369999999999
28457,-88.2537
28446,-88.2537
28435,-88.2537
28424,-88.2537
28413,-89.0757
28402,-89.0757
28391,-88.3487
28380,-88.3487
28369,-88.3487
28358,-88.0047
28347,-88.0047
28336,-87.8687
28325,-87.8687
28314,-89.63969999999999
28303,-89.63969999999999
28292,-89.27969999999999
28281,-89.27969999999999
28270,-88.7027
28259,-88.7027
28248,-88.7027
28237,-88.12069999999999
28226,-88.12069999999999
28215,-88.5397
28204,-88.5397
28193,-87.8267
28182,-87.8267
28171,-88.9767
28160,-88.9767
28149,-88.9767
28138,-88.32969999999999
28127,-88.32969999999999
28116,-88.90169999999999
28105,-88.90169999999999
28094,-88.2147
28083,-88.2147
28072,-88.26169999999999
28061,-88.26169999999999
28050,-87.50769999999999
28039,-87.50769999999999
28028,-87.50769999999999
28017,-88.42569999999999
28006,-88.42569999999999
27995,-87.56769999999999
27984,-87.56769999999999
27973,-87.5127
27962,-87.5127
27951,-86.94269999999999
27940,-86.94269999999999
27929,-86.94269999999999
27918,-86.7867
27907,-86.7867
27896,-86.9447
27885,-86.9447
27874,-88.0927
27863,-88.0927
27852,-87.9507
27841,-87.9507
27830,-87.40169999999999
27819,-87.40169999999999
27808,-87.40169999999999
27797,-87.19669999999999
27786,-87.19669999999999
27775,-87.88669999999999
27764,-87.88669999999999
27753,-87.2187
27742,-87.2187
27731,-87.69869999999999
27720,-87.69869999999999
27709,-87.69869999999999
27698,-88.12669999999999
27687,-88.12669999999999
27676,-89.8667
27665,-89.8667
27654,-89.46069999999999
27643,-89.46069999999999
27632,-89.4417
27621,-89.4417
27610,-88.9477
27599,-88.9477
27588,-88.9477
27577,-87.5997
27566,-87.5997
27555,-87.3257
27544,-87.3257
27533,-87.3207
27522,-87.3207
27511,-86.4237
27500,-86.4237
27489,-86.4237
27478,-86.19069999999999
27467,-86.19069999999999
27456,-85.1187
27445,-85.1187
27434,-85.4577
27423,-85.4577
27412,-85.7027
27401,-85.7027
27390,-87.16969999999999
27379,-87.16969999999999
27368,-87.16969999999999
27357,-85.0407
27346,-85.0407
27335,-85.69969999999999
27324,-85.69969999999999
27313,-85.69969999999999
27302,-85.69969999999999
27291,-86.2387
27280,-86.2387
27269,-86.2387
27258,-85.6557
27247,-85.6557
27236,-86.07169999999999
27225,-86.07169999999999
27214,-86.07169999999999
27203,-86.07169999999999
27192,-85.6177
27181,-85.6177
27170,-85.64869999999999
27159,-85.64869999999999
27148,-85.64869999999999
27137,-84.8437
27126,-84.8437
27115,-84.8437
27104,-84.8437
27093,-84.9027
27082,-84.9027
27071,-85.2967
27060,-85.2967
27049,-85.2967
27038,-86.4057
27027,-86.4057
27016,-87.63369999999999
27005,-87.63369999999999
26994,-88.9617
26983,-88.9617
26972,-88.0127
26961,-88.0127
26950,-88.71969999999999
26939,-88.71969999999999
26928,-88.71969999999999
26917,-88.71969999999999
26906,-88.71969999999999
26895,-88.44969999999999
26884,-88.44969999999999
26873,-87.9057
26862,-87.9057
26851,-88.20969999999998
26840,-88.20969999999998
26829,-88.20969999999998
26818,-87.6047
26807,-87.6047
26796,-87.4807
26785,-87.4807
26774,-87.17569999999999
26763,-87.17569999999999
26752,-87.4977
26741,-87.4977
26730,-87.4987
26719,-87.4987
26708,-87.4987
26697,-87.70469999999999
26686,-87.70469999999999
26675,-87.40169999999999
26664,-87.40169999999999
26653,-87.14269999999999
26642,-87.14269999999999
26631,-86.6437
26620,-86.6437
26609,-86.6437
26598,-87.1137
26587,-87.1137
26576,-86.03569999999999
26565,-86.03569999999999
26554,-86.8427
26543,-86.8427
26532,-86.34169999999999
26521,-86.34169999999999
26510,-87.56569999999999
26499,-87.56569999999999
26488,-87.56569999999999
26477,-87.26369999999999
26466,-87.26369999999999
26455,-86.07969999999999
26444,-86.07969999999999
26433,-85.8257
26422,-85.8257
26411,-85.6047
26400,-85.6047
26389,-85.6047
26378,-85.54169999999999
26367,-85.54169999999999
26356,-86.1057
26345,-86.1057
26334,-85.8027
26323,-85.8027
26312,-85.70469999999999
26301,-85.70469999999999
26290,-86.1107
26279,-86.1107
26268,-86.1107
26257,-87.0897
26246,-87.0897
26235,-87.0897
26224,-87.0897
26213,-86.8147
26202,-86.8147
26191,-86.2667
26180,-86.2667
26169,-86.2667
26158,-86.81769999999999
26147,-86.81769999999999
26136,-86.7627
26125,-86.7627
26114,-86.8377
26103,-86.8377
26092,-86.9087
26081,-86.9087
26070,-86.34169999999999
26059,-86.34169999999999
26048,-86.34169999999999
26037,-86.21669999999999
26026,-86.21669999999999
26015,-87.0057
26004,-87.0057
25993,-86.91269999999999
25982,-86.91269999999999
25971,-87.47269999999999
25960,-87.47269999999999
25949,-87.47269999999999
25938,-87.0227
25927,-87.0227
25916,-87.1197
25905,-87.1197
25894,-87.1647
25883,-87.1647
25872,-88.5017
25861,-88.5017
25850,-87.7607
25839,-87.7607
25828,-87.7607
25817,-88.3737
25806,-88.3737
25795,-87.17569999999999
25784,-87.17569999999999
25773,-87.63969999999999
25762,-87.63969999999999
25751,-87.1777
25740,-87.1777
25729,-87.1777
25718,-87.19869999999999
25707,-87.19869999999999
25696,-86.6237
25685,-86.6237
25674,-87.4057
25663,-87.4057
25652,-86.7187
25641,-86.7187
25630,-87.1777
25619,-87.1777
25608,-87.1777
25597,-87.1777
25586,-87.1777
25575,-87.7027
25564,-87.7027
25553,-87.2137
25542,-87.2137
25531,-88.2237
25520,-88.2237
25509,-88.2237
25498,-86.7307
25487,-86.7307
25476,-87.9807
25465,-87.9807
25454,-86.8327
25443,-86.8327
25432,-88.35869999999998
25421,-88.35869999999998
25410,-88.03569999999999
25399,-88.03569999999999
25388,-88.03569999999999
25377,-87.0817
25366,-87.0817
25355,-86.0367
25344,-86.0367
25333,-86.8167
25322,-86.8167
25311,-86.15169999999999
25300,-86.15169999999999
25289,-86.15169999999999
25278,-84.90769999999999
25267,-84.90769999999999
25256,-84.53169999999999
25245,-84.53169999999999
25234,-84.5667
25223,-84.5667
25212,-85.46069999999999
25201,-85.46069999999999
25190,-85.46069999999999
25179,-86.6857
25168,-86.6857
25157,-85.9987
25146,-85.9987
25135,-86.0157
25124,-86.0157
25113,-86.00169999999999
25102,-86.00169999999999
25091,-86.18069999999999
25080,-86.18069999999999
25069,-86.18069999999999
25058,-86.57369999999999
25047,-86.57369999999999
25036,-88.1857
25025,-88.1857
25014,-87.44069999999999
25003,-87.44069999999999
24992,-87.1067
24981,-87.1067
24970,-87.1067
24959,-87.2237
24948,-87.2237
24937,-87.8847
24926,-87.8847
24915,-86.8137
24904,-86.8137
24893,-87.67469999999999
24882,-87.67469999999999
24871,-86.65069999999999
24860,-86.65069999999999
24849,-86.65069999999999
24838,-87.55969999999999
24827,-87.55969999999999
24816,-87.0247
24805,-87.0247
24794,-86.9277
24783,-86.9277
24772,-87.0947
24761,-87.0947
24750,-87.0947
24739,-88.8827
24728,-88.8827
24717,-87.3857
24706,-87.3857
24695,-88.06269999999999
24684,-88.06269999999999
24673,-87.22869999999999
24662,-87.22869999999999
24651,-87.85969999999999
24640,-87.85969999999999
24629,-87.85969999999999
24618,-86.57869999999998
24607,-86.57869999999998
24596,-86.2007
24585,-86.2007
24574,-85.9577
24563,-85.9577
24552,-86.91069999999999
24541,-86.91069999999999
24530,-86.91069999999999
24519,-87.2717
24508,-87.2717
24497,-88.5197
24486,-88.5197
24475,-88.5197
24464,-88.5197
24453,-87.3787
24442,-87.3787
24431,-86.3807
24420,-86.3807
24409,-86.3807
24398,-86.8137
24387,-86.8137
24376,-86.32169999999999
24365,-86.32169999999999
24354,-86.9527
24343,-86.9527
24332,-86.0407
24321,-86.0407
24310,-86.0407
24299,-86.2087
24288,-86.2087
24277,-86.14869999999999
24266,-86.14869999999999
24255,-85.9387
24244,-85.9387
24233,-85.3727
24222,-85.3727
24211,-86.1767
24200,-86.1767
24189,-86.1767
24178,-85.7727
24167,-85.7727
24156,-86.8687
24145,-86.8687
24134,-86.4817
24123,-86.4817
24112,-87.28269999999999
24101,-87.28269999999999
24090,-87.28269999999999
24079,-85.8757
24068,-85.8757
24057,-86.8447
24046,-86.8447
24035,-85.9757
24024,-85.9757
24013,-86.5187
24002,-86.5187
23991,-87.4237
23980,-87.4237
23969,-87.4237
23958,-88.80869999999999
23947,-88.80869999999999
23936,-86.2607
23925,-86.2607
23914,-87.0487
23903,-87.0487
23892,-86.2567
23881,-86.2567
23870,-86.2567
23859,-87.22869999999999
23848,-87.22869999999999
23837,-86.2017
23826,-86.2017
23815,-87.85369999999999
23804,-87.85369999999999
23793,-86.8457
23782,-86.8457
23771,-87.5947
23760,-87.5947
23749,-87.5947
23738,-86.76369999999999
23727,-86.76369999999999
23716,-87.52669999999999
23705,-87.52669999999999
23694,-86.8267
23683,-86.8267
23672,-86.4237
23661,-86.4237
23650,-86.4237
23639,-85.9507
23628,-85.9507
23617,-87.27569999999999
23606,-87.27569999999999
23595,-86.65769999999999
23584,-86.65769999999999
23573,-87.2207
23562,-87.2207
23551,-87.17469999999999
23540,-87.17469999999999
23529,-87.17469999999999
23518,-87.83569999999999
23507,-87.83569999999999
23496,-86.8307
23485,-86.8307
23474,-87.04969999999999
23463,-87.04969999999999
23452,-87.04969999999999
23441,-87.04969999999999
23430,-87.04969999999999
23419,-87.2717
23408,-87.2717
23397,-87.0187
23386,-87.0187
23375,-85.9927
23364,-85.9927
23353,-85.94269999999999
23342,-85.94269999999999
23331,-86.0167
23320,-86.0167
23309,-86.0167
23298,-86.03569999999999
23287,-86.03569999999999
23276,-87.0467
23265,-87.0467
23254,-85.52369999999999
23243,-85.52369999999999
23232,-85.5067
23221,-85.5067
23210,-85.5067
23199,-85.9617
23188,-85.9617
23177,-87.59169999999999
23166,-87.59169999999999
23155,-86.2547
23144,-86.2547
23133,-85.87769999999999
23122,-85.87769999999999
23111,-85.66069999999999
23100,-85.66069999999999
23089,-85.66069999999999
23078,-85.2417
23067,-85.2417
23056,-85.02569999999999
23045,-85.02569999999999
23034,-85.1737
23023,-85.1737
23012,-85.0487
23001,-85.0487
22990,-85.0487
22979,-84.8817
22968,-84.8817
22957,-84.5897
22946,-84.5897
22935,-84.78169999999999
22924,-84.78169999999999
22913,-85.3817
22902,-85.3817
22891,-85.5157
22880,-85.5157
22869,-85.5157
22858,-86.0487
22847,-86.0487
22836,-87.8337
22825,-87.8337
22814,-86.5127
22803,-86.5127
22792,-87.0217
22781,-87.0217
22770,-87.0217
22759,-86.27569999999999
22748,-86.27569999999999
22737,-86.69669999999999
22726,-86.69669999999999
22715,-86.69669999999999
22704,-86.69669999999999
22693,-87.70369999999998
22682,-87.70369999999998
22671,-87.4447
22660,-87.4447
22649,-87.4447
22638,-89.04669999999999
22627,-89.04669999999999
22616,-88.6677
22605,-88.6677
22594,-88.7037
22583,-88.7037
22572,-87.88869999999999
22561,-87.88869999999999
22550,-87.88869999999999
22539,-88.4117
22528,-88.4117
22517,-87.9387
22506,-87.9387
22495,-87.8387
22484,-87.8387
22473,-87.5637
22462,-87.5637
22451,-86.8257
22440,-86.8257
22429,-86.8257
22418,-86.0937
22407,-86.0937
22396,-86.8027
22385,-86.8027
22374,-86.4567
22363,-86.4567
22352,-88.24669999999999
22341,-88.24669999999999
22330,-88.24669999999999
22319,-87.8427
22308,-87.8427
22297,-88.5227
22286,-88.5227
22275,-86.9617
22264,-86.9617
22253,-87.6017
22242,-87.6017
22231,-87.01969999999999
22220,-87.01969999999999
22209,-87.01969999999999
22198,-86.6767
22187,-86.6767
22176,-86.73969999999998
22165,-86.73969999999998
22154,-88.30569999999999
22143,-88.30569999999999
22132,-86.4997
22121,-86.4997
22110,-86.4997
22099,-86.6057
22088,-86.6057
22077,-85.7387
22066,-85.7387
22055,-87.0837
22044,-87.0837
22033,-85.6467
22022,-85.6467
22011,-85.65669999999999
22000,-85.65669999999999
21989,-85.65669999999999
21978,-85.3567
21967,-85.3567
21956,-85.0097
21945,-85.0097
21934,-84.7077
21923,-84.7077
21912,-85.26469999999999
21901,-85.26469999999999
21890,-85.26469999999999
21879,-85.56169999999999
21868,-85.56169999999999
21857,-86.63369999999999
21846,-86.63369999999999
21835,-85.75269999999999
21824,-85.75269999999999
21813,-84.7657
21802,-84.7657
21791,-84.7657
21780,-84.5897
21769,-84.5897
21758,-84.9267
21747,-84.9267
21736,-84.8967
21725,-84.8967
21714,-86.19269999999999
21703,-86.19269999999999
21692,-85.0727
21681,-85.0727
21670,-85.0727
21659,-85.7437
21648,-85.7437
21637,-85.6587
21626,-85.6587
21615,-85.73369999999998
21604,-85.73369999999998
21593,-85.92469999999999
21582,-85.92469999999999
21571,-85.92469999999999
21560,-86.39569999999999
21549,-86.39569999999999
21538,-84.1707
21527,-84.1707
21516,-84.6237
21505,-84.6237
21494,-84.31569999999999
21483,-84.31569999999999
21472,-86.26169999999999
21461,-86.26169999999999
21450,-86.26169999999999
21439,-86.26169999999999
21428,-86.26169999999999
21417,-87.5457
21406,-87.5457
21395,-86.77569999999999
21384,-86.77569999999999
21373,-86.8377
21362,-86.8377
21351,-86.8377
21340,-87.3557
21329,-87.3557
21318,-88.1077
21307,-88.1077
21296,-87.2377
21285,-87.2377
21274,-86.9687
21263,-86.9687
21252,-87.54769999999999
21241,-87.54769999999999
21230,-87.54769999999999
21219,-88.72269999999999
21208,-88.72269999999999
21197,-87.28569999999999
21186,-87.28569999999999
21175,-86.4147
21164,-86.4147
21153,-86.1597
21142,-86.1597
21131,-86.1597
21120,-86.6717
21109,-86.6717
21098,-86.4357
21087,-86.4357
21076,-85.88869999999999
21065,-85.88869999999999
21054,-85.8917
21043,-85.8917
21032,-85.23369999999998
21021,-85.23369999999998
21010,-85.23369999999998
20999,-85.00269999999999
20988,-85.00269999999999
20977,-84.90669999999999
20966,-84.90669999999999
20955,-84.90769999999999
20944,-84.90769999999999
20933,-86.1597
20922,-86.1597
20911,-86.1597
20900,-85.9707
20889,-85.9707
20878,-86.1017
20867,-86.1017
20856,-85.8457
20845,-85.8457
20834,-86.59769999999999
20823,-86.59769999999999
20812,-85.80569999999999
20801,-85.80569999999999
20790,-85.80569999999999
20779,-84.9937
20768,-84.9937
20757,-84.9947
20746,-84.9947
20735,-85.75269999999999
20724,-85.75269999999999
20713,-85.1287
20702,-85.1287
20691,-85.1287
20680,-86.10269999999998
20669,-86.10269999999998
20658,-85.6527
20647,-85.6527
20636,-86.36469999999998
20625,-86.36469999999998
20614,-86.36469999999998
20603,-86.36469999999998
20592,-85.4627
20581,-85.4627
20570,-85.4627
20559,-84.72269999999999
20548,-84.72269999999999
20537,-85.5637
20526,-85.5637
20515,-84.6737
20504,-84.6737
20493,-85.94069999999999
20482,-85.94069999999999
20471,-85.94069999999999
20460,-85.62769999999999
20449,-85.62769999999999
20438,-85.7307
20427,-85.7307
20416,-85.5457
20405,-85.5457
20394,-86.20469999999999
20383,-86.20469999999999
20372,-86.17269999999999
20361,-86.17269999999999
20350,-86.17269999999999
20339,-86.6777
20328,-86.6777
20317,-85.0427
20306,-85.0427
20295,-85.81869999999999
20284,-85.81869999999999
20273,-85.4637
20262,-85.4637
20251,-85.4637
20240,-86.1777
20229,-86.1777
20218,-85.2567
20207,-85.2567
20196,-86.8227
20185,-86.8227
20174,-84.72869999999999
20163,-84.72869999999999
20152,-84.7007
20141,-84.7007
20130,-84.7007
20119,-84.81769999999999
20108,-84.81769999999999
20097,-84.57869999999998
20086,-84.57869999999998
20075,-84.8817
20064,-84.8817
20053,-86.1257
20042,-86.1257
20031,-86.1257
20020,-85.80569999999999
20009,-85.80569999999999
19000,-84.9373
18900,-85.2663
18800,-86.0333
18700,-84.2183
18600,-85.2243
18500,-85.1163
18400,-86.1833
18300,-83.4673
18200,-86.5743
18100,-84.1043
18000,-85.0513
17900,-84.6443
17800,-84.62429999999999
17700,-84.0893
17600,-83.5363
17500,-84.83529999999999
17400,-85.36529999999999
17300,-84.2143
17200,-84.2873
17100,-83.6743
17000,-83.0313
16900,-83.0143
16800,-85.1043
16700,-83.6133
16600,-82.3473
16500,-83.10629999999999
16400,-83.4723
16300,-83.7353
16200,-83.44529999999999
16100,-84.4503
16000,-83.12429999999999
15900,-82.2123
15800,-83.65429999999999
15700,-83.26729999999999
15600,-83.8573
15500,-82.74329999999999
15400,-84.48029999999999
15300,-82.5953
15200,-82.77229999999999
15100,-83.9623
15000,-83.6513
14900,-82.7753
14800,-81.4083
14700,-82.2033
14600,-81.2533
14500,-83.0933
14400,-82.8333
14300,-82.71329999999999
14200,-83.3253
14100,-81.86729999999999
14000,-82.6373
13900,-82.03529999999999
13800,-80.5003
13700,-83.36829999999999
13600,-82.3113
13500,-82.29129999999999
13400,-80.49229999999999
13300,-81.9913
13200,-80.51729999999999
13100,-79.9303
13000,-82.46929999999999
12900,-80.57029999999999
12800,-81.39729999999999
12700,-80.37929999999999
12600,-79.61729999999999
12500,-80.7473
12400,-81.63529999999999
12300,-80.2983
12200,-81.2563
12100,-80.3843
12000,-82.5803
11900,-82.3073
11800,-81.3333
11700,-79.7683
11600,-80.7103
11500,-79.1563
11400,-80.3933
11300,-79.7513
11200,-79.66629999999999
11100,-80.9203
11000,-78.8303
10900,-79.8013
10800,-80.84429999999999
10700,-79.6033
10600,-81.5073
10500,-79.9433
10400,-79.86229999999999
10300,-80.29129999999999
10200,-78.6083
10100,-79.28829999999999
10000,-78.77829999999999
9900,-80.1433
9800,-79.82029999999999
9700,-79.5553
9600,-80.0213
9500,-80.1023
9400,-78.4463
9300,-78.23729999999999
9200,-77.79629999999999
9100,-78.9623
9000,-79.9543
8900,-79.41529999999999
8800,-79.2803
8700,-78.9433
8600,-79.3693
8500,-78.8053
8400,-77.77329999999999
8300,-77.5023
8200,-78.2083
8100,-79.5433
8000,-80.8173
7900,-78.8663
7800,-77.9313
7700,-80.01129999999999
7600,-78.3693
7500,-79.3303
7400,-79.6223
7300,-78.26129999999999
7200,-76.85529999999999
7100,-77.7053
7000,-79.0613
6900,-77.8873
6800,-79.29429999999999
6700,-76.5623
6600,-76.8473
6500,-77.5793
6400,-78.0243
6300,-77.99829999999999
6200,-76.7863
6100,-77.4903
6000,-77.8103
5900,-76.6163
5800,-77.9253
5700,-76.62429999999999
5600,-78.2743
5500,-77.2093
5400,-76.51629999999999
5300,-76.73029999999999
5200,-77.15729999999999
5100,-76.9493
5000,-77.9843
4900,-76.91629999999999
4800,-77.7593
4700,-76.1813
4600,-78.9313
4500,-76.04729999999999
4400,-75.1993
4300,-75.8993
4200,-77.16529999999999
4100,-75.1913
4000,-75.71329999999999
3900,-75.60529999999999
3800,-74.4313
3700,-74.48729999999999
3600,-75.9583
3500,-74.6973
3400,-76.58829999999999
3300,-76.72429999999999
3200,-75.99829999999999
3100,-75.4313
3000,-75.0723
2900,-75.7523
2800,-75.1013
2700,-75.8883
2600,-76.5203
2500,-75.82029999999999
2400,-76.61229999999999
2300,-76.08829999999999
2200,-75.73129999999999
2100,-73.5033
2000,-75.2893
1990,-75.8253
1980,-76.42129999999999
1970,-75.98029999999999
1960,-76.0833
1950,-75.80229999999999
1940,-75.2463
1930,-74.8243
1920,-74.8163
1910,-74.9653
1900,-74.2283
1890,-74.93929999999999
1880,-75.63029999999999
1870,-75.7683
1860,-75.46929999999999
1850,-75.46929999999999
1840,-74.9023
1830,-74.8513
1820,-75.7103
1810,-74.1803
1800,-74.65729999999999
1790,-75.03229999999999
1780,-73.98629999999999
1770,-75.4233
1760,-75.48129999999999
1750,-75.0573
1740,-74.71929999999999
1730,-74.3573
1720,-73.77929999999999
1710,-75.39729999999999
1700,-76.0983
1690,-75.5933
1680,-76.9183
1670,-76.7293
1660,-76.4673
1650,-76.62929999999999
1640,-75.3533
1630,-74.3593
1620,-74.18329999999999
1610,-74.8153
1600,-73.92229999999999
1590,-73.6433
1580,-73.6793
1570,-73.7293
1560,-74.3003
1550,-75.2413
1540,-75.6623
1530,-76.2463
1520,-76.36129999999999
1510,-75.3223
1500,-75.0363
1490,-75.34929999999999
1480,-75.4013
1470,-75.31429999999999
1460,-75.95729999999999
1450,-75.8333
1440,-75.98729999999999
1430,-75.44529999999999
1420,-74.9593
1410,-74.4203
1400,-74.1313
1390,-74.0953
1380,-73.6963
1370,-74.92729999999999
1360,-73.93329999999999
1350,-74.7953
1340,-75.47529999999999
1330,-75.27829999999999
1320,-76.0513
1310,-75.8073
1300,-75.27229999999999
1290,-75.8823
1280,-75.6883
1270,-76.1323
1260,-76.91029999999999
1250,-77.0793
1240,-76.9593
1230,-77.45729999999999
1220,-76.5393
1210,-77.0723
1200,-76.9363
1190,-76.3813
1180,-76.0873
1170,-75.4733
1160,-75.2503
1150,-75.4123
1140,-75.7703
1130,-75.5753
1120,-75.36729999999999
1110,-74.7353
1100,-74.74829999999999
1099,-74.74829999999999
1098,-74.74829999999999
1097,-74.5623
1096,-74.5623
1095,-74.5623
1094,-74.5623
1093,-74.5623
1092,-74.4893
1091,-74.4893
1090,-74.4893
1089,-74.4893
1088,-74.4893
1087,-74.1433
1086,-74.1433
1085,-74.1433
1084,-74.1433
1083,-74.1433
1082,-74.26629999999999
1081,-74.26629999999999
1080,-74.26629999999999
1079,-74.26629999999999
1078,-74.26629999999999
1077,-74.3293
1076,-74.3293
1075,-74.3293
1074,-74.3293
1073,-74.3293
1072,-74.38529999999999
1071,-74.38529999999999
1070,-74.38529999999999
1069,-74.38529999999999
1068,-74.38529999999999
1067,-74.3703
1066,-74.3703
1065,-74.3703
1064,-74.3703
1063,-74.3703
1062,-74.5243
1061,-74.5243
1060,-74.5243
1059,-74.5243
1058,-74.5243
1057,-74.4123
1056,-74.4123
1055,-74.4123
1054,-74.4123
1053,-74.7023
1052,-74.7023
1051,-74.7023
1050,-74.7023
1049,-74.7023
1048,-74.6863
1047,-74.6863
1046,-74.6863
1045,-74.6863
1044,-74.6863
1043,-74.8703
1042,-74.8703
1041,-74.8703
1040,-74.8703
1039,-74.8703
1038,-75.88629999999999
1037,-75.88629999999999
1036,-75.88629999999999
1035,-75.88629999999999
1034,-75.88629999999999
1033,-75.53229999999999
1032,-75.53229999999999
1031,-75.53229999999999
1030,-75.53229999999999
1029,-75.53229999999999
1028,-75.78829999999999
1027,-75.78829999999999
1026,-75.78829999999999
1025,-75.78829999999999
1024,-75.78829999999999
1023,-75.9243
1022,-75.9243
1021,-75.9243
1020,-75.9243
1019,-75.9243
1018,-76.0613
1017,-76.0613
1016,-76.0613
1015,-76.0613
1014,-76.0613
1013,-76.2633
1012,-76.2633
1011,-76.2633
1010,-76.2633
1009,-75.8223
1008,-75.8223
1007,-75.8223
1006,-75.8223
1005,-75.8223
1004,-75.7113
1003,-75.7113
1002,-75.7113
1001,-75.7113
1000,-75.7113
