10000000,-125.43419999999999
9900000,-125.4612
9800000,-126.2742
9700000,-126.11819999999999
9600000,-126.9292
9500000,-125.60119999999999
9400000,-126.61719999999998
9300000,-126.0362
9200000,-126.58819999999999
9100000,-126.4842
9000000,-126.39219999999999
8900000,-126.39719999999998
8800000,-126.64719999999998
8700000,-127.3162
8600000,-126.2942
8500000,-125.8282
8400000,-126.69519999999999
8300000,-124.82719999999999
8200000,-125.2932
8100000,-126.67819999999999
8000000,-126.9892
7900000,-125.0662
7800000,-126.4492
7700000,-126.15820000000001
7600000,-126.73619999999998
7500000,-125.69519999999999
7400000,-126.8402
7300000,-126.37919999999998
7200000,-125.47419999999998
7100000,-126.5312
7000000,-126.9232
6900000,-126.14020000000001
6800000,-126.9192
6700000,-126.19420000000001
6600000,-125.3102
6500000,-125.10619999999999
6400000,-125.05919999999999
6300000,-126.06419999999999
6200000,-125.3362
6100000,-126.89219999999999
6000000,-126.6282
5900000,-126.3062
5800000,-125.98719999999999
5700000,-127.3062
5600000,-125.42020000000001
5500000,-126.67620000000001
5400000,-125.4352
5300000,-126.29019999999998
5200000,-126.88519999999998
5100000,-125.95819999999999
5000000,-126.4362
4900000,-125.8542
4800000,-125.64620000000001
4700000,-125.4972
4600000,-125.91420000000001
4500000,-126.64819999999999
4400000,-125.21919999999999
4300000,-126.3992
4200000,-127.7232
4100000,-126.46919999999999
4000000,-124.87319999999998
3900000,-123.13019999999999
3800000,-121.0862
3700000,-121.2222
3600000,-122.96919999999999
3500000,-124.6102
3400000,-125.1322
3300000,-127.02720000000001
3200000,-125.6732
3100000,-124.9772
3000000,-124.85619999999999
2900000,-124.75619999999999
2800000,-125.39819999999999
2700000,-125.8642
2600000,-124.42719999999998
2500000,-123.95619999999998
2400000,-124.2042
2300000,-123.0902
2200000,-123.7052
2100000,-123.76019999999998
2000000,-124.45219999999999
1900000,-122.18419999999999
1800000,-122.71819999999998
1700000,-123.02219999999998
1600000,-121.98119999999999
1500000,-120.5252
1400000,-120.49819999999998
1300000,-119.9652
1200000,-120.6032
1190000,-120.63719999999999
1180000,-120.98819999999999
1170000,-120.99219999999998
1160000,-120.64620000000001
1150000,-120.51719999999999
1149000,-120.51719999999999
1148000,-120.0072
1147000,-120.0072
1146000,-120.0072
1145000,-119.90419999999999
1144000,-119.90419999999999
1143000,-119.90419999999999
1142000,-119.67119999999998
1141000,-119.67119999999998
1140000,-119.66420000000001
1139000,-119.66420000000001
1138000,-119.66420000000001
1137000,-119.4292
1136000,-119.4292
1135000,-119.4292
1134000,-119.4292
1133000,-119.4292
1132000,-119.4422
1131000,-119.4422
1130000,-119.4422
1129000,-119.18820000000001
1128000,-119.18820000000001
1127000,-119.18820000000001
1126000,-119.08119999999998
1125000,-119.08119999999998
1124000,-119.0682
1123000,-119.0682
1122000,-119.0682
1121000,-119.18919999999999
1120000,-119.18919999999999
1119000,-119.18919999999999
1118000,-119.22619999999999
1117000,-119.22619999999999
1116000,-119.22619999999999
1115000,-119.38719999999999
1114000,-119.38719999999999
1113000,-119.4532
1112000,-119.4532
1111000,-119.4532
1110000,-119.5852
1109000,-119.5852
1108000,-119.5852
1107000,-119.68419999999999
1106000,-119.68419999999999
1105000,-119.1632
1104000,-119.1632
1103000,-119.1632
1102000,-119.1282
1101000,-119.1282
1100000,-119.1282
1099000,-119.20619999999998
1098000,-119.20619999999998
1097000,-119.2222
1096000,-119.2222
1095000,-119.2222
1094000,-119.2412
1093000,-119.2412
1092000,-119.2412
1091000,-119.15220000000001
1090000,-119.15220000000001
1089000,-119.11919999999999
1088000,-119.11919999999999
1087000,-119.11919999999999
1086000,-119.13119999999999
1085000,-119.13119999999999
1084000,-119.13119999999999
1083000,-119.10719999999999
1082000,-119.10719999999999
1081000,-119.1742
1080000,-119.1742
1079000,-119.1742
1078000,-119.36819999999999
1077000,-119.36819999999999
1076000,-119.36819999999999
1075000,-119.4432
1074000,-119.4432
1073000,-119.4432
1072000,-119.4432
1071000,-119.4432
1070000,-119.6222
1069000,-119.6222
1068000,-119.6222
1067000,-119.75619999999999
1066000,-119.75619999999999
1065000,-119.75619999999999
1064000,-119.6852
1063000,-119.6852
1062000,-119.48619999999998
1061000,-119.48619999999998
1060000,-119.48619999999998
1059000,-119.29719999999999
1058000,-119.29719999999999
1057000,-119.29719999999999
1056000,-118.9602
1055000,-118.9602
1054000,-118.09519999999999
1053000,-118.09519999999999
1052000,-118.09519999999999
1051000,-118.0502
1050000,-118.0502
1049000,-118.0502
1048000,-118.17020000000001
1047000,-118.17020000000001
1046000,-118.3532
1045000,-118.3532
1044000,-118.3532
1043000,-118.6262
1042000,-118.6262
1041000,-118.6262
1040000,-118.5302
1039000,-118.5302
1038000,-118.5382
1037000,-118.5382
1036000,-118.5382
1035000,-118.5742
1034000,-118.5742
1033000,-118.5742
1032000,-118.41619999999999
1031000,-118.41619999999999
1030000,-118.37419999999999
1029000,-118.37419999999999
1028000,-118.37419999999999
1027000,-118.3222
1026000,-118.3222
1025000,-118.3222
1024000,-118.07019999999999
1023000,-118.07019999999999
1022000,-118.07019999999999
1021000,-118.06920000000001
1020000,-118.06920000000001
1019000,-118.1612
1018000,-118.1612
1017000,-118.1612
1016000,-118.23619999999998
1015000,-118.23619999999998
1014000,-118.23619999999998
1013000,-118.11819999999999
1012000,-118.11819999999999
1011000,-118.17620000000001
1010000,-118.17620000000001
1009000,-118.17620000000001
1008000,-118.2472
1007000,-118.2472
1006000,-118.2472
1005000,-118.1022
1004000,-118.1022
1003000,-118.1022
1002000,-118.1022
1001000,-118.1022
1000000,-118.14819999999999
999000,-118.5422
989000,-118.07019999999999
979000,-116.9772
969000,-117.99819999999998
959000,-120.1992
949000,-117.3782
939000,-117.6442
929000,-116.6612
919000,-119.50519999999999
909000,-119.0962
899000,-117.0072
889000,-117.32119999999999
879000,-116.27319999999999
869000,-116.75619999999999
859000,-117.6022
849000,-116.6672
839000,-114.5962
829000,-115.40319999999998
819000,-116.3882
809000,-115.5322
799000,-116.4912
789000,-114.95019999999998
779000,-114.1692
769000,-117.10719999999999
759000,-115.39819999999999
749000,-114.8052
739000,-114.70619999999998
729000,-114.2802
719000,-114.8102
709000,-114.7452
699000,-114.0732
689000,-114.51019999999998
679000,-115.48819999999999
669000,-114.55120000000001
659000,-114.07519999999998
649000,-113.7032
639000,-112.51719999999999
629000,-112.64119999999998
619000,-114.30919999999999
609000,-113.1632
599000,-113.71419999999999
589000,-111.91019999999999
579000,-112.25619999999999
569000,-112.8162
559000,-111.5372
549000,-112.04019999999998
539000,-110.9542
529000,-110.92020000000001
519000,-111.26219999999999
509000,-108.72619999999999
499000,-111.18919999999999
489000,-108.79119999999999
479000,-109.86919999999999
469000,-110.62419999999999
459000,-108.47419999999998
449000,-109.7102
439000,-108.70119999999999
429000,-108.57119999999999
419000,-108.01619999999998
409000,-107.57719999999999
399000,-109.64620000000001
389000,-108.33719999999998
379000,-108.3242
369000,-107.0602
359000,-107.8362
349000,-107.3832
339000,-107.0142
329000,-107.1992
319000,-107.62419999999999
309000,-107.14020000000001
299000,-106.86119999999998
289000,-104.4182
279000,-105.03519999999999
269000,-104.3462
259000,-104.2092
249000,-103.5262
239000,-102.0442
229000,-102.1112
219000,-102.33319999999999
209000,-102.00619999999999
199000,-100.27919999999999
198000,-100.43319999999999
197000,-101.06419999999999
196000,-100.6052
195000,-101.1352
194000,-101.07719999999999
193000,-100.5452
192000,-100.4602
191000,-100.3582
190000,-100.5572
189000,-100.5322
188000,-99.9092
187000,-99.7662
186000,-99.4982
185000,-99.4312
184000,-99.6142
183000,-100.2122
182000,-100.1642
181000,-100.91019999999999
180000,-99.9242
179000,-100.1232
178000,-99.8552
177000,-100.22619999999999
176000,-100.38119999999999
175000,-99.7032
174000,-98.9772
173000,-99.33819999999999
172000,-98.9772
171000,-98.1112
170000,-98.57719999999999
169000,-98.79719999999999
168000,-99.0552
167000,-99.29119999999999
166000,-99.5662
165000,-99.9832
164000,-99.99419999999999
163000,-98.9842
162000,-99.7932
161000,-99.9292
160000,-100.0682
159000,-100.47619999999999
158000,-99.4032
157000,-99.0192
156000,-98.6562
155000,-97.7892
154000,-97.5852
153000,-97.70119999999999
152000,-98.35719999999999
151000,-98.4722
150000,-98.7542
149900,-98.7542
149800,-98.7542
149700,-98.8612
149600,-98.8612
149500,-98.8402
149400,-98.8402
149300,-98.8762
149200,-98.8762
149100,-98.8762
149000,-98.9292
148900,-98.9292
148800,-99.0492
148700,-99.0492
148600,-99.0492
148500,-99.23119999999999
148400,-99.23119999999999
148300,-99.2982
148200,-99.2982
148100,-99.2982
148000,-99.23719999999999
147900,-99.23719999999999
147800,-99.1572
147700,-99.1572
147600,-99.1572
147500,-99.1572
147400,-99.1572
147300,-99.2042
147200,-99.2042
147100,-98.9792
147000,-98.9792
146900,-98.9792
146800,-98.8422
146700,-98.8422
146600,-98.67819999999999
146500,-98.67819999999999
146400,-98.67819999999999
146300,-98.6022
146200,-98.6022
146100,-98.6082
146000,-98.6082
145900,-98.6082
145800,-98.7052
145700,-98.7052
145600,-98.85619999999999
145500,-98.85619999999999
145400,-99.0392
145300,-99.0392
145200,-99.0392
145100,-98.68319999999999
145000,-98.68319999999999
144900,-98.5212
144800,-98.5212
144700,-98.5212
144600,-98.5222
144500,-98.5222
144400,-98.63619999999999
144300,-98.63619999999999
144200,-98.63619999999999
144100,-98.6982
144000,-98.6982
143900,-98.7092
143800,-98.7092
143700,-98.7092
143600,-98.83219999999999
143500,-98.83219999999999
143400,-98.8652
143300,-98.8652
143200,-99.0022
143100,-99.0022
143000,-99.0022
142900,-98.7842
142800,-98.7842
142700,-98.58319999999999
142600,-98.58319999999999
142500,-98.58319999999999
142400,-98.6172
142300,-98.6172
142200,-98.7932
142100,-98.7932
142000,-98.7932
141900,-98.58319999999999
141800,-98.58319999999999
141700,-98.4242
141600,-98.4242
141500,-98.4242
141400,-98.4232
141300,-98.4232
141200,-98.4532
141100,-98.4532
141000,-98.1822
140900,-98.1822
140800,-98.1822
140700,-98.1862
140600,-98.1862
140500,-98.2692
140400,-98.2692
140300,-98.2692
140200,-98.3172
140100,-98.3172
140000,-98.4432
139900,-98.4432
139800,-98.4432
139700,-98.3932
139600,-98.3932
139500,-98.3902
139400,-98.3902
139300,-98.3902
139200,-98.4782
139100,-98.4782
139000,-98.80919999999999
138900,-98.80919999999999
138800,-98.86619999999999
138700,-98.86619999999999
138600,-98.86619999999999
138500,-98.85719999999999
138400,-98.85719999999999
138300,-98.86819999999999
138200,-98.86819999999999
138100,-98.86819999999999
138000,-98.56519999999999
137900,-98.56519999999999
137800,-98.55819999999999
137700,-98.55819999999999
137600,-98.55819999999999
137500,-98.34519999999999
137400,-98.34519999999999
137300,-98.24319999999999
137200,-98.24319999999999
137100,-98.1382
137000,-98.1382
136900,-98.1382
136800,-97.82719999999999
136700,-97.82719999999999
136600,-97.8282
136500,-97.8282
136400,-97.8282
136300,-97.94519999999999
136200,-97.94519999999999
136100,-98.11019999999999
136000,-98.11019999999999
135900,-98.11019999999999
135800,-98.19619999999999
135700,-98.19619999999999
135600,-98.4902
135500,-98.4902
135400,-98.4902
135300,-98.3102
135200,-98.3102
135100,-98.3182
135000,-98.3182
134900,-98.4292
134800,-98.4292
134700,-98.4292
134600,-98.49719999999999
134500,-98.49719999999999
134400,-98.4862
134300,-98.4862
134200,-98.4862
134100,-97.9472
134000,-97.9472
133900,-97.29719999999999
133800,-97.29719999999999
133700,-97.29719999999999
133600,-96.7692
133500,-96.7692
133400,-96.4442
133300,-96.4442
133200,-96.4442
133100,-96.44519999999999
133000,-96.44519999999999
132900,-96.6442
132800,-96.6442
132700,-96.92719999999998
132600,-96.92719999999998
132500,-96.92719999999998
132400,-96.9492
132300,-96.9492
132200,-96.8832
132100,-96.8832
132000,-96.8832
131900,-96.8352
131800,-96.8352
131700,-96.8352
131600,-96.8352
131500,-96.8352
131400,-96.7752
131300,-96.7752
131200,-96.6852
131100,-96.6852
131000,-96.6852
130900,-96.4132
130800,-96.4132
130700,-96.17719999999998
130600,-96.17719999999998
130500,-96.0282
130400,-96.0282
130300,-96.0282
130200,-96.0282
130100,-96.0282
130000,-96.12819999999999
129900,-96.12819999999999
129800,-96.12819999999999
129700,-96.2822
129600,-96.2822
129500,-96.52319999999999
129400,-96.52319999999999
129300,-96.52319999999999
129200,-96.6642
129100,-96.6642
129000,-96.46319999999999
128900,-96.46319999999999
128800,-96.46319999999999
128700,-96.4362
128600,-96.4362
128500,-96.4432
128400,-96.4432
128300,-96.5842
128200,-96.5842
128100,-96.5842
128000,-96.6032
127900,-96.6032
127800,-96.5572
127700,-96.5572
127600,-96.5572
127500,-96.67119999999998
127400,-96.67119999999998
127300,-96.9022
127200,-96.9022
127100,-96.9022
127000,-96.4422
126900,-96.4422
126800,-96.05319999999999
126700,-96.05319999999999
126600,-95.9612
126500,-95.9612
126400,-95.9612
126300,-95.99119999999999
126200,-95.99119999999999
126100,-96.1672
126000,-96.1672
125900,-96.1672
125800,-96.1682
125700,-96.1682
125600,-96.2582
125500,-96.2582
125400,-96.2582
125300,-96.3372
125200,-96.3372
125100,-96.58219999999999
125000,-96.58219999999999
124900,-96.58219999999999
124800,-96.60119999999999
124700,-96.60119999999999
124600,-96.5722
124500,-96.5722
124400,-96.7162
124300,-96.7162
124200,-96.7162
124100,-96.8892
124000,-96.8892
123900,-96.9132
123800,-96.9132
123700,-96.9132
123600,-96.9182
123500,-96.9182
123400,-96.7002
123300,-96.7002
123200,-96.7002
123100,-96.42819999999999
123000,-96.42819999999999
122900,-96.4262
122800,-96.4262
122700,-96.4262
122600,-96.47519999999999
122500,-96.47519999999999
122400,-96.6522
122300,-96.6522
122200,-95.9982
122100,-95.9982
122000,-95.9982
121900,-95.9442
121800,-95.9442
121700,-96.00519999999999
121600,-96.00519999999999
121500,-96.00519999999999
121400,-96.0222
121300,-96.0222
121200,-95.9552
121100,-95.9552
121000,-95.9552
120900,-95.80319999999999
120800,-95.80319999999999
120700,-95.4322
120600,-95.4322
120500,-95.4322
120400,-95.2542
120300,-95.2542
120200,-95.2722
120100,-95.2722
120000,-95.5862
119900,-95.5862
119800,-95.5862
119700,-95.70819999999999
119600,-95.70819999999999
119500,-95.82619999999999
119400,-95.82619999999999
119300,-95.82619999999999
119200,-96.0252
119100,-96.0252
119000,-96.00519999999999
118900,-96.00519999999999
118800,-96.00519999999999
118700,-96.0812
118600,-96.0812
118500,-95.99719999999999
118400,-95.99719999999999
118300,-96.02919999999999
118200,-96.02919999999999
118100,-96.02919999999999
118000,-95.87819999999999
117900,-95.87819999999999
117800,-95.4792
117700,-95.4792
117600,-95.4792
117500,-95.10019999999999
117400,-95.10019999999999
117300,-95.0722
117200,-95.0722
117100,-95.0722
117000,-95.2212
116900,-95.2212
116800,-95.4772
116700,-95.4772
116600,-95.4772
116500,-95.3232
116400,-95.3232
116300,-95.2062
116200,-95.2062
116100,-95.0502
116000,-95.0502
115900,-95.0502
115800,-94.9132
115700,-94.9132
115600,-94.9262
115500,-94.9262
115400,-94.9262
115300,-95.1412
115200,-95.1412
115100,-95.1332
115000,-95.1332
114900,-95.1332
114800,-95.24119999999999
114700,-95.24119999999999
114600,-95.45219999999999
114500,-95.45219999999999
114400,-95.45219999999999
114300,-95.24419999999999
114200,-95.24419999999999
114100,-94.95119999999999
114000,-94.95119999999999
113900,-94.6612
113800,-94.6612
113700,-94.6612
113600,-94.23219999999999
113500,-94.23219999999999
113400,-94.1742
113300,-94.1742
113200,-94.1742
113100,-94.2032
113000,-94.2032
112900,-94.20719999999999
112800,-94.20719999999999
112700,-94.20719999999999
112600,-94.2292
112500,-94.2292
112400,-94.43919999999999
112300,-94.43919999999999
112200,-94.43919999999999
112100,-94.63119999999999
112000,-94.63119999999999
111900,-94.7342
111800,-94.7342
111700,-94.7182
111600,-94.7182
111500,-94.7182
111400,-94.9002
111300,-94.9002
111200,-95.2692
111100,-95.2692
111000,-95.2692
110900,-95.2302
110800,-95.2302
110700,-94.5012
110600,-94.5012
110500,-94.5012
110400,-94.2182
110300,-94.2182
110200,-93.9592
110100,-93.9592
110000,-93.9592
109900,-93.8532
109800,-93.8532
109700,-93.8902
109600,-93.8902
109500,-94.1462
109400,-94.1462
109300,-94.1462
109200,-94.19619999999999
109100,-94.19619999999999
109000,-93.91619999999999
108900,-93.91619999999999
108800,-93.91619999999999
108700,-93.74919999999999
108600,-93.74919999999999
108500,-93.3172
108400,-93.3172
108300,-93.3172
108200,-93.2822
108100,-93.2822
108000,-93.1562
107900,-93.1562
107800,-92.9082
107700,-92.9082
107600,-92.9082
107500,-92.72519999999999
107400,-92.72519999999999
107300,-92.6562
107200,-92.6562
107100,-92.6562
107000,-92.5542
106900,-92.5542
106800,-92.5152
106700,-92.5152
106600,-92.5152
106500,-92.6052
106400,-92.6052
106300,-92.6812
106200,-92.6812
106100,-92.6812
106000,-92.8112
105900,-92.8112
105800,-92.82119999999999
105700,-92.82119999999999
105600,-92.8222
105500,-92.8222
105400,-92.8222
105300,-92.7712
105200,-92.7712
105100,-92.7712
105000,-92.7712
104900,-92.7712
104800,-92.8462
104700,-92.8462
104600,-92.9022
104500,-92.9022
104400,-92.9022
104300,-92.5252
104200,-92.5252
104100,-92.52319999999999
104000,-92.52319999999999
103900,-92.52319999999999
103800,-92.5302
103700,-92.5302
103600,-92.4232
103500,-92.4232
103400,-92.4322
103300,-92.4322
103200,-92.4322
103100,-92.61019999999999
103000,-92.61019999999999
102900,-92.4252
102800,-92.4252
102700,-92.4252
102600,-92.3482
102500,-92.3482
102400,-92.35119999999999
102300,-92.35119999999999
102200,-92.35119999999999
102100,-92.4892
102000,-92.4892
101900,-92.5752
101800,-92.5752
101700,-92.5752
101600,-92.57119999999999
101500,-92.57119999999999
101400,-92.5842
101300,-92.5842
101200,-92.6452
101100,-92.6452
101000,-92.6452
100900,-92.68919999999999
100800,-92.68919999999999
100700,-92.75619999999999
100600,-92.75619999999999
100500,-92.75619999999999
100400,-93.00019999999999
100300,-93.00019999999999
100200,-92.8482
100100,-92.8482
100000,-92.8482
99900,-94.80269999999999
98899,-92.4557
97898,-93.11869999999999
96897,-93.17269999999999
95896,-92.54469999999999
94895,-93.2297
93894,-92.0697
92893,-93.24369999999999
91892,-93.2267
90891,-93.4617
89890,-91.7367
88889,-90.36269999999999
87888,-92.9707
86887,-92.5937
85886,-92.4987
84885,-91.8077
83884,-91.2357
82883,-92.67869999999999
81882,-91.94869999999999
80881,-92.5287
79880,-91.80369999999999
78879,-91.1617
77878,-89.96069999999999
76877,-90.08869999999999
75876,-90.7207
74875,-89.49969999999999
73874,-93.10669999999999
72873,-88.93669999999999
71872,-91.49369999999999
70871,-88.9567
69870,-89.4867
68869,-89.8347
67868,-90.9807
66867,-91.30969999999999
65866,-91.4057
64865,-92.11869999999999
63864,-93.2037
62863,-90.81569999999999
61862,-88.3637
60861,-90.6317
59860,-89.70769999999999
58859,-90.21969999999999
57858,-89.7957
56857,-88.5867
55856,-89.7987
54855,-90.91369999999999
53854,-91.30869999999999
52853,-90.8587
51852,-88.7927
50851,-90.67769999999999
49850,-90.31769999999999
49749,-88.03869999999999
49648,-88.8347
49547,-92.0157
49446,-88.8277
49345,-88.71969999999999
49244,-89.81169999999999
49143,-90.6737
49042,-88.0127
48941,-89.1137
48840,-90.3227
48739,-90.18369999999999
48638,-90.66869999999999
48537,-91.13069999999999
48436,-91.0157
48335,-89.3617
48234,-90.2067
48133,-91.3407
48032,-88.93769999999999
47931,-90.3107
47830,-90.7897
47729,-88.54169999999999
47628,-88.1597
47527,-89.49069999999999
47426,-88.75869999999999
47325,-91.1087
47224,-91.4477
47123,-88.42269999999999
47022,-89.9677
46921,-90.6267
46820,-89.3197
46719,-89.79769999999999
46618,-90.10069999999999
46517,-88.9837
46416,-89.3407
46315,-89.64569999999999
46214,-88.8737
46113,-89.3497
46012,-89.45469999999999
45911,-89.1567
45810,-90.06169999999999
45709,-88.7537
45608,-92.0407
45507,-90.0247
45406,-89.52669999999999
45305,-89.3887
45204,-89.05869999999999
45103,-89.8377
45002,-88.9867
44901,-88.7837
44800,-90.3527
44699,-90.04969999999999
44598,-90.0927
44497,-90.3167
44396,-91.63369999999999
44295,-89.97269999999999
44194,-89.8637
44093,-90.63069999999999
43992,-90.3937
43891,-89.3497
43790,-89.65169999999999
43689,-89.02669999999999
43588,-90.10969999999999
43487,-89.5187
43386,-90.3107
43285,-90.6207
43184,-90.8757
43083,-88.9917
42982,-89.94969999999999
42881,-89.6297
42780,-91.73169999999999
42679,-90.3557
42578,-91.5137
42477,-91.0367
42376,-90.2837
42275,-90.01769999999999
42174,-90.5547
42073,-89.80269999999999
41972,-89.6077
41871,-88.7247
41770,-88.28769999999999
41669,-89.67769999999999
41568,-88.93169999999999
41467,-90.21069999999999
41366,-90.8997
41265,-92.35969999999999
41164,-90.8587
41063,-88.5817
40962,-88.31569999999999
40861,-90.9597
40760,-89.7157
40659,-90.2067
40558,-89.1557
40457,-89.4097
40356,-87.40769999999999
40255,-87.9527
40154,-89.71069999999999
40053,-89.8077
39952,-89.8367
39851,-89.6137
39750,-89.29169999999999
39649,-89.5907
39548,-89.7627
39447,-89.5937
39346,-89.30669999999999
39245,-89.8637
39144,-89.95169999999999
39043,-89.12169999999999
38942,-90.2957
38841,-89.58269999999999
38740,-89.1237
38639,-89.2747
38538,-89.3737
38437,-91.0127
38336,-90.9867
38235,-89.7007
38134,-90.0097
38033,-89.63069999999999
37932,-89.04369999999999
37831,-89.3577
37730,-89.3947
37629,-91.2697
37528,-87.91869999999999
37427,-90.02069999999999
37326,-89.17169999999999
37225,-88.6407
37124,-90.0997
37023,-90.3557
36922,-89.92769999999999
36821,-89.0957
36720,-89.87169999999999
36619,-88.9777
36518,-88.5427
36417,-89.6257
36316,-89.60669999999999
36215,-91.7727
36114,-89.5757
36013,-89.83269999999999
35912,-88.5257
35811,-89.2747
35710,-89.40169999999999
35609,-90.3077
35508,-89.28269999999999
35407,-90.2817
35306,-88.3337
35205,-90.24969999999999
35104,-89.71969999999999
35003,-89.4357
34902,-90.58569999999999
34801,-91.20469999999999
34700,-90.80269999999999
34599,-89.57169999999999
34498,-89.6047
34397,-90.0837
34296,-88.54369999999999
34195,-92.6017
34094,-90.8347
33993,-89.6407
33892,-89.0967
33791,-89.88969999999999
33690,-89.05669999999999
33589,-90.5867
33488,-89.6017
33387,-90.0837
33286,-89.50869999999999
33185,-88.4557
33084,-89.35969999999999
32983,-88.34669999999998
32882,-89.30069999999999
32781,-88.98469999999999
32680,-90.1077
32579,-87.3567
32478,-89.6947
32377,-90.4707
32276,-89.7627
32175,-91.1947
32074,-91.3547
31973,-92.3407
31872,-90.41869999999999
31771,-90.1917
31670,-89.3287
31569,-88.84469999999999
31468,-88.3747
31367,-88.63069999999999
31266,-88.6147
31165,-88.9597
31064,-89.31769999999999
30963,-88.14469999999999
30862,-88.9557
30761,-89.09169999999999
30660,-90.61269999999999
30559,-91.94369999999999
30458,-90.64269999999999
30357,-90.59169999999999
30256,-90.7697
30155,-89.6677
30054,-90.5247
29953,-89.02669999999999
29942,-89.02669999999999
29931,-89.02669999999999
29920,-89.0157
29909,-89.0157
29898,-89.3427
29887,-89.3427
29876,-89.0077
29865,-89.0077
29854,-89.08869999999999
29843,-89.08869999999999
29832,-89.08869999999999
29821,-91.5197
29810,-91.5197
29799,-91.0247
29788,-91.0247
29777,-90.83869999999999
29766,-90.83869999999999
29755,-90.2727
29744,-90.2727
29733,-90.6597
29722,-90.6597
29711,-90.6597
29700,-89.1197
29689,-89.1197
29678,-89.96969999999999
29667,-89.96969999999999
29656,-89.00269999999999
29645,-89.00269999999999
29634,-88.31269999999999
29623,-88.31269999999999
29612,-88.31269999999999
29601,-88.26369999999999
29590,-88.26369999999999
29579,-88.69869999999999
29568,-88.69869999999999
29557,-88.4707
29546,-88.4707
29535,-89.42869999999999
29524,-89.42869999999999
29513,-90.5377
29502,-90.5377
29491,-90.5377
29480,-91.82469999999999
29469,-91.82469999999999
29458,-90.71069999999999
29447,-90.71069999999999
29436,-91.1017
29425,-91.1017
29414,-89.5517
29403,-89.5517
29392,-89.5517
29381,-90.25569999999999
29370,-90.25569999999999
29359,-88.66969999999999
29348,-88.66969999999999
29337,-89.2487
29326,-89.2487
29315,-89.24969999999999
29304,-89.24969999999999
29293,-89.1287
29282,-89.1287
29271,-89.1287
29260,-87.9417
29249,-87.9417
29238,-88.4397
29227,-88.4397
29216,-88.42869999999999
29205,-88.42869999999999
29194,-90.1017
29183,-90.1017
29172,-90.1017
29161,-89.5397
29150,-89.5397
29139,-89.99969999999999
29128,-89.99969999999999
29117,-89.6497
29106,-89.6497
29095,-88.9567
29084,-88.9567
29073,-88.4057
29062,-88.4057
29051,-88.4057
29040,-89.1057
29029,-89.1057
29018,-88.4977
29007,-88.4977
28996,-88.5007
28985,-88.5007
28974,-89.2727
28963,-89.2727
28952,-89.2727
28941,-89.57469999999999
28930,-89.57469999999999
28919,-90.03869999999999
28908,-90.03869999999999
28897,-91.1647
28886,-91.1647
28875,-90.66869999999999
28864,-90.66869999999999
28853,-90.7817
28842,-90.7817
28831,-90.7817
28820,-91.1087
28809,-91.1087
28798,-91.6737
28787,-91.6737
28776,-91.54369999999999
28765,-91.54369999999999
28754,-90.5757
28743,-90.5757
28732,-90.5757
28721,-90.2447
28710,-90.2447
28699,-91.2187
28688,-91.2187
28677,-90.69869999999999
28666,-90.69869999999999
28655,-92.06469999999999
28644,-92.06469999999999
28633,-90.8407
28622,-90.8407
28611,-90.8407
28600,-91.30669999999999
28589,-91.30669999999999
28578,-91.29469999999999
28567,-91.29469999999999
28556,-90.49369999999999
28545,-90.49369999999999
28534,-89.9707
28523,-89.9707
28512,-89.9707
28501,-90.2067
28490,-90.2067
28479,-89.99069999999999
28468,-89.99069999999999
28457,-90.04469999999999
28446,-90.04469999999999
28435,-88.6357
28424,-88.6357
28413,-89.99969999999999
28402,-89.99969999999999
28391,-89.99969999999999
28380,-88.97869999999999
28369,-88.97869999999999
28358,-89.1057
28347,-89.1057
28336,-89.43169999999999
28325,-89.43169999999999
28314,-90.32169999999999
28303,-90.32169999999999
28292,-90.32169999999999
28281,-89.99969999999999
28270,-89.99969999999999
28259,-89.80869999999999
28248,-89.80869999999999
28237,-89.5757
28226,-89.5757
28215,-89.7127
28204,-89.7127
28193,-89.2457
28182,-89.2457
28171,-89.2457
28160,-90.0007
28149,-90.0007
28138,-89.25869999999999
28127,-89.25869999999999
28116,-89.5997
28105,-89.5997
28094,-89.06469999999999
28083,-89.06469999999999
28072,-89.06469999999999
28061,-89.7847
28050,-89.7847
28039,-88.3977
28028,-88.3977
28017,-88.6647
28006,-88.6647
27995,-88.59469999999999
27984,-88.59469999999999
27973,-89.1107
27962,-89.1107
27951,-89.1107
27940,-88.6887
27929,-88.6887
27918,-89.6587
27907,-89.6587
27896,-89.31469999999999
27885,-89.31469999999999
27874,-89.4527
27863,-89.4527
27852,-89.4527
27841,-89.2097
27830,-89.2097
27819,-89.27069999999999
27808,-89.27069999999999
27797,-89.7957
27786,-89.7957
27775,-90.4837
27764,-90.4837
27753,-90.3467
27742,-90.3467
27731,-90.3467
27720,-90.55869999999999
27709,-90.55869999999999
27698,-89.1267
27687,-89.1267
27676,-89.58569999999999
27665,-89.58569999999999
27654,-89.34169999999999
27643,-89.34169999999999
27632,-89.34169999999999
27621,-90.20469999999999
27610,-90.20469999999999
27599,-90.9717
27588,-90.9717
27577,-92.0877
27566,-92.0877
27555,-91.30669999999999
27544,-91.30669999999999
27533,-90.10069999999999
27522,-90.10069999999999
27511,-90.10069999999999
27500,-89.52069999999999
27489,-89.52069999999999
27478,-91.2727
27467,-91.2727
27456,-91.15469999999999
27445,-91.15469999999999
27434,-90.3437
27423,-90.3437
27412,-90.3437
27401,-90.1417
27390,-90.1417
27379,-90.9657
27368,-90.9657
27357,-90.2577
27346,-90.2577
27335,-91.0457
27324,-91.0457
27313,-90.3877
27302,-90.3877
27291,-90.3877
27280,-90.67469999999999
27269,-90.67469999999999
27258,-90.55869999999999
27247,-90.55869999999999
27236,-91.07369999999999
27225,-91.07369999999999
27214,-89.79669999999999
27203,-89.79669999999999
27192,-89.79669999999999
27181,-88.9957
27170,-88.9957
27159,-88.5987
27148,-88.5987
27137,-89.4557
27126,-89.4557
27115,-88.5227
27104,-88.5227
27093,-89.7537
27082,-89.7537
27071,-89.7537
27060,-88.73169999999999
27049,-88.73169999999999
27038,-89.80569999999999
27027,-89.80569999999999
27016,-89.1267
27005,-89.1267
26994,-89.43469999999999
26983,-89.43469999999999
26972,-89.43469999999999
26961,-89.2327
26950,-89.2327
26939,-89.3137
26928,-89.3137
26917,-88.94869999999999
26906,-88.94869999999999
26895,-90.3847
26884,-90.3847
26873,-89.79769999999999
26862,-89.79769999999999
26851,-89.79769999999999
26840,-90.33869999999999
26829,-90.33869999999999
26818,-89.12169999999999
26807,-89.12169999999999
26796,-90.10069999999999
26785,-90.10069999999999
26774,-89.9567
26763,-89.9567
26752,-89.9567
26741,-90.57469999999999
26730,-90.57469999999999
26719,-88.8167
26708,-88.8167
26697,-90.0577
26686,-90.0577
26675,-88.84469999999999
26664,-88.84469999999999
26653,-89.44069999999999
26642,-89.44069999999999
26631,-89.44069999999999
26620,-87.92569999999999
26609,-87.92569999999999
26598,-88.6557
26587,-88.6557
26576,-87.6187
26565,-87.6187
26554,-88.12769999999999
26543,-88.12769999999999
26532,-88.12769999999999
26521,-87.59769999999999
26510,-87.59769999999999
26499,-87.9117
26488,-87.9117
26477,-88.2747
26466,-88.2747
26455,-88.9027
26444,-88.9027
26433,-89.20169999999999
26422,-89.20169999999999
26411,-89.20169999999999
26400,-90.0607
26389,-90.0607
26378,-89.9097
26367,-89.9097
26356,-89.9977
26345,-89.9977
26334,-89.2637
26323,-89.2637
26312,-89.2637
26301,-89.4957
26290,-89.4957
26279,-89.5927
26268,-89.5927
26257,-90.6617
26246,-90.6617
26235,-90.6617
26224,-90.6617
26213,-90.90169999999999
26202,-90.90169999999999
26191,-90.90169999999999
26180,-90.5427
26169,-90.5427
26158,-90.6557
26147,-90.6557
26136,-89.53269999999999
26125,-89.53269999999999
26114,-89.8017
26103,-89.8017
26092,-89.8017
26081,-89.0217
26070,-89.0217
26059,-88.5247
26048,-88.5247
26037,-88.5517
26026,-88.5517
26015,-88.9327
26004,-88.9327
25993,-89.42469999999999
25982,-89.42469999999999
25971,-89.42469999999999
25960,-89.66869999999999
25949,-89.66869999999999
25938,-90.0757
25927,-90.0757
25916,-91.49069999999999
25905,-91.49069999999999
25894,-91.49069999999999
25883,-91.49069999999999
25872,-91.49069999999999
25861,-92.46069999999999
25850,-92.46069999999999
25839,-91.2867
25828,-91.2867
25817,-91.6087
25806,-91.6087
25795,-90.1287
25784,-90.1287
25773,-91.7357
25762,-91.7357
25751,-91.7357
25740,-90.1137
25729,-90.1137
25718,-90.0157
25707,-90.0157
25696,-88.06769999999999
25685,-88.06769999999999
25674,-88.74969999999999
25663,-88.74969999999999
25652,-88.74969999999999
25641,-88.06769999999999
25630,-88.06769999999999
25619,-88.46569999999998
25608,-88.46569999999998
25597,-89.2787
25586,-89.2787
25575,-89.3707
25564,-89.3707
25553,-90.3457
25542,-90.3457
25531,-90.3457
25520,-90.93669999999999
25509,-90.93669999999999
25498,-90.10669999999999
25487,-90.10669999999999
25476,-91.2727
25465,-91.2727
25454,-90.6287
25443,-90.6287
25432,-90.6287
25421,-91.26769999999999
25410,-91.26769999999999
25399,-90.08269999999999
25388,-90.08269999999999
25377,-90.5377
25366,-90.5377
25355,-90.2187
25344,-90.2187
25333,-90.8697
25322,-90.8697
25311,-90.8697
25300,-90.5007
25289,-90.5007
25278,-89.47569999999999
25267,-89.47569999999999
25256,-89.04369999999999
25245,-89.04369999999999
25234,-89.70469999999999
25223,-89.70469999999999
25212,-89.70469999999999
25201,-88.8757
25190,-88.8757
25179,-88.9327
25168,-88.9327
25157,-88.5127
25146,-88.5127
25135,-88.2837
25124,-88.2837
25113,-88.30669999999999
25102,-88.30669999999999
25091,-88.30669999999999
25080,-90.06869999999999
25069,-90.06869999999999
25058,-88.8487
25047,-88.8487
25036,-89.56869999999999
25025,-89.56869999999999
25014,-89.0547
25003,-89.0547
24992,-89.0547
24981,-89.47869999999999
24970,-89.47869999999999
24959,-89.2597
24948,-89.2597
24937,-89.55269999999999
24926,-89.55269999999999
24915,-88.94369999999999
24904,-88.94369999999999
24893,-88.9657
24882,-88.9657
24871,-88.9657
24860,-88.7277
24849,-88.7277
24838,-88.7217
24827,-88.7217
24816,-89.2457
24805,-89.2457
24794,-90.29769999999999
24783,-90.29769999999999
24772,-90.29769999999999
24761,-89.6917
24750,-89.6917
24739,-88.9477
24728,-88.9477
24717,-88.4327
24706,-88.4327
24695,-88.35369999999999
24684,-88.35369999999999
24673,-88.2907
24662,-88.2907
24651,-88.2907
24640,-88.7187
24629,-88.7187
24618,-88.1767
24607,-88.1767
24596,-89.4357
24585,-89.4357
24574,-89.19569999999999
24563,-89.19569999999999
24552,-89.19569999999999
24541,-90.0457
24530,-90.0457
24519,-89.2517
24508,-89.2517
24497,-89.2907
24486,-89.2907
24475,-88.93769999999999
24464,-88.93769999999999
24453,-88.93769999999999
24442,-88.1527
24431,-88.1527
24420,-87.72769999999998
24409,-87.72769999999998
24398,-88.28769999999999
24387,-88.28769999999999
24376,-88.1417
24365,-88.1417
24354,-87.6077
24343,-87.6077
24332,-87.6077
24321,-87.44669999999999
24310,-87.44669999999999
24299,-87.6537
24288,-87.6537
24277,-86.77369999999999
24266,-86.77369999999999
24255,-87.2747
24244,-87.2747
24233,-87.2747
24222,-86.9877
24211,-86.9877
24200,-88.15769999999999
24189,-88.15769999999999
24178,-87.66069999999999
24167,-87.66069999999999
24156,-87.84769999999999
24145,-87.84769999999999
24134,-87.99069999999999
24123,-87.99069999999999
24112,-87.99069999999999
24101,-89.6557
24090,-89.6557
24079,-89.1057
24068,-89.1057
24057,-89.02969999999999
24046,-89.02969999999999
24035,-87.6187
24024,-87.6187
24013,-87.6187
24002,-88.21669999999999
23991,-88.21669999999999
23980,-87.72269999999999
23969,-87.72269999999999
23958,-88.6857
23947,-88.6857
23936,-88.6857
23925,-88.6857
23914,-88.6377
23903,-88.6377
23892,-88.6377
23881,-88.5907
23870,-88.5907
23859,-89.7667
23848,-89.7667
23837,-89.4617
23826,-89.4617
23815,-89.9387
23804,-89.9387
23793,-89.9387
23782,-89.79969999999999
23771,-89.79969999999999
23760,-89.7987
23749,-89.7987
23738,-89.8017
23727,-89.8017
23716,-90.7027
23705,-90.7027
23694,-89.31269999999999
23683,-89.31269999999999
23672,-89.31269999999999
23661,-90.41869999999999
23650,-90.41869999999999
23639,-90.07069999999999
23628,-90.07069999999999
23617,-89.18469999999999
23606,-89.18469999999999
23595,-88.84769999999999
23584,-88.84769999999999
23573,-88.84769999999999
23562,-89.7757
23551,-89.7757
23540,-88.96969999999999
23529,-88.96969999999999
23518,-89.90169999999999
23507,-89.90169999999999
23496,-89.12469999999999
23485,-89.12469999999999
23474,-89.6617
23463,-89.6617
23452,-89.6617
23441,-89.20769999999999
23430,-89.20769999999999
23419,-89.7267
23408,-89.7267
23397,-89.21069999999999
23386,-89.21069999999999
23375,-90.1137
23364,-90.1137
23353,-90.1137
23342,-90.1137
23331,-90.1137
23320,-91.2607
23309,-91.2607
23298,-90.5277
23287,-90.5277
23276,-90.5867
23265,-90.5867
23254,-90.67569999999999
23243,-90.67569999999999
23232,-90.67569999999999
23221,-90.19869999999999
23210,-90.19869999999999
23199,-90.1467
23188,-90.1467
23177,-89.3457
23166,-89.3457
23155,-88.8017
23144,-88.8017
23133,-88.8017
23122,-88.5247
23111,-88.5247
23100,-88.21069999999999
23089,-88.21069999999999
23078,-88.24569999999999
23067,-88.24569999999999
23056,-88.79669999999999
23045,-88.79669999999999
23034,-89.2847
23023,-89.2847
23012,-89.2847
23001,-89.8307
22990,-89.8307
22979,-91.45469999999999
22968,-91.45469999999999
22957,-90.5077
22946,-90.5077
22935,-91.5197
22924,-91.5197
22913,-91.5197
22902,-90.3607
22891,-90.3607
22880,-90.2837
22869,-90.2837
22858,-89.9527
22847,-89.9527
22836,-90.88969999999999
22825,-90.88969999999999
22814,-90.69969999999999
22803,-90.69969999999999
22792,-90.69969999999999
22781,-90.1237
22770,-90.1237
22759,-90.2307
22748,-90.2307
22737,-90.07169999999999
22726,-90.07169999999999
22715,-89.9867
22704,-89.9867
22693,-89.9867
22682,-89.2487
22671,-89.2487
22660,-89.0017
22649,-89.0017
22638,-89.8827
22627,-89.8827
22616,-89.4567
22605,-89.4567
22594,-90.24069999999999
22583,-90.24069999999999
22572,-90.24069999999999
22561,-89.64269999999999
22550,-89.64269999999999
22539,-89.8917
22528,-89.8917
22517,-89.94969999999999
22506,-89.94969999999999
22495,-90.4897
22484,-90.4897
22473,-90.4897
22462,-90.42169999999999
22451,-90.42169999999999
22440,-90.0137
22429,-90.0137
22418,-88.6407
22407,-88.6407
22396,-88.05069999999999
22385,-88.05069999999999
22374,-88.3907
22363,-88.3907
22352,-88.3907
22341,-88.2927
22330,-88.2927
22319,-88.2357
22308,-88.2357
22297,-88.7157
22286,-88.7157
22275,-89.2667
22264,-89.2667
22253,-89.2667
22242,-91.17169999999999
22231,-91.17169999999999
22220,-90.5847
22209,-90.5847
22198,-90.5457
22187,-90.5457
22176,-90.5787
22165,-90.5787
22154,-90.5897
22143,-90.5897
22132,-90.5897
22121,-90.7357
22110,-90.7357
22099,-91.27669999999999
22088,-91.27669999999999
22077,-91.0697
22066,-91.0697
22055,-91.59169999999999
22044,-91.59169999999999
22033,-91.59169999999999
22022,-91.27669999999999
22011,-91.27669999999999
22000,-90.79369999999999
21989,-90.79369999999999
21978,-90.76169999999999
21967,-90.76169999999999
21956,-90.8197
21945,-90.8197
21934,-91.17869999999999
21923,-91.17869999999999
21912,-91.17869999999999
21901,-92.0197
21890,-92.0197
21879,-90.58869999999999
21868,-90.58869999999999
21857,-90.1797
21846,-90.1797
21835,-89.6647
21824,-89.6647
21813,-89.6647
21802,-89.60069999999999
21791,-89.60069999999999
21780,-90.07169999999999
21769,-90.07169999999999
21758,-91.64269999999999
21747,-91.64269999999999
21736,-90.8547
21725,-90.8547
21714,-91.62469999999999
21703,-91.62469999999999
21692,-91.62469999999999
21681,-90.0227
21670,-90.0227
21659,-90.4657
21648,-90.4657
21637,-89.71069999999999
21626,-89.71069999999999
21615,-91.41969999999999
21604,-91.41969999999999
21593,-91.41969999999999
21582,-91.19869999999999
21571,-91.19869999999999
21560,-90.5457
21549,-90.5457
21538,-89.68469999999999
21527,-89.68469999999999
21516,-89.72269999999999
21505,-89.72269999999999
21494,-89.1507
21483,-89.1507
21472,-89.1507
21461,-89.78869999999999
21450,-89.78869999999999
21439,-89.17469999999999
21428,-89.17469999999999
21417,-89.57469999999999
21406,-89.57469999999999
21395,-89.5427
21384,-89.5427
21373,-89.5427
21362,-90.1477
21351,-90.1477
21340,-89.8977
21329,-89.8977
21318,-90.2277
21307,-90.2277
21296,-90.07669999999999
21285,-90.07669999999999
21274,-90.57669999999999
21263,-90.57669999999999
21252,-90.57669999999999
21241,-90.41669999999999
21230,-90.41669999999999
21219,-91.07669999999999
21208,-91.07669999999999
21197,-90.52069999999999
21186,-90.52069999999999
21175,-91.4737
21164,-91.4737
21153,-91.4737
21142,-90.6147
21131,-90.6147
21120,-91.7267
21109,-91.7267
21098,-91.2607
21087,-91.2607
21076,-91.76769999999999
21065,-91.76769999999999
21054,-91.68169999999999
21043,-91.68169999999999
21032,-91.68169999999999
21021,-91.39269999999999
21010,-91.39269999999999
20999,-90.2457
20988,-90.2457
20977,-91.0907
20966,-91.0907
20955,-90.3337
20944,-90.3337
20933,-90.3337
20922,-91.35069999999999
20911,-91.35069999999999
20900,-91.35069999999999
20889,-91.35069999999999
20878,-91.66069999999999
20867,-91.66069999999999
20856,-89.73169999999999
20845,-89.73169999999999
20834,-90.9867
20823,-90.9867
20812,-90.9867
20801,-89.7177
20790,-89.7177
20779,-90.3937
20768,-90.3937
20757,-89.8397
20746,-89.8397
20735,-91.1237
20724,-91.1237
20713,-91.1237
20702,-90.2237
20691,-90.2237
20680,-89.13969999999999
20669,-89.13969999999999
20658,-89.33569999999999
20647,-89.33569999999999
20636,-89.29769999999999
20625,-89.29769999999999
20614,-90.22269999999999
20603,-90.22269999999999
20592,-90.22269999999999
20581,-91.2067
20570,-91.2067
20559,-91.1557
20548,-91.1557
20537,-91.0097
20526,-91.0097
20515,-90.5837
20504,-90.5837
20493,-90.5837
20482,-90.8467
20471,-90.8467
20460,-90.0697
20449,-90.0697
20438,-90.58869999999999
20427,-90.58869999999999
20416,-90.1177
20405,-90.1177
20394,-90.1177
20383,-92.08269999999999
20372,-92.08269999999999
20361,-91.3137
20350,-91.3137
20339,-91.0167
20328,-91.0167
20317,-91.0017
20306,-91.0017
20295,-90.43169999999999
20284,-90.43169999999999
20273,-90.43169999999999
20262,-90.4737
20251,-90.4737
20240,-90.6387
20229,-90.6387
20218,-90.4917
20207,-90.4917
20196,-91.41669999999999
20185,-91.41669999999999
20174,-91.41669999999999
20163,-90.81569999999999
20152,-90.81569999999999
20141,-92.0987
20130,-92.0987
20119,-90.93069999999999
20108,-90.93069999999999
20097,-91.4707
20086,-91.4707
20075,-91.77369999999999
20064,-91.77369999999999
20053,-91.77369999999999
20042,-93.0197
20031,-93.0197
20020,-91.8817
20009,-91.8817
19000,-89.7623
18900,-90.0163
18800,-91.2023
18700,-90.0463
18600,-91.2363
18500,-89.9273
18400,-90.7023
18300,-91.5193
18200,-90.4323
18100,-90.1623
18000,-90.6373
17900,-92.2383
17800,-91.8553
17700,-89.4653
17600,-89.4673
17500,-91.45429999999999
17400,-90.6803
17300,-92.3483
17200,-93.1173
17100,-89.7593
17000,-91.78229999999999
16900,-90.2633
16800,-90.7233
16700,-90.1653
16600,-90.4183
16500,-91.22529999999999
16400,-91.0493
16300,-91.2513
16200,-90.19229999999999
16100,-90.1993
16000,-90.6083
15900,-91.03529999999999
15800,-89.10029999999999
15700,-90.5933
15600,-89.69529999999999
15500,-89.0693
15400,-90.1833
15300,-92.0753
15200,-90.6173
15100,-91.7383
15000,-91.4303
14900,-89.8513
14800,-92.0683
14700,-90.1973
14600,-92.4413
14500,-91.7983
14400,-90.58829999999999
14300,-91.3733
14200,-92.9203
14100,-91.69529999999999
14000,-91.6443
13900,-90.5873
13800,-90.4433
13700,-90.7623
13600,-91.2893
13500,-91.6413
13400,-91.3603
13300,-90.6743
13200,-91.0613
13100,-91.3703
13000,-90.51129999999999
12900,-92.1103
12800,-92.08829999999999
12700,-92.61529999999999
12600,-91.87129999999999
12500,-92.0453
12400,-92.77029999999999
12300,-91.69229999999999
12200,-92.5783
12100,-91.3423
12000,-91.65729999999999
11900,-91.5843
11800,-90.7023
11700,-92.76129999999999
11600,-91.3523
11500,-91.5963
11400,-93.3813
11300,-92.4853
11200,-89.1383
11100,-90.9563
11000,-91.3423
10900,-92.44529999999999
10800,-92.5873
10700,-90.9123
10600,-91.2393
10500,-91.8523
10400,-91.6873
10300,-92.1613
10200,-90.7603
10100,-93.02329999999999
10000,-91.26729999999999
9900,-91.12129999999999
9800,-91.1763
9700,-92.72529999999999
9600,-92.88929999999999
9500,-92.8333
9400,-93.16329999999999
9300,-91.16929999999999
9200,-92.3643
9100,-94.0713
9000,-93.2443
8900,-92.4653
8800,-92.2143
8700,-93.9433
8600,-92.7423
8500,-93.07629999999999
8400,-93.2933
8300,-92.0133
8200,-93.6883
8100,-92.9233
8000,-93.9253
7900,-95.0403
7800,-93.1563
7700,-93.6263
7600,-91.9433
7500,-92.65129999999999
7400,-93.9273
7300,-93.48129999999999
7200,-92.3663
7100,-92.57929999999999
7000,-93.0543
6900,-92.72229999999999
6800,-93.2933
6700,-93.99329999999999
6600,-93.01729999999999
6500,-94.5773
6400,-95.0933
6300,-93.6793
6200,-94.1493
6100,-91.5013
6000,-92.86529999999999
5900,-94.0493
5800,-95.44529999999999
5700,-94.1583
5600,-94.39529999999999
5500,-93.8493
5400,-95.2933
5300,-94.97229999999999
5200,-92.78229999999999
5100,-95.3133
5000,-95.43929999999999
4900,-94.50529999999999
4800,-93.38929999999999
4700,-94.0633
4600,-93.9793
4500,-92.25829999999999
4400,-93.97529999999999
4300,-94.6913
4200,-94.79729999999999
4100,-93.7993
4000,-94.8123
3900,-94.6993
3800,-95.35929999999999
3700,-95.79129999999999
3600,-94.8003
3500,-94.9593
3400,-93.87729999999999
3300,-95.3123
3200,-96.9323
3100,-93.8213
3000,-95.7873
2900,-95.8033
2800,-95.2723
2700,-96.0393
2600,-94.4533
2500,-94.31729999999999
2400,-95.3033
2300,-95.22529999999999
2200,-94.3613
2100,-95.6553
2000,-97.65129999999999
1990,-97.13029999999999
1980,-97.3543
1970,-97.7633
1960,-97.0953
1950,-97.4733
1940,-98.13629999999999
1930,-97.32629999999999
1920,-96.96029999999999
1910,-96.66029999999999
1900,-95.9293
1890,-95.0013
1880,-96.0713
1870,-96.1773
1860,-96.49329999999999
1850,-96.47529999999999
1840,-96.0313
1830,-96.27029999999999
1820,-95.76129999999999
1810,-94.6843
1800,-93.93929999999999
1790,-93.7183
1780,-93.6683
1770,-94.0963
1760,-94.58229999999999
1750,-95.0833
1740,-94.85929999999999
1730,-95.0663
1720,-95.3633
1710,-95.5513
1700,-95.7033
1690,-96.0513
1680,-95.9893
1670,-95.96029999999999
1660,-95.8523
1650,-96.2293
1640,-97.50529999999999
1630,-96.6053
1620,-96.8963
1610,-96.4773
1600,-95.6173
1590,-95.7123
1580,-96.6653
1570,-96.57329999999999
1560,-96.5923
1550,-97.4283
1540,-97.4713
1530,-97.02329999999999
1520,-97.4243
1510,-98.07629999999999
1500,-97.4303
1490,-97.3993
1480,-96.8053
1470,-95.9743
1460,-95.9213
1450,-95.5843
1440,-95.96929999999999
1430,-96.2873
1420,-96.5093
1410,-96.62129999999999
1400,-96.5063
1390,-95.82029999999999
1380,-96.0923
1370,-95.8643
1360,-95.08529999999999
1350,-95.13629999999999
1340,-95.4623
1330,-94.72529999999999
1320,-94.8033
1310,-95.1703
1300,-94.60029999999999
1290,-94.1133
1280,-94.27329999999999
1270,-94.7273
1260,-95.56729999999999
1250,-96.1503
1240,-95.6523
1230,-95.0963
1220,-95.34429999999999
1210,-95.5923
1200,-95.57929999999999
1190,-94.45729999999999
1180,-94.0243
1170,-94.2303
1160,-94.19829999999999
1150,-95.40729999999999
1140,-96.14229999999999
1130,-96.11829999999999
1120,-96.7653
1110,-96.5303
1100,-96.02629999999999
1099,-96.02629999999999
1098,-96.02629999999999
1097,-96.02629999999999
1096,-96.27629999999999
1095,-96.27629999999999
1094,-96.27629999999999
1093,-96.27629999999999
1092,-96.27629999999999
1091,-95.9503
1090,-95.9503
1089,-95.9503
1088,-95.9503
1087,-95.90129999999999
1086,-95.90129999999999
1085,-95.90129999999999
1084,-95.90129999999999
1083,-95.90129999999999
1082,-96.4763
1081,-96.4763
1080,-96.4763
1079,-96.4763
1078,-96.4763
1077,-96.29429999999999
1076,-96.29429999999999
1075,-96.29429999999999
1074,-96.29429999999999
1073,-96.29429999999999
1072,-96.2833
1071,-96.2833
1070,-96.2833
1069,-96.2833
1068,-96.2833
1067,-95.98129999999999
1066,-95.98129999999999
1065,-95.98129999999999
1064,-95.98129999999999
1063,-95.98129999999999
1062,-96.2513
1061,-96.2513
1060,-96.2513
1059,-96.2513
1058,-96.2513
1057,-96.2513
1056,-96.2513
1055,-96.2513
1054,-96.2513
1053,-96.2513
1052,-96.7663
1051,-96.7663
1050,-96.7663
1049,-96.7663
1048,-96.7663
1047,-96.8793
1046,-96.8793
1045,-96.8793
1044,-96.8793
1043,-97.0013
1042,-97.0013
1041,-97.0013
1040,-97.0013
1039,-97.0013
1038,-96.6053
1037,-96.6053
1036,-96.6053
1035,-96.6053
1034,-96.6053
1033,-96.04429999999999
1032,-96.04429999999999
1031,-96.04429999999999
1030,-96.04429999999999
1029,-96.04429999999999
1028,-96.1563
1027,-96.1563
1026,-96.1563
1025,-96.1563
1024,-96.1563
1023,-96.3693
1022,-96.3693
1021,-96.3693
1020,-96.3693
1019,-96.3693
1018,-96.4033
1017,-96.4033
1016,-96.4033
1015,-96.4033
1014,-96.4033
1013,-96.6323
1012,-96.6323
1011,-96.6323
1010,-96.6323
1009,-96.6323
1008,-96.7153
1007,-96.7153
1006,-96.7153
1005,-96.7153
1004,-96.51429999999999
1003,-96.51429999999999
1002,-96.51429999999999
1001,-96.51429999999999
1000,-96.51429999999999
