10000000,-130.86020000000002
9900000,-132.5162
9800000,-131.38320000000002
9700000,-131.50320000000002
9600000,-131.7362
9500000,-132.2242
9400000,-130.7122
9300000,-131.2802
9200000,-132.14020000000002
9100000,-131.66320000000002
9000000,-131.18720000000002
8900000,-131.2662
8800000,-130.9742
8700000,-132.3272
8600000,-133.6182
8500000,-132.58520000000001
8400000,-131.7552
8300000,-130.78920000000002
8200000,-131.18220000000002
8100000,-131.9822
8000000,-132.13320000000002
7900000,-131.09220000000002
7800000,-130.78820000000002
7700000,-130.3762
7600000,-130.93220000000002
7500000,-131.4212
7400000,-130.99720000000002
7300000,-130.2752
7200000,-130.8882
7100000,-130.5772
7000000,-130.5762
6900000,-132.12820000000002
6800000,-131.71720000000002
6700000,-131.8282
6600000,-131.4982
6500000,-130.6772
6400000,-131.40820000000002
6300000,-131.0732
6200000,-130.2022
6100000,-130.48420000000002
6000000,-131.2502
5900000,-130.66320000000002
5800000,-131.2492
5700000,-130.2482
5600000,-131.39620000000002
5500000,-130.72320000000002
5400000,-130.5832
5300000,-130.2722
5200000,-130.2312
5100000,-129.16320000000002
5000000,-131.0612
4900000,-130.2062
4800000,-129.8452
4700000,-130.7002
4600000,-129.9642
4500000,-130.2022
4400000,-129.3112
4300000,-129.3102
4200000,-129.1492
4100000,-129.0482
4000000,-128.9642
3900000,-130.0192
3800000,-130.1172
3700000,-128.8442
3600000,-128.92520000000002
3500000,-127.89620000000001
3400000,-128.84220000000002
3300000,-128.2932
3200000,-127.2822
3100000,-128.6082
3000000,-127.49219999999998
2900000,-126.85719999999999
2800000,-127.6572
2700000,-127.25019999999999
2600000,-127.22619999999999
2500000,-125.8402
2400000,-125.0362
2300000,-125.11219999999999
2200000,-123.79119999999999
2100000,-123.9782
2000000,-124.31419999999999
1900000,-122.0142
1800000,-123.93419999999999
1700000,-123.14620000000001
1600000,-122.5962
1500000,-121.45119999999999
1400000,-119.64119999999998
1300000,-119.91420000000001
1200000,-118.73719999999999
1190000,-118.36119999999998
1180000,-117.8882
1170000,-117.32119999999999
1160000,-117.52219999999998
1150000,-117.4652
1149000,-117.4652
1148000,-117.41619999999999
1147000,-117.41619999999999
1146000,-117.41619999999999
1145000,-117.4362
1144000,-117.4362
1143000,-117.4362
1142000,-117.4312
1141000,-117.4312
1140000,-117.3482
1139000,-117.3482
1138000,-117.3482
1137000,-117.33719999999998
1136000,-117.33719999999998
1135000,-117.33719999999998
1134000,-117.51719999999999
1133000,-117.51719999999999
1132000,-117.65419999999999
1131000,-117.65419999999999
1130000,-117.65419999999999
1129000,-117.4902
1128000,-117.4902
1127000,-117.4902
1126000,-117.4962
1125000,-117.4962
1124000,-117.4852
1123000,-117.4852
1122000,-117.4852
1121000,-117.27319999999999
1120000,-117.27319999999999
1119000,-117.27319999999999
1118000,-117.2172
1117000,-117.2172
1116000,-117.2172
1115000,-117.2152
1114000,-117.2152
1113000,-117.21319999999999
1112000,-117.21319999999999
1111000,-117.21319999999999
1110000,-117.1512
1109000,-117.1512
1108000,-117.1512
1107000,-117.16519999999998
1106000,-117.16519999999998
1105000,-117.43319999999999
1104000,-117.43319999999999
1103000,-117.43319999999999
1102000,-117.67020000000001
1101000,-117.67020000000001
1100000,-117.67020000000001
1099000,-117.4732
1098000,-117.4732
1097000,-117.5032
1096000,-117.5032
1095000,-117.5032
1094000,-117.4432
1093000,-117.4432
1092000,-117.4432
1091000,-117.27919999999999
1090000,-117.27919999999999
1089000,-117.20119999999999
1088000,-117.20119999999999
1087000,-117.20119999999999
1086000,-117.17119999999998
1085000,-117.17119999999998
1084000,-117.17119999999998
1083000,-117.0612
1082000,-117.0612
1081000,-117.10519999999998
1080000,-117.10519999999998
1079000,-117.10519999999998
1078000,-117.1682
1077000,-117.1682
1076000,-117.1682
1075000,-117.10019999999999
1074000,-117.10019999999999
1073000,-117.28519999999999
1072000,-117.28519999999999
1071000,-117.28519999999999
1070000,-117.11219999999999
1069000,-117.11219999999999
1068000,-117.11219999999999
1067000,-117.0722
1066000,-117.0722
1065000,-117.0722
1064000,-116.9672
1063000,-116.9672
1062000,-116.71819999999998
1061000,-116.71819999999998
1060000,-116.71819999999998
1059000,-116.54019999999998
1058000,-116.54019999999998
1057000,-116.54019999999998
1056000,-116.55120000000001
1055000,-116.55120000000001
1054000,-116.57719999999999
1053000,-116.57719999999999
1052000,-116.57719999999999
1051000,-116.59319999999998
1050000,-116.59319999999998
1049000,-116.59319999999998
1048000,-116.61819999999999
1047000,-116.61819999999999
1046000,-116.62419999999999
1045000,-116.62419999999999
1044000,-116.62419999999999
1043000,-116.5922
1042000,-116.5922
1041000,-116.5922
1040000,-116.5912
1039000,-116.5912
1038000,-116.8472
1037000,-116.8472
1036000,-116.8472
1035000,-117.01219999999999
1034000,-117.01219999999999
1033000,-117.01219999999999
1032000,-117.0312
1031000,-117.0312
1030000,-116.76520000000001
1029000,-116.76520000000001
1028000,-116.76520000000001
1027000,-116.60019999999999
1026000,-116.60019999999999
1025000,-116.60019999999999
1024000,-116.6852
1023000,-116.6852
1022000,-116.6852
1021000,-116.8172
1020000,-116.8172
1019000,-117.02819999999998
1018000,-117.02819999999998
1017000,-117.02819999999998
1016000,-116.8342
1015000,-116.8342
1014000,-116.8342
1013000,-116.83719999999998
1012000,-116.83719999999998
1011000,-116.78320000000001
1010000,-116.78320000000001
1009000,-116.78320000000001
1008000,-116.7532
1007000,-116.7532
1006000,-116.7532
1005000,-116.52720000000001
1004000,-116.52720000000001
1003000,-116.52120000000001
1002000,-116.52120000000001
1001000,-116.52120000000001
1000000,-116.73819999999999
999000,-116.02319999999999
989000,-116.9432
979000,-116.6262
969000,-117.3352
959000,-115.75019999999999
949000,-115.23119999999999
939000,-116.52319999999999
929000,-116.03320000000001
919000,-114.11719999999998
909000,-115.77819999999998
899000,-114.22019999999999
889000,-115.51019999999998
879000,-115.61719999999998
869000,-116.0722
859000,-113.4792
849000,-115.7452
839000,-114.22619999999999
829000,-112.94519999999999
819000,-111.2982
809000,-114.58919999999999
799000,-114.67119999999998
789000,-117.29520000000001
779000,-115.28519999999999
769000,-112.0842
759000,-113.4122
749000,-112.6562
739000,-111.8122
729000,-112.12519999999999
719000,-113.56920000000001
709000,-113.5972
699000,-113.67719999999998
689000,-112.59919999999998
679000,-112.85019999999999
669000,-112.93319999999999
659000,-113.4012
649000,-112.6272
639000,-113.85619999999999
629000,-114.20619999999998
619000,-113.10619999999999
609000,-113.50019999999999
599000,-112.2632
589000,-111.43319999999999
579000,-111.1082
569000,-110.0242
559000,-112.4902
549000,-108.7342
539000,-110.9732
529000,-110.99419999999999
519000,-111.39119999999998
509000,-108.6442
499000,-108.83919999999999
489000,-109.7512
479000,-109.32119999999999
469000,-110.2692
459000,-107.79119999999999
449000,-107.62419999999999
439000,-106.4592
429000,-107.02720000000001
419000,-105.1562
409000,-106.71919999999999
399000,-107.23619999999998
389000,-107.61219999999999
379000,-106.1632
369000,-105.5502
359000,-105.86919999999999
349000,-106.8702
339000,-106.3662
329000,-105.34519999999999
319000,-104.79619999999998
309000,-105.5342
299000,-103.5442
289000,-104.23519999999999
279000,-104.1052
269000,-102.05919999999999
259000,-101.6382
249000,-102.69019999999999
239000,-101.5502
229000,-100.69519999999999
219000,-98.7332
209000,-99.3302
199000,-99.7652
198000,-100.1942
197000,-100.5372
196000,-100.0682
195000,-100.72619999999999
194000,-100.4052
193000,-100.3702
192000,-99.6492
191000,-100.0562
190000,-100.2042
189000,-100.4742
188000,-99.38619999999999
187000,-99.77319999999999
186000,-99.0452
185000,-98.96319999999999
184000,-98.9902
183000,-99.1442
182000,-98.9082
181000,-98.9022
180000,-99.9382
179000,-99.2802
178000,-99.04119999999999
177000,-99.25319999999999
176000,-99.05919999999999
175000,-98.8052
174000,-98.8672
173000,-98.6912
172000,-98.9182
171000,-98.5792
170000,-97.6082
169000,-97.4472
168000,-96.80319999999999
167000,-96.6142
166000,-96.98119999999999
165000,-97.0152
164000,-96.0372
163000,-95.9832
162000,-95.98519999999999
161000,-95.98819999999999
160000,-95.74119999999999
159000,-96.5182
158000,-96.5682
157000,-96.1522
156000,-96.1882
155000,-96.1322
154000,-95.5512
153000,-95.8592
152000,-96.79719999999999
151000,-96.4372
150000,-96.5372
149900,-96.5372
149800,-96.5372
149700,-96.60719999999999
149600,-96.60719999999999
149500,-96.61319999999999
149400,-96.61319999999999
149300,-96.8242
149200,-96.8242
149100,-96.8242
149000,-97.17219999999999
148900,-97.17219999999999
148800,-97.5552
148700,-97.5552
148600,-97.5552
148500,-97.79119999999999
148400,-97.79119999999999
148300,-97.7422
148200,-97.7422
148100,-97.7422
148000,-97.2862
147900,-97.2862
147800,-97.0132
147700,-97.0132
147600,-96.99419999999999
147500,-96.99419999999999
147400,-96.99419999999999
147300,-97.0632
147200,-97.0632
147100,-97.1322
147000,-97.1322
146900,-97.1322
146800,-97.01219999999999
146700,-97.01219999999999
146600,-97.0132
146500,-97.0132
146400,-97.0132
146300,-97.2232
146200,-97.2232
146100,-97.51719999999999
146000,-97.51719999999999
145900,-97.51719999999999
145800,-97.2712
145700,-97.2712
145600,-96.9482
145500,-96.9482
145400,-96.48219999999999
145300,-96.48219999999999
145200,-96.48219999999999
145100,-96.32019999999999
145000,-96.32019999999999
144900,-96.3282
144800,-96.3282
144700,-96.3282
144600,-96.08319999999999
144500,-96.08319999999999
144400,-95.9492
144300,-95.9492
144200,-95.9492
144100,-95.9482
144000,-95.9482
143900,-96.13119999999999
143800,-96.13119999999999
143700,-96.13119999999999
143600,-96.0182
143500,-96.0182
143400,-95.9682
143300,-95.9682
143200,-95.9422
143100,-95.9422
143000,-95.9422
142900,-95.8592
142800,-95.8592
142700,-95.8492
142600,-95.8492
142500,-95.8492
142400,-95.8582
142300,-95.8582
142200,-95.70119999999999
142100,-95.70119999999999
142000,-95.70119999999999
141900,-95.56419999999999
141800,-95.56419999999999
141700,-95.5082
141600,-95.5082
141500,-95.5082
141400,-95.2172
141300,-95.2172
141200,-95.0482
141100,-95.0482
141000,-95.0502
140900,-95.0502
140800,-95.0502
140700,-95.18319999999999
140600,-95.18319999999999
140500,-95.4652
140400,-95.4652
140300,-95.4652
140200,-95.6652
140100,-95.6652
140000,-95.7662
139900,-95.7662
139800,-95.7662
139700,-95.80919999999999
139600,-95.80919999999999
139500,-95.9092
139400,-95.9092
139300,-95.9092
139200,-96.11619999999999
139100,-96.11619999999999
139000,-96.47519999999999
138900,-96.47519999999999
138800,-96.62519999999999
138700,-96.62519999999999
138600,-96.62519999999999
138500,-96.6322
138400,-96.6322
138300,-96.6452
138200,-96.6452
138100,-96.6452
138000,-96.36019999999999
137900,-96.36019999999999
137800,-96.33919999999999
137700,-96.33919999999999
137600,-96.33919999999999
137500,-96.4082
137400,-96.4082
137300,-96.6972
137200,-96.6972
137100,-96.88619999999999
137000,-96.88619999999999
136900,-96.88619999999999
136800,-96.6982
136700,-96.6982
136600,-96.67719999999998
136500,-96.67719999999998
136400,-96.67719999999998
136300,-96.71419999999999
136200,-96.71419999999999
136100,-96.9482
136000,-96.9482
135900,-96.9482
135800,-96.72019999999999
135700,-96.72019999999999
135600,-96.6442
135500,-96.6442
135400,-96.6442
135300,-96.72619999999999
135200,-96.72619999999999
135100,-96.9302
135000,-96.9302
134900,-96.9152
134800,-96.9152
134700,-96.9152
134600,-96.9562
134500,-96.9562
134400,-97.0402
134300,-97.0402
134200,-97.0402
134100,-96.60019999999999
134000,-96.60019999999999
133900,-96.09419999999999
133800,-96.09419999999999
133700,-96.09419999999999
133600,-95.7932
133500,-95.7932
133400,-95.2712
133300,-95.2712
133200,-95.2712
133100,-94.83819999999999
133000,-94.83819999999999
132900,-94.3042
132800,-94.3042
132700,-94.2222
132600,-94.2222
132500,-94.2222
132400,-94.2752
132300,-94.2752
132200,-94.4372
132100,-94.4372
132000,-94.4372
131900,-94.43319999999999
131800,-94.43319999999999
131700,-94.4532
131600,-94.4532
131500,-94.4532
131400,-94.4772
131300,-94.4772
131200,-94.5332
131100,-94.5332
131000,-94.5332
130900,-94.4712
130800,-94.4712
130700,-94.4312
130600,-94.4312
130500,-94.03519999999999
130400,-94.03519999999999
130300,-94.03519999999999
130200,-93.86819999999999
130100,-93.86819999999999
130000,-93.85019999999999
129900,-93.85019999999999
129800,-93.85019999999999
129700,-93.8762
129600,-93.8762
129500,-93.8112
129400,-93.8112
129300,-93.8112
129200,-93.67819999999999
129100,-93.67819999999999
129000,-93.6022
128900,-93.6022
128800,-93.6022
128700,-93.5432
128600,-93.5432
128500,-93.4542
128400,-93.4542
128300,-93.36319999999999
128200,-93.36319999999999
128100,-93.36319999999999
128000,-93.4432
127900,-93.4432
127800,-93.5922
127700,-93.5922
127600,-93.5922
127500,-93.3612
127400,-93.3612
127300,-93.3372
127200,-93.3372
127100,-93.3372
127000,-93.23219999999999
126900,-93.23219999999999
126800,-93.24119999999999
126700,-93.24119999999999
126600,-93.17719999999998
126500,-93.17719999999998
126400,-93.17719999999998
126300,-93.1732
126200,-93.1732
126100,-93.2892
126000,-93.2892
125900,-93.2892
125800,-93.50619999999999
125700,-93.50619999999999
125600,-93.82719999999999
125500,-93.82719999999999
125400,-93.82719999999999
125300,-93.88119999999999
125200,-93.88119999999999
125100,-93.2052
125000,-93.2052
124900,-93.2052
124800,-93.05919999999999
124700,-93.05919999999999
124600,-93.1452
124500,-93.1452
124400,-93.4152
124300,-93.4152
124200,-93.4152
124100,-93.38119999999999
124000,-93.38119999999999
123900,-93.4442
123800,-93.4442
123700,-93.4442
123600,-93.66619999999999
123500,-93.66619999999999
123400,-93.8482
123300,-93.8482
123200,-93.8482
123100,-93.8942
123000,-93.8942
122900,-93.3822
122800,-93.3822
122700,-93.3822
122600,-93.3462
122500,-93.3462
122400,-93.3942
122300,-93.3942
122200,-93.5912
122100,-93.5912
122000,-93.5912
121900,-93.50919999999999
121800,-93.50919999999999
121700,-93.2032
121600,-93.2032
121500,-93.2032
121400,-93.2062
121300,-93.2062
121200,-93.3542
121100,-93.3542
121000,-93.3542
120900,-93.38019999999999
120800,-93.38019999999999
120700,-93.3792
120600,-93.3792
120500,-93.3792
120400,-93.4132
120300,-93.4132
120200,-93.4442
120100,-93.4442
120000,-93.4002
119900,-93.4002
119800,-93.4002
119700,-93.42719999999998
119600,-93.42719999999998
119500,-93.5902
119400,-93.5902
119300,-93.5902
119200,-93.7762
119100,-93.7762
119000,-94.0932
118900,-94.0932
118800,-94.0932
118700,-94.0632
118600,-94.0632
118500,-94.13419999999999
118400,-94.13419999999999
118300,-94.25519999999999
118200,-94.25519999999999
118100,-94.25519999999999
118000,-94.3192
117900,-94.3192
117800,-94.50019999999999
117700,-94.50019999999999
117600,-94.50019999999999
117500,-94.6932
117400,-94.6932
117300,-94.7802
117200,-94.7802
117100,-94.7802
117000,-94.5982
116900,-94.5982
116800,-94.6032
116700,-94.6032
116600,-94.6032
116500,-94.59419999999999
116400,-94.59419999999999
116300,-94.5742
116200,-94.5742
116100,-94.6352
116000,-94.6352
115900,-94.6352
115800,-94.7602
115700,-94.7602
115600,-94.96919999999999
115500,-94.96919999999999
115400,-94.96919999999999
115300,-95.0802
115200,-95.0802
115100,-95.0332
115000,-95.0332
114900,-95.0332
114800,-95.0872
114700,-95.0872
114600,-95.1472
114500,-95.1472
114400,-95.1472
114300,-94.5852
114200,-94.5852
114100,-94.2572
114000,-94.2572
113900,-93.9842
113800,-93.9842
113700,-93.9842
113600,-93.9682
113500,-93.9682
113400,-93.46319999999999
113300,-93.46319999999999
113200,-93.46319999999999
113100,-93.3492
113000,-93.3492
112900,-93.4032
112800,-93.4032
112700,-93.4032
112600,-93.6822
112500,-93.6822
112400,-93.36619999999999
112300,-93.36619999999999
112200,-93.36619999999999
112100,-93.0612
112000,-93.0612
111900,-93.0392
111800,-93.0392
111700,-93.1532
111600,-93.1532
111500,-93.1532
111400,-93.4412
111300,-93.4412
111200,-93.4832
111100,-93.4832
111000,-93.4832
110900,-93.6702
110800,-93.6702
110700,-93.5452
110600,-93.5452
110500,-93.5452
110400,-93.4242
110300,-93.4242
110200,-93.4532
110100,-93.4532
110000,-93.4532
109900,-93.5932
109800,-93.5932
109700,-93.6852
109600,-93.6852
109500,-93.7982
109400,-93.7982
109300,-93.7982
109200,-93.8102
109100,-93.8102
109000,-93.5802
108900,-93.5802
108800,-93.5802
108700,-93.5782
108600,-93.5782
108500,-93.3132
108400,-93.3132
108300,-93.3132
108200,-93.2942
108100,-93.2942
108000,-93.4832
107900,-93.4832
107800,-93.6522
107700,-93.6522
107600,-93.6522
107500,-93.61019999999999
107400,-93.61019999999999
107300,-93.4532
107200,-93.4532
107100,-93.4532
107000,-93.0452
106900,-93.0452
106800,-92.9922
106700,-92.9922
106600,-92.9922
106500,-92.8702
106400,-92.8702
106300,-92.7572
106200,-92.7572
106100,-92.7572
106000,-92.4892
105900,-92.4892
105800,-92.3342
105700,-92.3342
105600,-92.3062
105500,-92.3062
105400,-92.3062
105300,-92.3192
105200,-92.3192
105100,-92.4842
105000,-92.4842
104900,-92.4842
104800,-92.7332
104700,-92.7332
104600,-92.6202
104500,-92.6202
104400,-92.6202
104300,-92.3232
104200,-92.3232
104100,-92.25319999999999
104000,-92.25319999999999
103900,-92.25319999999999
103800,-92.2642
103700,-92.2642
103600,-92.3412
103500,-92.3412
103400,-92.4362
103300,-92.4362
103200,-92.4362
103100,-92.3702
103000,-92.3702
102900,-92.20119999999999
102800,-92.20119999999999
102700,-92.20119999999999
102600,-92.2122
102500,-92.2122
102400,-92.0482
102300,-92.0482
102200,-92.0482
102100,-91.9152
102000,-91.9152
101900,-91.94519999999999
101800,-91.94519999999999
101700,-91.94519999999999
101600,-92.1332
101500,-92.1332
101400,-92.25019999999999
101300,-92.25019999999999
101200,-92.1522
101100,-92.1522
101000,-92.1522
100900,-92.1472
100800,-92.1472
100700,-92.3292
100600,-92.3292
100500,-92.3292
100400,-92.6642
100300,-92.6642
100200,-92.5572
100100,-92.5572
100000,-92.5572
99900,-92.5007
98899,-92.38669999999999
97898,-93.49069999999999
96897,-89.68469999999999
95896,-91.55869999999999
94895,-89.4897
93894,-93.0347
92893,-91.7837
91892,-91.3817
90891,-92.0817
89890,-90.5867
88889,-91.6147
87888,-89.5257
86887,-88.6377
85886,-89.4387
84885,-91.7697
83884,-89.6947
82883,-90.7537
81882,-93.0247
80881,-89.42169999999999
79880,-90.9627
78879,-92.2397
77878,-90.82069999999999
76877,-89.93169999999999
75876,-89.73469999999999
74875,-91.20769999999999
73874,-91.0067
72873,-89.42869999999999
71872,-91.4567
70871,-90.4957
69870,-91.43469999999999
68869,-90.76469999999999
67868,-90.9807
66867,-90.69269999999999
65866,-91.19669999999999
64865,-89.69869999999999
63864,-91.0787
62863,-89.19969999999999
61862,-92.4827
60861,-89.55269999999999
59860,-91.8517
58859,-90.3797
57858,-91.32069999999999
56857,-89.6527
55856,-90.8347
54855,-89.6327
53854,-89.83869999999999
52853,-90.0317
51852,-91.07169999999999
50851,-89.9527
49850,-91.7237
49749,-90.6627
49648,-91.0837
49547,-91.06569999999999
49446,-91.9297
49345,-92.18369999999999
49244,-90.2607
49143,-90.66069999999999
49042,-92.12469999999999
48941,-89.3887
48840,-90.5697
48739,-90.9267
48638,-89.33869999999999
48537,-90.3487
48436,-89.93169999999999
48335,-91.08269999999999
48234,-90.0097
48133,-91.30669999999999
48032,-90.0727
47931,-89.8397
47830,-91.20469999999999
47729,-89.26769999999999
47628,-89.82469999999999
47527,-90.49369999999999
47426,-89.1767
47325,-90.6477
47224,-90.44269999999999
47123,-91.48469999999999
47022,-91.0017
46921,-90.7717
46820,-91.9987
46719,-92.49969999999999
46618,-91.22269999999999
46517,-90.16069999999999
46416,-90.76469999999999
46315,-90.27069999999999
46214,-88.34069999999998
46113,-90.57169999999999
46012,-89.4687
45911,-90.7607
45810,-89.06169999999999
45709,-91.88669999999999
45608,-91.6167
45507,-91.81469999999999
45406,-88.8047
45305,-90.56569999999999
45204,-90.98769999999999
45103,-90.89569999999999
45002,-91.2787
44901,-91.6567
44800,-90.5277
44699,-90.5397
44598,-90.6197
44497,-91.9177
44396,-90.68969999999999
44295,-91.44969999999999
44194,-90.06569999999999
44093,-89.3797
43992,-87.8697
43891,-90.09169999999999
43790,-90.54969999999999
43689,-90.10369999999999
43588,-88.62469999999999
43487,-90.4417
43386,-90.7447
43285,-88.9387
43184,-89.3647
43083,-89.4507
42982,-90.05369999999999
42881,-90.52369999999999
42780,-91.17469999999999
42679,-90.8667
42578,-91.4927
42477,-90.8307
42376,-91.29669999999999
42275,-91.01169999999999
42174,-92.45469999999999
42073,-90.72269999999999
41972,-90.52369999999999
41871,-91.16869999999999
41770,-90.5937
41669,-90.32669999999999
41568,-91.9027
41467,-91.72869999999999
41366,-91.0187
41265,-88.93169999999999
41164,-88.7057
41063,-90.13969999999999
40962,-89.7567
40861,-88.9947
40760,-89.52669999999999
40659,-90.0277
40558,-91.5987
40457,-90.08869999999999
40356,-91.31469999999999
40255,-90.1617
40154,-89.41369999999999
40053,-90.5787
39952,-90.74969999999999
39851,-89.30869999999999
39750,-90.8677
39649,-89.7147
39548,-92.6087
39447,-91.1077
39346,-89.6467
39245,-90.83269999999999
39144,-91.7357
39043,-90.40469999999999
38942,-92.20469999999999
38841,-90.44869999999999
38740,-90.8887
38639,-91.8887
38538,-91.5817
38437,-90.3947
38336,-89.80369999999999
38235,-89.5047
38134,-89.7277
38033,-92.14869999999999
37932,-91.7427
37831,-90.5277
37730,-90.3647
37629,-89.7907
37528,-89.3827
37427,-91.0487
37326,-90.85369999999999
37225,-91.1507
37124,-90.5407
37023,-90.11569999999999
36922,-91.92169999999999
36821,-89.63069999999999
36720,-90.78269999999999
36619,-90.83869999999999
36518,-88.9747
36417,-88.86269999999999
36316,-89.57969999999999
36215,-89.74969999999999
36114,-89.23769999999999
36013,-91.30869999999999
35912,-92.06169999999999
35811,-90.6657
35710,-91.80969999999999
35609,-90.73469999999999
35508,-90.17869999999999
35407,-91.33869999999999
35306,-89.7607
35205,-89.53269999999999
35104,-90.5397
35003,-90.9117
34902,-90.6207
34801,-89.4657
34700,-90.63369999999999
34599,-90.79469999999999
34498,-88.1007
34397,-88.13869999999999
34296,-89.5197
34195,-89.9657
34094,-89.9597
33993,-90.58269999999999
33892,-88.8347
33791,-89.4037
33690,-89.81569999999999
33589,-89.7297
33488,-92.44869999999999
33387,-92.02369999999999
33286,-88.9857
33185,-89.9297
33084,-89.8077
32983,-89.9387
32882,-90.59469999999999
32781,-88.5017
32680,-88.88369999999999
32579,-90.3367
32478,-89.9807
32377,-90.8197
32276,-91.1887
32175,-90.4807
32074,-91.06269999999999
31973,-89.4177
31872,-91.4977
31771,-90.8647
31670,-88.7507
31569,-89.82469999999999
31468,-89.2217
31367,-90.18469999999999
31266,-90.67569999999999
31165,-90.07669999999999
31064,-89.0997
30963,-89.2607
30862,-88.37069999999999
30761,-87.9527
30660,-87.7357
30559,-88.34169999999999
30458,-91.0037
30357,-89.2577
30256,-89.2657
30155,-88.95169999999999
30054,-89.6377
29953,-89.2577
29942,-88.46669999999999
29931,-88.46669999999999
29920,-89.6387
29909,-89.6387
29898,-89.6387
29887,-89.6387
29876,-89.6387
29865,-89.4657
29854,-89.4657
29843,-89.2697
29832,-89.2697
29821,-88.77969999999999
29810,-88.77969999999999
29799,-88.07469999999999
29788,-88.07469999999999
29777,-88.07469999999999
29766,-89.2307
29755,-89.2307
29744,-87.94069999999999
29733,-87.94069999999999
29722,-88.2247
29711,-88.2247
29700,-88.4617
29689,-88.4617
29678,-88.27369999999999
29667,-88.27369999999999
29656,-88.27369999999999
29645,-88.07969999999999
29634,-88.07969999999999
29623,-89.1407
29612,-89.1407
29601,-88.0227
29590,-88.0227
29579,-88.7357
29568,-88.7357
29557,-88.7357
29546,-88.23469999999999
29535,-88.23469999999999
29524,-87.9707
29513,-87.9707
29502,-87.5727
29491,-87.5727
29480,-88.1827
29469,-88.1827
29458,-87.73369999999998
29447,-87.73369999999998
29436,-87.73369999999998
29425,-89.4857
29414,-89.4857
29403,-88.81569999999999
29392,-88.81569999999999
29381,-90.58869999999999
29370,-90.58869999999999
29359,-90.58869999999999
29348,-90.58869999999999
29337,-90.58869999999999
29326,-91.2207
29315,-91.2207
29304,-90.5607
29293,-90.5607
29282,-89.9237
29271,-89.9237
29260,-89.8997
29249,-89.8997
29238,-91.16869999999999
29227,-91.16869999999999
29216,-91.16869999999999
29205,-88.9357
29194,-88.9357
29183,-90.7517
29172,-90.7517
29161,-88.94569999999999
29150,-88.94569999999999
29139,-89.55669999999999
29128,-89.55669999999999
29117,-89.55669999999999
29106,-89.23169999999999
29095,-89.23169999999999
29084,-90.4067
29073,-90.4067
29062,-90.4067
29051,-90.4067
29040,-89.95169999999999
29029,-89.95169999999999
29018,-88.6287
29007,-88.6287
28996,-88.6287
28985,-89.9677
28974,-89.9677
28963,-89.23169999999999
28952,-89.23169999999999
28941,-89.69669999999999
28930,-89.69669999999999
28919,-89.11869999999999
28908,-89.11869999999999
28897,-89.11869999999999
28886,-89.6167
28875,-89.6167
28864,-89.3017
28853,-89.3017
28842,-90.4147
28831,-90.4147
28820,-90.1137
28809,-90.1137
28798,-90.6477
28787,-90.6477
28776,-90.6477
28765,-89.69269999999999
28754,-89.69269999999999
28743,-90.03569999999999
28732,-90.03569999999999
28721,-89.8877
28710,-89.8877
28699,-89.10069999999999
28688,-89.10069999999999
28677,-89.10069999999999
28666,-87.94869999999999
28655,-87.94869999999999
28644,-88.49369999999999
28633,-88.49369999999999
28622,-88.07969999999999
28611,-88.07969999999999
28600,-89.1317
28589,-89.1317
28578,-88.3907
28567,-88.3907
28556,-88.3907
28545,-88.8467
28534,-88.8467
28523,-89.22569999999999
28512,-89.22569999999999
28501,-89.1087
28490,-89.1087
28479,-89.50869999999999
28468,-89.50869999999999
28457,-89.50869999999999
28446,-90.8377
28435,-90.8377
28424,-90.1467
28413,-90.1467
28402,-89.8617
28391,-89.8617
28380,-89.8667
28369,-89.8667
28358,-90.2357
28347,-90.2357
28336,-90.2357
28325,-90.1297
28314,-90.1297
28303,-89.4857
28292,-89.4857
28281,-88.9157
28270,-88.9157
28259,-87.3197
28248,-87.3197
28237,-87.3197
28226,-86.6247
28215,-86.6247
28204,-87.2307
28193,-87.2307
28182,-87.4457
28171,-87.4457
28160,-87.56269999999999
28149,-87.56269999999999
28138,-87.7297
28127,-87.7297
28116,-87.7297
28105,-89.7487
28094,-89.7487
28083,-88.6177
28072,-88.6177
28061,-89.37169999999999
28050,-89.37169999999999
28039,-88.7417
28028,-88.7417
28017,-88.7417
28006,-89.2897
27995,-89.2897
27984,-89.2897
27973,-89.2897
27962,-89.4027
27951,-89.4027
27940,-87.8677
27929,-87.8677
27918,-88.5837
27907,-88.5837
27896,-88.5837
27885,-87.8497
27874,-87.8497
27863,-88.83569999999999
27852,-88.83569999999999
27841,-89.4767
27830,-89.4767
27819,-89.41369999999999
27808,-89.41369999999999
27797,-89.41369999999999
27786,-89.38969999999999
27775,-89.38969999999999
27764,-90.0697
27753,-90.0697
27742,-89.9867
27731,-89.9867
27720,-89.09169999999999
27709,-89.09169999999999
27698,-88.93769999999999
27687,-88.93769999999999
27676,-88.93769999999999
27665,-89.67869999999999
27654,-89.67869999999999
27643,-89.67869999999999
27632,-89.67869999999999
27621,-90.68369999999999
27610,-90.68369999999999
27599,-88.9627
27588,-88.9627
27577,-88.9627
27566,-89.5377
27555,-89.5377
27544,-88.8787
27533,-88.8787
27522,-88.52369999999999
27511,-88.52369999999999
27500,-88.1067
27489,-88.1067
27478,-88.0307
27467,-88.0307
27456,-88.0307
27445,-87.80069999999999
27434,-87.80069999999999
27423,-87.3087
27412,-87.3087
27401,-87.3757
27390,-87.3757
27379,-87.44269999999999
27368,-87.44269999999999
27357,-87.44269999999999
27346,-88.4177
27335,-88.4177
27324,-89.4767
27313,-89.4767
27302,-88.9887
27291,-88.9887
27280,-89.5697
27269,-89.5697
27258,-88.38969999999999
27247,-88.38969999999999
27236,-88.38969999999999
27225,-89.4837
27214,-89.4837
27203,-88.60069999999999
27192,-88.60069999999999
27181,-88.66369999999999
27170,-88.66369999999999
27159,-88.35269999999998
27148,-88.35269999999998
27137,-88.35269999999998
27126,-88.68469999999999
27115,-88.68469999999999
27104,-88.7207
27093,-88.7207
27082,-89.1497
27071,-89.1497
27060,-89.07169999999999
27049,-89.07169999999999
27038,-90.44969999999999
27027,-90.44969999999999
27016,-90.44969999999999
27005,-89.49969999999999
26994,-89.49969999999999
26983,-89.5577
26972,-89.5577
26961,-88.8917
26950,-88.8917
26939,-89.20169999999999
26928,-89.20169999999999
26917,-89.20169999999999
26906,-88.92169999999999
26895,-88.92169999999999
26884,-88.7187
26873,-88.7187
26862,-88.57069999999999
26851,-88.57069999999999
26840,-89.8587
26829,-89.8587
26818,-89.43769999999999
26807,-89.43769999999999
26796,-89.43769999999999
26785,-89.68069999999999
26774,-89.68069999999999
26763,-89.3857
26752,-89.3857
26741,-89.05669999999999
26730,-89.05669999999999
26719,-89.01469999999999
26708,-89.01469999999999
26697,-89.01469999999999
26686,-88.80369999999999
26675,-88.80369999999999
26664,-88.2387
26653,-88.2387
26642,-88.6597
26631,-88.6597
26620,-87.82869999999998
26609,-87.82869999999998
26598,-87.82869999999998
26587,-87.82869999999998
26576,-87.82869999999998
26565,-88.3787
26554,-88.3787
26543,-89.50569999999999
26532,-89.50569999999999
26521,-89.50569999999999
26510,-89.50569999999999
26499,-89.07469999999999
26488,-89.07469999999999
26477,-89.07469999999999
26466,-88.39869999999999
26455,-88.39869999999999
26444,-88.3637
26433,-88.3637
26422,-88.85969999999999
26411,-88.85969999999999
26400,-89.7907
26389,-89.7907
26378,-89.7907
26367,-89.7907
26356,-89.7907
26345,-90.0787
26334,-90.0787
26323,-87.9817
26312,-87.9817
26301,-88.4767
26290,-88.4767
26279,-87.9577
26268,-87.9577
26257,-87.9577
26246,-88.17269999999999
26235,-88.17269999999999
26224,-88.39269999999999
26213,-88.39269999999999
26202,-89.10069999999999
26191,-89.10069999999999
26180,-89.31769999999999
26169,-89.31769999999999
26158,-90.79669999999999
26147,-90.79669999999999
26136,-90.79669999999999
26125,-90.27369999999999
26114,-90.27369999999999
26103,-89.7607
26092,-89.7607
26081,-89.3517
26070,-89.3517
26059,-90.0637
26048,-90.0637
26037,-90.0637
26026,-89.6557
26015,-89.6557
26004,-90.7147
25993,-90.7147
25982,-90.1117
25971,-90.1117
25960,-89.5997
25949,-89.5997
25938,-89.42469999999999
25927,-89.42469999999999
25916,-89.42469999999999
25905,-89.5287
25894,-89.5287
25883,-89.94269999999999
25872,-89.94269999999999
25861,-91.18169999999999
25850,-91.18169999999999
25839,-89.3827
25828,-89.3827
25817,-89.3827
25806,-89.99369999999999
25795,-89.99369999999999
25784,-89.99369999999999
25773,-89.99369999999999
25762,-91.22269999999999
25751,-91.22269999999999
25740,-90.8587
25729,-90.8587
25718,-89.9897
25707,-89.9897
25696,-89.9897
25685,-89.68669999999999
25674,-89.68669999999999
25663,-89.44269999999999
25652,-89.44269999999999
25641,-89.47269999999999
25630,-89.47269999999999
25619,-89.9447
25608,-89.9447
25597,-89.9447
25586,-88.74369999999999
25575,-88.74369999999999
25564,-88.7547
25553,-88.7547
25542,-86.57969999999999
25531,-86.57969999999999
25520,-87.4357
25509,-87.4357
25498,-86.57169999999999
25487,-86.57169999999999
25476,-86.57169999999999
25465,-87.15069999999999
25454,-87.15069999999999
25443,-87.15069999999999
25432,-87.15069999999999
25421,-87.56269999999999
25410,-87.56269999999999
25399,-87.6737
25388,-87.6737
25377,-87.6737
25366,-88.69269999999999
25355,-88.69269999999999
25344,-88.1007
25333,-88.1007
25322,-88.9797
25311,-88.9797
25300,-88.0887
25289,-88.0887
25278,-88.24069999999999
25267,-88.24069999999999
25256,-88.24069999999999
25245,-89.00269999999999
25234,-89.00269999999999
25223,-90.54669999999999
25212,-90.54669999999999
25201,-89.17869999999999
25190,-89.17869999999999
25179,-89.9717
25168,-89.9717
25157,-89.9717
25146,-89.6947
25135,-89.6947
25124,-90.2037
25113,-90.2037
25102,-89.6147
25091,-89.6147
25080,-91.05269999999999
25069,-91.05269999999999
25058,-89.6027
25047,-89.6027
25036,-89.6027
25025,-90.2747
25014,-90.2747
25003,-88.7817
24992,-88.7817
24981,-89.4117
24970,-89.4117
24959,-89.21969999999999
24948,-89.21969999999999
24937,-89.21969999999999
24926,-90.62769999999999
24915,-90.62769999999999
24904,-89.1947
24893,-89.1947
24882,-88.73769999999999
24871,-88.73769999999999
24860,-88.73469999999999
24849,-88.73469999999999
24838,-90.2267
24827,-90.2267
24816,-90.2267
24805,-89.7907
24794,-89.7907
24783,-88.7147
24772,-88.7147
24761,-88.3337
24750,-88.3337
24739,-88.0167
24728,-88.0167
24717,-88.0167
24706,-88.17269999999999
24695,-88.17269999999999
24684,-87.1527
24673,-87.1527
24662,-86.85969999999999
24651,-86.85969999999999
24640,-87.3787
24629,-87.3787
24618,-87.0217
24607,-87.0217
24596,-87.0217
24585,-87.5037
24574,-87.5037
24563,-87.2867
24552,-87.2867
24541,-88.7477
24530,-88.7477
24519,-88.35969999999999
24508,-88.35969999999999
24497,-88.35969999999999
24486,-88.26969999999999
24475,-88.26969999999999
24464,-87.9277
24453,-87.9277
24442,-88.27369999999999
24431,-88.27369999999999
24420,-87.93069999999999
24409,-87.93069999999999
24398,-88.8647
24387,-88.8647
24376,-88.8647
24365,-88.1497
24354,-88.1497
24343,-89.0127
24332,-89.0127
24321,-87.68469999999999
24310,-87.68469999999999
24299,-88.23969999999998
24288,-88.23969999999998
24277,-88.23969999999998
24266,-88.0407
24255,-88.0407
24244,-88.18469999999999
24233,-88.18469999999999
24222,-88.2027
24211,-88.2027
24200,-89.1287
24189,-89.1287
24178,-87.91969999999999
24167,-87.91969999999999
24156,-87.91969999999999
24145,-88.34769999999999
24134,-88.34769999999999
24123,-86.9687
24112,-86.9687
24101,-87.54469999999999
24090,-87.54469999999999
24079,-86.43769999999999
24068,-86.43769999999999
24057,-86.43769999999999
24046,-87.49069999999999
24035,-87.49069999999999
24024,-86.51469999999999
24013,-86.51469999999999
24002,-87.7057
23991,-87.7057
23980,-85.9477
23969,-85.9477
23958,-86.9447
23947,-86.9447
23936,-86.9447
23925,-86.40769999999999
23914,-86.40769999999999
23903,-87.6177
23892,-87.6177
23881,-86.0307
23870,-86.0307
23859,-85.1257
23848,-85.1257
23837,-85.1257
23826,-84.91069999999999
23815,-84.91069999999999
23804,-85.52969999999999
23793,-85.52969999999999
23782,-84.57469999999999
23771,-84.57469999999999
23760,-85.1527
23749,-85.1527
23738,-84.8627
23727,-84.8627
23716,-84.8627
23705,-85.1297
23694,-85.1297
23683,-85.55669999999999
23672,-85.55669999999999
23661,-86.3387
23650,-86.3387
23639,-86.7487
23628,-86.7487
23617,-86.7487
23606,-87.23369999999998
23595,-87.23369999999998
23584,-86.99069999999999
23573,-86.99069999999999
23562,-86.63869999999999
23551,-86.63869999999999
23540,-86.1497
23529,-86.1497
23518,-87.45969999999998
23507,-87.45969999999998
23496,-87.45969999999998
23485,-87.45969999999998
23474,-87.45969999999998
23463,-87.9917
23452,-87.9917
23441,-88.0277
23430,-88.0277
23419,-87.79969999999999
23408,-87.79969999999999
23397,-87.79969999999999
23386,-87.8667
23375,-87.8667
23364,-87.3267
23353,-87.3267
23342,-86.9877
23331,-86.9877
23320,-87.1587
23309,-87.1587
23298,-88.0777
23287,-88.0777
23276,-88.0777
23265,-89.06269999999999
23254,-89.06269999999999
23243,-89.06269999999999
23232,-89.06269999999999
23221,-89.2957
23210,-89.2957
23199,-89.23169999999999
23188,-89.23169999999999
23177,-89.23169999999999
23166,-88.7217
23155,-88.7217
23144,-88.5307
23133,-88.5307
23122,-88.47269999999999
23111,-88.47269999999999
23100,-87.32869999999998
23089,-87.32869999999998
23078,-88.0777
23067,-88.0777
23056,-88.0777
23045,-87.03869999999999
23034,-87.03869999999999
23023,-87.93069999999999
23012,-87.93069999999999
23001,-87.2907
22990,-87.2907
22979,-87.8997
22968,-87.8997
22957,-87.8997
22946,-87.5647
22935,-87.5647
22924,-88.63069999999999
22913,-88.63069999999999
22902,-88.5517
22891,-88.5517
22880,-88.5257
22869,-88.5257
22858,-88.18469999999999
22847,-88.18469999999999
22836,-88.18469999999999
22825,-88.4527
22814,-88.4527
22803,-89.2907
22792,-89.2907
22781,-90.04769999999999
22770,-90.04769999999999
22759,-87.9877
22748,-87.9877
22737,-87.9877
22726,-89.5037
22715,-89.5037
22704,-87.9587
22693,-87.9587
22682,-88.2847
22671,-88.2847
22660,-85.56269999999999
22649,-85.56269999999999
22638,-86.15069999999999
22627,-86.15069999999999
22616,-86.15069999999999
22605,-85.4037
22594,-85.4037
22583,-86.1017
22572,-86.1017
22561,-85.3207
22550,-85.3207
22539,-86.1347
22528,-86.1347
22517,-86.1347
22506,-85.4687
22495,-85.4687
22484,-86.22169999999998
22473,-86.22169999999998
22462,-85.8167
22451,-85.8167
22440,-87.24069999999999
22429,-87.24069999999999
22418,-86.35269999999998
22407,-86.35269999999998
22396,-86.35269999999998
22385,-86.20969999999998
22374,-86.20969999999998
22363,-86.0757
22352,-86.0757
22341,-87.4097
22330,-87.4097
22319,-86.43169999999999
22308,-86.43169999999999
22297,-86.43169999999999
22286,-86.37669999999999
22275,-86.37669999999999
22264,-86.4037
22253,-86.4037
22242,-86.8457
22231,-86.8457
22220,-85.96669999999999
22209,-85.96669999999999
22198,-85.9417
22187,-85.9417
22176,-85.9417
22165,-85.8087
22154,-85.8087
22143,-86.4147
22132,-86.4147
22121,-85.9617
22110,-85.9617
22099,-86.1887
22088,-86.1887
22077,-86.1887
22066,-86.05969999999999
22055,-86.05969999999999
22044,-86.6347
22033,-86.6347
22022,-86.29169999999999
22011,-86.29169999999999
22000,-86.8087
21989,-86.8087
21978,-86.5187
21967,-86.5187
21956,-86.5187
21945,-87.7717
21934,-87.7717
21923,-86.55569999999999
21912,-86.55569999999999
21901,-87.1827
21890,-87.1827
21879,-86.7787
21868,-86.7787
21857,-86.7787
21846,-87.4637
21835,-87.4637
21824,-86.6117
21813,-86.6117
21802,-87.57869999999998
21791,-87.57869999999998
21780,-87.57869999999998
21769,-87.57869999999998
21758,-88.37169999999999
21747,-88.37169999999999
21736,-88.37169999999999
21725,-88.1187
21714,-88.1187
21703,-87.5067
21692,-87.5067
21681,-87.00769999999999
21670,-87.00769999999999
21659,-87.90769999999999
21648,-87.90769999999999
21637,-87.90769999999999
21626,-87.8387
21615,-87.8387
21604,-87.84069999999998
21593,-87.84069999999998
21582,-87.6047
21571,-87.6047
21560,-87.3617
21549,-87.3617
21538,-86.6857
21527,-86.6857
21516,-86.6857
21505,-87.4387
21494,-87.4387
21483,-86.2447
21472,-86.2447
21461,-87.2057
21450,-87.2057
21439,-86.3327
21428,-86.3327
21417,-86.3327
21406,-86.4387
21395,-86.4387
21384,-86.69869999999999
21373,-86.69869999999999
21362,-87.21569999999998
21351,-87.21569999999998
21340,-87.2367
21329,-87.2367
21318,-87.9857
21307,-87.9857
21296,-87.9857
21285,-87.55069999999999
21274,-87.55069999999999
21263,-87.56569999999999
21252,-87.56569999999999
21241,-87.6707
21230,-87.6707
21219,-87.2027
21208,-87.2027
21197,-87.2027
21186,-87.13269999999999
21175,-87.13269999999999
21164,-87.9327
21153,-87.9327
21142,-87.8727
21131,-87.8727
21120,-87.6007
21109,-87.6007
21098,-87.5807
21087,-87.5807
21076,-87.5807
21065,-88.2557
21054,-88.2557
21043,-86.89469999999999
21032,-86.89469999999999
21021,-86.5187
21010,-86.5187
20999,-86.54969999999999
20988,-86.54969999999999
20977,-86.54969999999999
20966,-86.31269999999999
20955,-86.31269999999999
20944,-86.53869999999999
20933,-86.53869999999999
20922,-87.5277
20911,-87.5277
20900,-86.51369999999999
20889,-86.51369999999999
20878,-87.24069999999999
20867,-87.24069999999999
20856,-87.24069999999999
20845,-85.1707
20834,-85.1707
20823,-86.29769999999999
20812,-86.29769999999999
20801,-85.2137
20790,-85.2137
20779,-86.2447
20768,-86.2447
20757,-86.2447
20746,-85.2507
20735,-85.2507
20724,-85.2377
20713,-85.2377
20702,-86.0067
20691,-86.0067
20680,-87.23369999999998
20669,-87.23369999999998
20658,-86.09769999999999
20647,-86.09769999999999
20636,-86.09769999999999
20625,-86.7067
20614,-86.7067
20603,-85.2257
20592,-85.2257
20581,-86.8267
20570,-86.8267
20559,-85.2557
20548,-85.2557
20537,-85.2557
20526,-85.41269999999999
20515,-85.41269999999999
20504,-85.1057
20493,-85.1057
20482,-86.1307
20471,-86.1307
20460,-85.5097
20449,-85.5097
20438,-85.99069999999999
20427,-85.99069999999999
20416,-85.99069999999999
20405,-86.81769999999999
20394,-86.81769999999999
20383,-88.1477
20372,-88.1477
20361,-86.8787
20350,-86.8787
20339,-88.26169999999999
20328,-88.26169999999999
20317,-88.26169999999999
20306,-87.1467
20295,-87.1467
20284,-86.99069999999999
20273,-86.99069999999999
20262,-86.1777
20251,-86.1777
20240,-86.6657
20229,-86.6657
20218,-86.4387
20207,-86.4387
20196,-86.4387
20185,-86.92269999999999
20174,-86.92269999999999
20163,-86.1077
20152,-86.1077
20141,-86.9147
20130,-86.9147
20119,-86.9147
20108,-86.9147
20097,-86.9147
20086,-86.99069999999999
20075,-86.99069999999999
20064,-86.9917
20053,-86.9917
20042,-87.57869999999998
20031,-87.57869999999998
20020,-87.2257
20009,-87.2257
19000,-85.95729999999999
18900,-83.9003
18800,-85.15129999999999
18700,-86.7093
18600,-86.84129999999999
18500,-86.16929999999999
18400,-85.7233
18300,-85.1413
18200,-86.3823
18100,-84.5313
18000,-83.9953
17900,-84.04029999999999
17800,-84.6713
17700,-87.0833
17600,-85.0223
17500,-84.9503
17400,-85.1833
17300,-84.5503
17200,-84.4023
17100,-83.58229999999999
17000,-85.6103
16900,-83.6583
16800,-84.4063
16700,-83.32629999999999
16600,-84.0723
16500,-84.8113
16400,-84.89229999999999
16300,-84.1383
16200,-83.7803
16100,-83.3073
16000,-82.76029999999999
15900,-84.5553
15800,-85.47229999999999
15700,-82.6793
15600,-82.65929999999999
15500,-84.2003
15400,-83.2873
15300,-85.0833
15200,-82.5143
15100,-83.3223
15000,-84.1493
14900,-82.5953
14800,-82.2353
14700,-84.0893
14600,-82.82629999999999
14500,-83.1383
14400,-83.9463
14300,-85.04729999999999
14200,-83.0593
14100,-82.5393
14000,-81.78229999999999
13900,-83.1563
13800,-83.53529999999999
13700,-83.5033
13600,-82.07029999999999
13500,-82.0423
13400,-82.6993
13300,-81.1963
13200,-83.1143
13100,-82.1393
13000,-81.3653
12900,-82.1103
12800,-81.78429999999999
12700,-81.7953
12600,-82.4763
12500,-81.0913
12400,-81.24329999999999
12300,-82.05829999999999
12200,-81.9953
12100,-80.9023
12000,-80.3123
11900,-81.7233
11800,-80.5813
11700,-80.54729999999999
11600,-79.7713
11500,-79.91329999999999
11400,-80.6513
11300,-80.5513
11200,-81.5093
11100,-80.2953
11000,-80.12429999999999
10900,-81.4973
10800,-79.4943
10700,-79.9233
10600,-80.18929999999999
10500,-80.8933
10400,-79.9683
10300,-79.3813
10200,-79.9593
10100,-78.35029999999999
10000,-79.0673
9900,-79.9423
9800,-79.9353
9700,-79.3333
9600,-79.84929999999999
9500,-80.80229999999999
9400,-78.15429999999999
9300,-79.7233
9200,-80.0853
9100,-79.0133
9000,-78.64729999999999
8900,-78.74829999999999
8800,-78.1403
8700,-78.2413
8600,-78.3473
8500,-78.74929999999999
8400,-77.42729999999999
8300,-79.7123
8200,-78.4883
8100,-78.4823
8000,-79.4263
7900,-78.4913
7800,-78.4423
7700,-79.0553
7600,-77.52229999999999
7500,-79.8933
7400,-78.3033
7300,-78.2103
7200,-77.7653
7100,-78.4353
7000,-77.5973
6900,-78.73029999999999
6800,-79.51729999999999
6700,-77.6033
6600,-76.2223
6500,-78.04129999999999
6400,-78.6263
6300,-77.8543
6200,-77.8243
6100,-78.4853
6000,-75.82029999999999
5900,-78.8423
5800,-77.3353
5700,-78.4263
5600,-77.74229999999999
5500,-76.8433
5400,-78.0183
5300,-76.8333
5200,-77.9823
5100,-77.48129999999999
5000,-76.10029999999999
4900,-77.93329999999999
4800,-76.3813
4700,-78.1433
4600,-76.8103
4500,-77.4403
4400,-78.1313
4300,-77.6013
4200,-75.2043
4100,-75.4853
4000,-75.8713
3900,-75.9113
3800,-74.1553
3700,-74.80829999999999
3600,-75.0853
3500,-75.00429999999999
3400,-75.6803
3300,-75.1853
3200,-75.05229999999999
3100,-74.66629999999999
3000,-74.95129999999999
2900,-75.9583
2800,-76.2873
2700,-76.1213
2600,-74.7273
2500,-74.7803
2400,-73.6313
2300,-74.1263
2200,-75.3053
2100,-74.7113
2000,-74.74829999999999
1990,-74.8993
1980,-74.94529999999999
1970,-74.75529999999999
1960,-74.5873
1950,-74.3353
1940,-74.3643
1930,-74.4433
1920,-74.8663
1910,-75.29629999999999
1900,-75.2083
1890,-76.24929999999999
1880,-76.5793
1870,-75.89729999999999
1860,-74.8343
1850,-74.5533
1840,-73.8213
1830,-74.4783
1820,-74.66629999999999
1810,-74.1193
1800,-73.91029999999999
1790,-74.25529999999999
1780,-74.6623
1770,-75.37329999999999
1760,-75.34429999999999
1750,-75.6673
1740,-75.57629999999999
1730,-76.1983
1720,-76.3593
1710,-76.3713
1700,-76.1153
1690,-76.1493
1680,-76.1513
1670,-75.5893
1660,-75.23729999999999
1650,-74.6523
1640,-75.4143
1630,-74.1383
1620,-74.3953
1610,-74.5373
1600,-74.41029999999999
1590,-75.3223
1580,-75.3243
1570,-75.2163
1560,-74.7083
1550,-73.9833
1540,-74.69529999999999
1530,-75.9173
1520,-77.0733
1510,-77.13629999999999
1500,-76.13029999999999
1490,-75.6793
1480,-75.9913
1470,-76.24829999999999
1460,-76.49229999999999
1450,-75.7873
1440,-75.4953
1430,-75.6493
1420,-76.01129999999999
1410,-75.99329999999999
1400,-76.2763
1390,-76.66029999999999
1380,-76.3483
1370,-75.8643
1360,-76.3043
1350,-76.90929999999999
1340,-76.8643
1330,-77.6153
1320,-77.4663
1310,-77.2473
1300,-77.1803
1290,-76.3093
1280,-76.3373
1270,-76.2283
1260,-75.98629999999999
1250,-76.3693
1240,-75.85529999999999
1230,-75.77929999999999
1220,-75.5423
1210,-74.7263
1200,-74.7383
1190,-74.98629999999999
1180,-74.9313
1170,-74.8173
1160,-75.8963
1150,-75.8333
1140,-75.5803
1130,-75.8433
1120,-75.3163
1110,-75.3403
1100,-74.15729999999999
1099,-74.15729999999999
1098,-74.15729999999999
1097,-74.15729999999999
1096,-74.0843
1095,-74.0843
1094,-74.0843
1093,-74.0843
1092,-74.0843
1091,-74.32629999999999
1090,-74.32629999999999
1089,-74.32629999999999
1088,-74.32629999999999
1087,-74.32629999999999
1086,-74.60029999999999
1085,-74.60029999999999
1084,-74.60029999999999
1083,-74.60029999999999
1082,-74.8943
1081,-74.8943
1080,-74.8943
1079,-74.8943
1078,-74.8943
1077,-74.72429999999999
1076,-74.72429999999999
1075,-74.72429999999999
1074,-74.72429999999999
1073,-74.72429999999999
1072,-75.1213
1071,-75.1213
1070,-75.1213
1069,-75.1213
1068,-75.1213
1067,-74.9673
1066,-74.9673
1065,-74.9673
1064,-74.9673
1063,-74.9673
1062,-75.35029999999999
1061,-75.35029999999999
1060,-75.35029999999999
1059,-75.35029999999999
1058,-75.35029999999999
1057,-75.65429999999999
1056,-75.65429999999999
1055,-75.65429999999999
1054,-75.65429999999999
1053,-75.65429999999999
1052,-75.4053
1051,-75.4053
1050,-75.4053
1049,-75.4053
1048,-75.4053
1047,-75.0533
1046,-75.0533
1045,-75.0533
1044,-75.0533
1043,-75.0533
1042,-75.22529999999999
1041,-75.22529999999999
1040,-75.22529999999999
1039,-75.22529999999999
1038,-75.17229999999999
1037,-75.17229999999999
1036,-75.17229999999999
1035,-75.17229999999999
1034,-75.17229999999999
1033,-75.4793
1032,-75.4793
1031,-75.4793
1030,-75.4793
1029,-75.4793
1028,-75.5483
1027,-75.5483
1026,-75.5483
1025,-75.5483
1024,-75.5483
1023,-76.1783
1022,-76.1783
1021,-76.1783
1020,-76.1783
1019,-76.1783
1018,-76.1783
1017,-76.1783
1016,-76.1783
1015,-76.1783
1014,-76.1783
1013,-76.3603
1012,-76.3603
1011,-76.3603
1010,-76.3603
1009,-76.3603
1008,-76.5243
1007,-76.5243
1006,-76.5243
1005,-76.5243
1004,-76.5243
1003,-76.8953
1002,-76.8953
1001,-76.8953
1000,-76.8953
