10000000,-131.3382
9900000,-130.5872
9800000,-131.2682
9700000,-132.35320000000002
9600000,-131.8022
9500000,-132.8372
9400000,-130.8462
9300000,-132.0932
9200000,-131.70520000000002
9100000,-131.42520000000002
9000000,-131.6602
8900000,-130.9832
8800000,-131.7362
8700000,-131.3172
8600000,-131.6492
8500000,-131.7322
8400000,-131.3152
8300000,-131.8972
8200000,-130.0052
8100000,-131.99720000000002
8000000,-131.85420000000002
7900000,-131.68820000000002
7800000,-131.0122
7700000,-130.5482
7600000,-130.0542
7500000,-131.51420000000002
7400000,-130.8502
7300000,-131.37220000000002
7200000,-131.8452
7100000,-131.1022
7000000,-132.1732
6900000,-131.03820000000002
6800000,-131.81920000000002
6700000,-130.7802
6600000,-131.4832
6500000,-131.16420000000002
6400000,-129.72320000000002
6300000,-131.00920000000002
6200000,-130.3762
6100000,-130.54420000000002
6000000,-130.99620000000002
5900000,-130.4802
5800000,-131.3972
5700000,-130.7562
5600000,-130.2372
5500000,-130.3612
5400000,-130.34120000000001
5300000,-130.8312
5200000,-130.1722
5100000,-131.2722
5000000,-130.0492
4900000,-129.6892
4800000,-130.74120000000002
4700000,-130.10320000000002
4600000,-129.02720000000002
4500000,-129.51520000000002
4400000,-129.23520000000002
4300000,-129.32920000000001
4200000,-128.75920000000002
4100000,-127.69619999999999
4000000,-127.3652
3900000,-124.24819999999998
3800000,-122.10119999999999
3700000,-123.35119999999999
3600000,-123.67819999999999
3500000,-126.61319999999999
3400000,-129.22320000000002
3300000,-129.13920000000002
3200000,-129.9282
3100000,-127.76019999999998
3000000,-127.8282
2900000,-127.10019999999999
2800000,-127.90319999999998
2700000,-127.44619999999999
2600000,-127.31920000000001
2500000,-128.16320000000002
2400000,-125.32119999999999
2300000,-124.99819999999998
2200000,-124.63119999999999
2100000,-125.27720000000001
2000000,-124.61719999999998
1900000,-124.35019999999999
1800000,-123.42119999999998
1700000,-123.4052
1600000,-123.72619999999999
1500000,-122.8602
1400000,-122.28320000000001
1300000,-120.36919999999999
1200000,-120.0482
1190000,-119.75519999999999
1180000,-119.7392
1170000,-119.0192
1160000,-118.5662
1150000,-119.02120000000001
1149000,-119.02120000000001
1148000,-118.38619999999999
1147000,-118.38619999999999
1146000,-118.38619999999999
1145000,-118.3702
1144000,-118.3702
1143000,-118.3702
1142000,-118.5082
1141000,-118.5082
1140000,-118.5862
1139000,-118.5862
1138000,-118.5862
1137000,-118.7742
1136000,-118.7742
1135000,-118.7742
1134000,-118.81419999999999
1133000,-118.81419999999999
1132000,-118.75619999999999
1131000,-118.75619999999999
1130000,-118.75619999999999
1129000,-118.75519999999999
1128000,-118.75519999999999
1127000,-118.75519999999999
1126000,-118.7512
1125000,-118.7512
1124000,-118.7752
1123000,-118.7752
1122000,-118.7752
1121000,-119.0242
1120000,-119.0242
1119000,-119.0242
1118000,-119.1032
1117000,-119.1032
1116000,-119.1032
1115000,-119.07019999999999
1114000,-119.07019999999999
1113000,-119.18319999999999
1112000,-119.18319999999999
1111000,-119.18319999999999
1110000,-119.0922
1109000,-119.0922
1108000,-119.0922
1107000,-118.84319999999998
1106000,-118.84319999999998
1105000,-118.6502
1104000,-118.6502
1103000,-118.6502
1102000,-118.6162
1101000,-118.6162
1100000,-118.6162
1099000,-118.63719999999999
1098000,-118.63719999999999
1097000,-118.87319999999998
1096000,-118.87319999999998
1095000,-118.87319999999998
1094000,-118.9552
1093000,-118.9552
1092000,-118.9552
1091000,-118.9952
1090000,-118.9952
1089000,-119.1512
1088000,-119.1512
1087000,-119.1512
1086000,-119.0972
1085000,-119.0972
1084000,-119.0972
1083000,-118.88719999999999
1082000,-118.88719999999999
1081000,-118.69019999999999
1080000,-118.69019999999999
1079000,-118.69019999999999
1078000,-118.69519999999999
1077000,-118.69519999999999
1076000,-118.69519999999999
1075000,-118.30120000000001
1074000,-118.30120000000001
1073000,-118.2152
1072000,-118.2152
1071000,-118.2152
1070000,-118.12519999999999
1069000,-118.12519999999999
1068000,-118.12519999999999
1067000,-118.1752
1066000,-118.1752
1065000,-118.1752
1064000,-118.20219999999999
1063000,-118.20219999999999
1062000,-117.9122
1061000,-117.9122
1060000,-117.9122
1059000,-117.79619999999998
1058000,-117.79619999999998
1057000,-117.79619999999998
1056000,-117.75019999999999
1055000,-117.75019999999999
1054000,-117.4132
1053000,-117.4132
1052000,-117.4132
1051000,-117.35119999999999
1050000,-117.35119999999999
1049000,-117.35119999999999
1048000,-117.35019999999999
1047000,-117.35019999999999
1046000,-117.42719999999998
1045000,-117.42719999999998
1044000,-117.42719999999998
1043000,-117.45819999999999
1042000,-117.45819999999999
1041000,-117.45819999999999
1040000,-117.55219999999998
1039000,-117.55219999999998
1038000,-117.7162
1037000,-117.7162
1036000,-117.7162
1035000,-117.6612
1034000,-117.6612
1033000,-117.6612
1032000,-117.59319999999998
1031000,-117.59319999999998
1030000,-117.4472
1029000,-117.4472
1028000,-117.4472
1027000,-117.37519999999999
1026000,-117.37519999999999
1025000,-117.37519999999999
1024000,-117.31419999999999
1023000,-117.31419999999999
1022000,-117.31419999999999
1021000,-117.4122
1020000,-117.4122
1019000,-117.6632
1018000,-117.6632
1017000,-117.6632
1016000,-117.7922
1015000,-117.7922
1014000,-117.7922
1013000,-117.6022
1012000,-117.6022
1011000,-117.60519999999998
1010000,-117.60519999999998
1009000,-117.60519999999998
1008000,-117.7522
1007000,-117.7522
1006000,-117.7522
1005000,-117.81419999999999
1004000,-117.81419999999999
1003000,-117.5442
1002000,-117.5442
1001000,-117.5442
1000000,-117.20119999999999
999000,-118.17219999999999
989000,-117.60119999999999
979000,-117.3462
969000,-117.11219999999999
959000,-118.6502
949000,-120.1912
939000,-117.33819999999999
929000,-116.50619999999999
919000,-116.9852
909000,-116.9972
899000,-117.39819999999999
889000,-117.7332
879000,-117.21419999999999
869000,-116.83719999999998
859000,-116.03419999999998
849000,-118.4362
839000,-118.3412
829000,-117.64719999999998
819000,-116.95119999999999
809000,-116.24319999999999
799000,-117.08719999999998
789000,-116.79520000000001
779000,-116.00619999999999
769000,-115.7632
759000,-115.35619999999999
749000,-114.44519999999999
739000,-116.47519999999999
729000,-116.51719999999999
719000,-116.64719999999998
709000,-114.9472
699000,-114.23119999999999
689000,-114.48019999999998
679000,-113.7692
669000,-113.8352
659000,-115.8242
649000,-115.7272
639000,-114.6102
629000,-117.0192
619000,-113.91420000000001
609000,-113.89719999999998
599000,-112.4352
589000,-114.31320000000001
579000,-112.9072
569000,-112.9652
559000,-112.8462
549000,-113.2332
539000,-111.3062
529000,-111.63119999999999
519000,-112.7412
509000,-111.80120000000001
499000,-110.80819999999999
489000,-111.4952
479000,-111.3472
469000,-109.26520000000001
459000,-108.2682
449000,-111.35119999999999
439000,-109.6752
429000,-109.70119999999999
419000,-109.2332
409000,-109.90419999999999
399000,-107.9852
389000,-109.41519999999998
379000,-109.5012
369000,-109.4892
359000,-107.92219999999999
349000,-109.19519999999999
339000,-107.73719999999999
329000,-108.38119999999999
319000,-107.0502
309000,-104.86219999999999
299000,-106.2872
289000,-105.60719999999999
279000,-105.05819999999999
269000,-103.9622
259000,-104.1682
249000,-103.25319999999999
239000,-104.17119999999998
229000,-101.7602
219000,-102.38119999999999
209000,-102.91619999999999
199000,-99.9122
198000,-100.1752
197000,-99.73719999999999
196000,-100.8102
195000,-101.72019999999999
194000,-101.70819999999999
193000,-101.6812
192000,-101.2232
191000,-100.3932
190000,-100.2232
189000,-100.85619999999999
188000,-101.1562
187000,-100.6682
186000,-100.9052
185000,-100.51719999999999
184000,-100.4442
183000,-99.8362
182000,-100.1982
181000,-100.12519999999999
180000,-99.92219999999999
179000,-99.94519999999999
178000,-99.4952
177000,-100.0192
176000,-99.10119999999999
175000,-99.8282
174000,-100.1592
173000,-100.6862
172000,-100.5022
171000,-100.6472
170000,-99.6762
169000,-99.16019999999999
168000,-98.7812
167000,-97.9832
166000,-98.5342
165000,-99.4312
164000,-99.0992
163000,-98.1992
162000,-97.9412
161000,-97.8832
160000,-97.2832
159000,-97.2422
158000,-97.90419999999999
157000,-97.6942
156000,-97.1232
155000,-96.8552
154000,-96.45219999999999
153000,-96.91019999999999
152000,-97.1042
151000,-96.3172
150000,-96.4232
149900,-96.4232
149800,-96.4232
149700,-96.11219999999999
149600,-96.11219999999999
149500,-96.0812
149400,-96.0812
149300,-96.0612
149200,-96.0612
149100,-96.0612
149000,-96.0692
148900,-96.0692
148800,-96.24119999999999
148700,-96.24119999999999
148600,-96.24119999999999
148500,-96.47019999999999
148400,-96.47019999999999
148300,-96.68919999999999
148200,-96.68919999999999
148100,-96.68919999999999
148000,-96.73719999999999
147900,-96.73719999999999
147800,-96.85119999999999
147700,-96.85119999999999
147600,-96.9492
147500,-96.9492
147400,-96.9492
147300,-97.26719999999999
147200,-97.26719999999999
147100,-97.62419999999999
147000,-97.62419999999999
146900,-97.62419999999999
146800,-97.6462
146700,-97.6462
146600,-97.6522
146500,-97.6522
146400,-97.6522
146300,-97.7702
146200,-97.7702
146100,-97.61319999999999
146000,-97.61319999999999
145900,-97.61319999999999
145800,-97.6032
145700,-97.6032
145600,-97.7692
145500,-97.7692
145400,-97.7172
145300,-97.7172
145200,-97.7172
145100,-97.7112
145000,-97.7112
144900,-97.8772
144800,-97.8772
144700,-97.8772
144600,-98.1562
144500,-98.1562
144400,-98.0932
144300,-98.0932
144200,-98.0932
144100,-98.0012
144000,-98.0012
143900,-97.98819999999999
143800,-97.98819999999999
143700,-97.98819999999999
143600,-97.99319999999999
143500,-97.99319999999999
143400,-97.9112
143300,-97.9112
143200,-97.79119999999999
143100,-97.79119999999999
143000,-97.79119999999999
142900,-97.7872
142800,-97.7872
142700,-97.8952
142600,-97.8952
142500,-97.8952
142400,-98.0442
142300,-98.0442
142200,-98.1882
142100,-98.1882
142000,-98.1882
141900,-98.2682
141800,-98.2682
141700,-98.1802
141600,-98.1802
141500,-98.1802
141400,-98.12819999999999
141300,-98.12819999999999
141200,-98.2052
141100,-98.2052
141000,-98.4032
140900,-98.4032
140800,-98.4032
140700,-97.9722
140600,-97.9722
140500,-97.8362
140400,-97.8362
140300,-97.8362
140200,-97.85119999999999
140100,-97.85119999999999
140000,-97.6402
139900,-97.6402
139800,-97.6402
139700,-97.54619999999998
139600,-97.54619999999998
139500,-97.5492
139400,-97.5492
139300,-97.5492
139200,-97.5612
139100,-97.5612
139000,-97.5142
138900,-97.5142
138800,-97.2282
138700,-97.2282
138600,-97.2282
138500,-97.0342
138400,-97.0342
138300,-96.69619999999999
138200,-96.69619999999999
138100,-96.69619999999999
138000,-96.69619999999999
137900,-96.69619999999999
137800,-96.80319999999999
137700,-96.80319999999999
137600,-96.80319999999999
137500,-96.8952
137400,-96.8952
137300,-97.0342
137200,-97.0342
137100,-96.9092
137000,-96.9092
136900,-96.9092
136800,-96.2942
136700,-96.2942
136600,-95.99719999999999
136500,-95.99719999999999
136400,-95.99719999999999
136300,-95.98719999999999
136200,-95.98719999999999
136100,-96.0732
136000,-96.0732
135900,-96.0732
135800,-96.2872
135700,-96.2872
135600,-96.4962
135500,-96.4962
135400,-96.4962
135300,-96.3482
135200,-96.3482
135100,-96.2742
135000,-96.2742
134900,-96.3062
134800,-96.3062
134700,-96.3062
134600,-96.4682
134500,-96.4682
134400,-96.7162
134300,-96.7162
134200,-96.7162
134100,-96.7812
134000,-96.7812
133900,-96.8282
133800,-96.8282
133700,-96.8282
133600,-96.7982
133500,-96.7982
133400,-96.5932
133300,-96.5932
133200,-96.5932
133100,-96.4482
133000,-96.4482
132900,-96.4472
132800,-96.4472
132700,-96.36819999999999
132600,-96.36819999999999
132500,-96.36819999999999
132400,-96.36819999999999
132300,-96.36819999999999
132200,-96.5862
132100,-96.5862
132000,-96.5862
131900,-96.9612
131800,-96.9612
131700,-97.2872
131600,-97.2872
131500,-97.2872
131400,-97.08319999999999
131300,-97.08319999999999
131200,-97.0802
131100,-97.0802
131000,-97.0802
130900,-97.05219999999998
130800,-97.05219999999998
130700,-97.0072
130600,-97.0072
130500,-96.54619999999998
130400,-96.54619999999998
130300,-96.54619999999998
130200,-96.44519999999999
130100,-96.44519999999999
130000,-96.4832
129900,-96.4832
129800,-96.4832
129700,-96.56419999999999
129600,-96.56419999999999
129500,-96.4382
129400,-96.4382
129300,-96.4382
129200,-96.44019999999999
129100,-96.44019999999999
129000,-96.6632
128900,-96.6632
128800,-96.9802
128700,-96.9802
128600,-96.9802
128500,-96.9442
128400,-96.9442
128300,-96.88019999999999
128200,-96.88019999999999
128100,-96.88019999999999
128000,-96.7942
127900,-96.7942
127800,-96.8292
127700,-96.8292
127600,-96.8292
127500,-96.9362
127400,-96.9362
127300,-96.8712
127200,-96.8712
127100,-96.8712
127000,-96.53519999999999
126900,-96.53519999999999
126800,-96.4442
126700,-96.4442
126600,-96.4742
126500,-96.4742
126400,-96.4742
126300,-96.70719999999999
126200,-96.70719999999999
126100,-96.2462
126000,-96.2462
125900,-96.2462
125800,-96.24419999999999
125700,-96.24419999999999
125600,-96.3412
125500,-96.3412
125400,-96.3412
125300,-96.5922
125200,-96.5922
125100,-96.8172
125000,-96.8172
124900,-96.8172
124800,-96.6432
124700,-96.6432
124600,-96.63619999999999
124500,-96.63619999999999
124400,-96.7222
124300,-96.7222
124200,-96.7222
124100,-96.9652
124000,-96.9652
123900,-96.87819999999999
123800,-96.87819999999999
123700,-96.87819999999999
123600,-96.6872
123500,-96.6872
123400,-96.6502
123300,-96.6502
123200,-96.6502
123100,-96.56419999999999
123000,-96.56419999999999
122900,-95.89819999999999
122800,-95.89819999999999
122700,-95.89819999999999
122600,-95.8072
122500,-95.8072
122400,-95.86819999999999
122300,-95.86819999999999
122200,-95.7422
122100,-95.7422
122000,-95.7422
121900,-95.1612
121800,-95.1612
121700,-95.0142
121600,-95.0142
121500,-95.0142
121400,-95.0282
121300,-95.0282
121200,-95.2212
121100,-95.2212
121000,-95.2212
120900,-95.2902
120800,-95.2902
120700,-95.2932
120600,-95.2932
120500,-95.2932
120400,-95.4742
120300,-95.4742
120200,-95.7422
120100,-95.7422
120000,-96.10719999999999
119900,-96.10719999999999
119800,-96.10719999999999
119700,-96.38419999999999
119600,-96.38419999999999
119500,-96.1042
119400,-96.1042
119300,-96.1042
119200,-95.80319999999999
119100,-95.80319999999999
119000,-95.75019999999999
118900,-95.75019999999999
118800,-95.75019999999999
118700,-95.7832
118600,-95.7832
118500,-95.67819999999999
118400,-95.67819999999999
118300,-95.6802
118200,-95.6802
118100,-95.6802
118000,-95.81419999999999
117900,-95.81419999999999
117800,-95.9012
117700,-95.9012
117600,-95.9012
117500,-95.3952
117400,-95.3952
117300,-95.2702
117200,-95.2702
117100,-95.2702
117000,-95.2712
116900,-95.2712
116800,-94.99119999999999
116700,-94.99119999999999
116600,-94.99119999999999
116500,-94.7522
116400,-94.7522
116300,-94.30819999999999
116200,-94.30819999999999
116100,-94.24419999999999
116000,-94.24419999999999
115900,-94.24419999999999
115800,-94.2742
115700,-94.2742
115600,-94.3952
115500,-94.3952
115400,-94.3952
115300,-94.5612
115200,-94.5612
115100,-94.5392
115000,-94.5392
114900,-94.5392
114800,-94.2232
114700,-94.2232
114600,-94.2232
114500,-94.2232
114400,-94.2232
114300,-94.0542
114200,-94.0542
114100,-94.0282
114000,-94.0282
113900,-94.0982
113800,-94.0982
113700,-94.0982
113600,-94.41019999999999
113500,-94.41019999999999
113400,-94.83219999999999
113300,-94.83219999999999
113200,-94.83219999999999
113100,-94.7232
113000,-94.7232
112900,-94.26219999999999
112800,-94.26219999999999
112700,-94.26219999999999
112600,-94.0502
112500,-94.0502
112400,-94.0022
112300,-94.0022
112200,-94.0022
112100,-94.01719999999999
112000,-94.01719999999999
111900,-94.0672
111800,-94.0672
111700,-94.00019999999999
111600,-94.00019999999999
111500,-94.00019999999999
111400,-93.99319999999999
111300,-93.99319999999999
111200,-94.0382
111100,-94.0382
111000,-94.0382
110900,-93.7822
110800,-93.7822
110700,-93.5262
110600,-93.5262
110500,-93.5262
110400,-93.2782
110300,-93.2782
110200,-93.2882
110100,-93.2882
110000,-93.2882
109900,-93.2742
109800,-93.2742
109700,-93.2832
109600,-93.2832
109500,-93.1052
109400,-93.1052
109300,-93.1052
109200,-93.09519999999999
109100,-93.09519999999999
109000,-93.20819999999999
108900,-93.20819999999999
108800,-93.20819999999999
108700,-93.38019999999999
108600,-93.38019999999999
108500,-93.35619999999999
108400,-93.35619999999999
108300,-93.35619999999999
108200,-93.35619999999999
108100,-93.35619999999999
108000,-93.2982
107900,-93.2982
107800,-93.2892
107700,-93.2892
107600,-93.2892
107500,-93.3302
107400,-93.3302
107300,-93.4592
107200,-93.4592
107100,-93.4592
107000,-93.72519999999999
106900,-93.72519999999999
106800,-93.75619999999999
106700,-93.75619999999999
106600,-93.75619999999999
106500,-93.8052
106400,-93.8052
106300,-93.8402
106200,-93.8402
106100,-93.8402
106000,-93.7812
105900,-93.7812
105800,-93.8062
105700,-93.8062
105600,-93.9132
105500,-93.9132
105400,-93.9132
105300,-93.97619999999999
105200,-93.97619999999999
105100,-94.1142
105000,-94.1142
104900,-94.1142
104800,-94.1742
104700,-94.1742
104600,-94.1682
104500,-94.1682
104400,-94.1682
104300,-94.0692
104200,-94.0692
104100,-93.7682
104000,-93.7682
103900,-93.7682
103800,-93.5452
103700,-93.5452
103600,-93.1932
103500,-93.1932
103400,-92.7422
103300,-92.7422
103200,-92.7422
103100,-92.74119999999999
103000,-92.74119999999999
102900,-92.8962
102800,-92.8962
102700,-92.8962
102600,-93.08219999999999
102500,-93.08219999999999
102400,-93.2522
102300,-93.2522
102200,-93.2522
102100,-93.2212
102000,-93.2212
101900,-92.7282
101800,-92.7282
101700,-92.7282
101600,-92.6622
101500,-92.6622
101400,-92.6652
101300,-92.6652
101200,-92.4602
101100,-92.4602
101000,-92.4602
100900,-92.4182
100800,-92.4182
100700,-92.2832
100600,-92.2832
100500,-92.2832
100400,-92.2802
100300,-92.2802
100200,-92.37219999999999
100100,-92.37219999999999
100000,-92.37219999999999
99900,-93.7277
98899,-91.7837
97898,-93.2747
96897,-93.0987
95896,-92.45469999999999
94895,-91.79369999999999
93894,-91.68469999999999
92893,-90.5107
91892,-93.1407
90891,-91.7387
89890,-92.92569999999999
88889,-92.69569999999999
87888,-90.3437
86887,-93.32169999999999
85886,-91.46669999999999
84885,-89.44569999999999
83884,-90.52669999999999
82883,-94.0787
81882,-90.0427
80881,-91.46669999999999
79880,-91.3947
78879,-92.2247
77878,-91.1227
76877,-91.9617
75876,-88.8607
74875,-89.4387
73874,-91.47569999999999
72873,-88.4697
71872,-90.7337
70871,-90.52969999999999
69870,-89.23169999999999
68869,-87.6677
67868,-87.6587
66867,-88.8947
65866,-91.53569999999999
64865,-89.69869999999999
63864,-89.4627
62863,-88.82369999999999
61862,-91.8907
60861,-88.5347
59860,-89.6347
58859,-91.3587
57858,-91.2517
56857,-87.6417
55856,-89.38669999999999
54855,-87.77669999999999
53854,-89.6447
52853,-90.18469999999999
51852,-89.4837
50851,-87.89469999999999
49850,-89.16669999999999
49749,-88.7547
49648,-90.31869999999999
49547,-90.49369999999999
49446,-89.40469999999999
49345,-90.9117
49244,-90.19969999999999
49143,-90.1237
49042,-87.7837
48941,-87.8317
48840,-89.2387
48739,-89.6977
48638,-88.87169999999999
48537,-88.4117
48436,-88.99969999999999
48335,-87.8607
48234,-87.3997
48133,-87.64269999999999
48032,-87.4157
47931,-88.7187
47830,-88.30969999999999
47729,-87.6497
47628,-88.34069999999998
47527,-88.1947
47426,-88.76769999999999
47325,-88.47169999999998
47224,-88.0097
47123,-85.7907
47022,-87.4417
46921,-86.99569999999999
46820,-88.5017
46719,-87.4927
46618,-89.2847
46517,-87.69669999999999
46416,-88.90469999999999
46315,-88.3747
46214,-88.37669999999999
46113,-87.37069999999999
46012,-87.7687
45911,-88.8827
45810,-88.9027
45709,-86.90669999999999
45608,-88.28569999999999
45507,-87.6587
45406,-88.56469999999999
45305,-89.41969999999999
45204,-88.2267
45103,-88.1127
45002,-88.2687
44901,-89.5067
44800,-88.50269999999999
44699,-89.2717
44598,-88.59469999999999
44497,-88.22169999999998
44396,-89.2237
44295,-88.75869999999999
44194,-89.87169999999999
44093,-89.9627
43992,-87.53869999999999
43891,-88.9977
43790,-88.15169999999999
43689,-89.26169999999999
43588,-89.29969999999999
43487,-87.7127
43386,-87.2837
43285,-88.18469999999999
43184,-87.24069999999999
43083,-87.8447
42982,-86.93669999999999
42881,-87.98369999999998
42780,-89.43769999999999
42679,-89.3317
42578,-89.0867
42477,-87.68169999999999
42376,-90.07469999999999
42275,-89.42469999999999
42174,-90.06869999999999
42073,-90.2057
41972,-90.01769999999999
41871,-89.4917
41770,-90.4857
41669,-88.3747
41568,-88.2607
41467,-88.29469999999999
41366,-88.67469999999999
41265,-89.7507
41164,-89.4747
41063,-89.53269999999999
40962,-87.5947
40861,-88.49669999999999
40760,-88.8857
40659,-88.27969999999999
40558,-87.80569999999999
40457,-87.20469999999999
40356,-88.4677
40255,-88.4527
40154,-87.8337
40053,-88.33569999999999
39952,-86.2687
39851,-88.29369999999999
39750,-89.1377
39649,-87.6917
39548,-88.8727
39447,-87.3937
39346,-88.31869999999999
39245,-87.54369999999999
39144,-88.4587
39043,-88.8857
38942,-86.2807
38841,-87.18469999999999
38740,-87.8087
38639,-88.52669999999999
38538,-87.9177
38437,-88.9797
38336,-89.0817
38235,-90.2747
38134,-89.73769999999999
38033,-88.8827
37932,-88.79369999999999
37831,-87.9297
37730,-88.0287
37629,-87.62069999999999
37528,-88.67169999999999
37427,-89.3737
37326,-89.5137
37225,-90.04369999999999
37124,-88.8937
37023,-87.8997
36922,-87.5487
36821,-88.9037
36720,-87.64469999999999
36619,-88.52669999999999
36518,-86.98469999999999
36417,-88.01369999999999
36316,-88.7127
36215,-88.6537
36114,-87.1677
36013,-88.5167
35912,-90.04469999999999
35811,-87.7417
35710,-88.3457
35609,-87.14269999999999
35508,-87.92869999999999
35407,-88.94569999999999
35306,-89.3737
35205,-90.3787
35104,-87.7567
35003,-89.1287
34902,-89.70469999999999
34801,-88.7447
34700,-87.76169999999999
34599,-88.4887
34498,-88.67469999999999
34397,-89.6477
34296,-89.8437
34195,-89.0667
34094,-87.0877
33993,-87.9527
33892,-87.0367
33791,-86.1057
33690,-87.2307
33589,-88.42469999999999
33488,-89.07169999999999
33387,-90.2127
33286,-88.65169999999999
33185,-87.8997
33084,-88.6227
32983,-88.04369999999999
32882,-86.25869999999999
32781,-86.21569999999998
32680,-85.7117
32579,-86.9477
32478,-88.46069999999999
32377,-89.57369999999999
32276,-88.23369999999998
32175,-89.8607
32074,-89.67769999999999
31973,-89.10069999999999
31872,-87.38269999999999
31771,-86.4587
31670,-89.05669999999999
31569,-87.9617
31468,-89.5907
31367,-87.04469999999999
31266,-87.8697
31165,-87.8337
31064,-89.69569999999999
30963,-87.7607
30862,-87.1527
30761,-88.10969999999999
30660,-88.7727
30559,-88.7607
30458,-88.2567
30357,-86.9177
30256,-88.30669999999999
30155,-87.91269999999999
30054,-87.0607
29953,-87.1827
29942,-87.1827
29931,-87.1827
29920,-87.75169999999999
29909,-87.75169999999999
29898,-88.21669999999999
29887,-88.21669999999999
29876,-88.44269999999999
29865,-88.44269999999999
29854,-88.29969999999999
29843,-88.29969999999999
29832,-88.29969999999999
29821,-89.2127
29810,-89.2127
29799,-87.53269999999999
29788,-87.53269999999999
29777,-88.04769999999999
29766,-88.04769999999999
29755,-87.52669999999999
29744,-87.52669999999999
29733,-89.4807
29722,-89.4807
29711,-89.4807
29700,-88.56869999999999
29689,-88.56869999999999
29678,-88.3677
29667,-88.3677
29656,-87.50169999999999
29645,-87.50169999999999
29634,-87.03169999999999
29623,-87.03169999999999
29612,-87.03169999999999
29601,-86.87069999999999
29590,-86.87069999999999
29579,-88.34769999999999
29568,-88.34769999999999
29557,-87.3877
29546,-87.3877
29535,-86.7357
29524,-86.7357
29513,-86.38869999999999
29502,-86.38869999999999
29491,-86.38869999999999
29480,-87.00269999999999
29469,-87.00269999999999
29458,-86.46669999999999
29447,-86.46669999999999
29436,-86.5067
29425,-86.5067
29414,-86.66969999999999
29403,-86.66969999999999
29392,-86.66969999999999
29381,-86.49069999999999
29370,-86.49069999999999
29359,-86.2657
29348,-86.2657
29337,-86.28269999999999
29326,-86.28269999999999
29315,-87.70969999999998
29304,-87.70969999999998
29293,-89.9327
29282,-89.9327
29271,-89.9327
29260,-89.5987
29249,-89.5987
29238,-90.27969999999999
29227,-90.27969999999999
29216,-89.5317
29205,-89.5317
29194,-90.3797
29183,-90.3797
29172,-90.3797
29161,-90.3277
29150,-90.3277
29139,-90.0287
29128,-90.0287
29117,-89.16369999999999
29106,-89.16369999999999
29095,-88.7867
29084,-88.7867
29073,-87.2927
29062,-87.2927
29051,-87.2927
29040,-88.69369999999999
29029,-88.69369999999999
29018,-87.2847
29007,-87.2847
28996,-87.94269999999999
28985,-87.94269999999999
28974,-86.94069999999999
28963,-86.94069999999999
28952,-86.94069999999999
28941,-86.8697
28930,-86.8697
28919,-86.99069999999999
28908,-86.99069999999999
28897,-86.1377
28886,-86.1377
28875,-85.85269999999998
28864,-85.85269999999998
28853,-86.4327
28842,-86.4327
28831,-86.4327
28820,-86.0067
28809,-86.0067
28798,-86.6827
28787,-86.6827
28776,-85.7297
28765,-85.7297
28754,-86.7427
28743,-86.7427
28732,-86.7427
28721,-86.2907
28710,-86.2907
28699,-86.2847
28688,-86.2847
28677,-86.66969999999999
28666,-86.66969999999999
28655,-87.55369999999999
28644,-87.55369999999999
28633,-87.45469999999999
28622,-87.45469999999999
28611,-87.45469999999999
28600,-88.0877
28589,-88.0877
28578,-87.8907
28567,-87.8907
28556,-87.61569999999999
28545,-87.61569999999999
28534,-87.48369999999998
28523,-87.48369999999998
28512,-87.48369999999998
28501,-87.5927
28490,-87.5927
28479,-86.0487
28468,-86.0487
28457,-86.8787
28446,-86.8787
28435,-86.7147
28424,-86.7147
28413,-87.07969999999999
28402,-87.07969999999999
28391,-87.07969999999999
28380,-86.62669999999999
28369,-86.62669999999999
28358,-87.2537
28347,-87.2537
28336,-87.2537
28325,-87.2537
28314,-88.53269999999999
28303,-88.53269999999999
28292,-88.53269999999999
28281,-87.4477
28270,-87.4477
28259,-88.5367
28248,-88.5367
28237,-87.22269999999999
28226,-87.22269999999999
28215,-88.2307
28204,-88.2307
28193,-86.73469999999999
28182,-86.73469999999999
28171,-86.73469999999999
28160,-87.6767
28149,-87.6767
28138,-86.98469999999999
28127,-86.98469999999999
28116,-87.3567
28105,-87.3567
28094,-87.14869999999999
28083,-87.14869999999999
28072,-87.14869999999999
28061,-88.11469999999998
28050,-88.11469999999998
28039,-87.5887
28028,-87.5887
28017,-87.1007
28006,-87.1007
27995,-87.04469999999999
27984,-87.04469999999999
27973,-87.78569999999999
27962,-87.78569999999999
27951,-87.78569999999999
27940,-86.7007
27929,-86.7007
27918,-85.5217
27907,-85.5217
27896,-85.3617
27885,-85.3617
27874,-85.83569999999999
27863,-85.83569999999999
27852,-85.83569999999999
27841,-87.2067
27830,-87.2067
27819,-88.4517
27808,-88.4517
27797,-86.2197
27786,-86.2197
27775,-86.7017
27764,-86.7017
27753,-86.26469999999999
27742,-86.26469999999999
27731,-86.26469999999999
27720,-88.1497
27709,-88.1497
27698,-87.6527
27687,-87.6527
27676,-86.9567
27665,-86.9567
27654,-86.5827
27643,-86.5827
27632,-86.5827
27621,-87.47169999999998
27610,-87.47169999999998
27599,-86.90669999999999
27588,-86.90669999999999
27577,-87.7987
27566,-87.7987
27555,-87.34069999999998
27544,-87.34069999999998
27533,-87.34169999999999
27522,-87.34169999999999
27511,-87.34169999999999
27500,-85.8877
27489,-85.8877
27478,-87.19669999999999
27467,-87.19669999999999
27456,-85.8747
27445,-85.8747
27434,-86.66869999999999
27423,-86.66869999999999
27412,-86.66869999999999
27401,-86.9817
27390,-86.9817
27379,-87.6357
27368,-87.6357
27357,-87.0697
27346,-87.0697
27335,-87.34069999999998
27324,-87.34069999999998
27313,-87.6117
27302,-87.6117
27291,-87.6117
27280,-88.5167
27269,-88.5167
27258,-87.15669999999999
27247,-87.15669999999999
27236,-87.7907
27225,-87.7907
27214,-86.45369999999998
27203,-86.45369999999998
27192,-86.45369999999998
27181,-87.53169999999999
27170,-87.53169999999999
27159,-86.47269999999999
27148,-86.47269999999999
27137,-86.29769999999999
27126,-86.29769999999999
27115,-86.35369999999999
27104,-86.35369999999999
27093,-87.2427
27082,-87.2427
27071,-87.2427
27060,-87.0817
27049,-87.0817
27038,-87.04469999999999
27027,-87.04469999999999
27016,-86.8807
27005,-86.8807
26994,-86.68469999999999
26983,-86.68469999999999
26972,-86.68469999999999
26961,-86.5947
26950,-86.5947
26939,-86.9807
26928,-86.9807
26917,-86.89869999999999
26906,-86.89869999999999
26895,-87.3327
26884,-87.3327
26873,-86.6587
26862,-86.6587
26851,-86.6587
26840,-86.3107
26829,-86.3107
26818,-86.18469999999999
26807,-86.18469999999999
26796,-86.43469999999999
26785,-86.43469999999999
26774,-86.69669999999999
26763,-86.69669999999999
26752,-86.69669999999999
26741,-87.7237
26730,-87.7237
26719,-87.0607
26708,-87.0607
26697,-87.8747
26686,-87.8747
26675,-87.53169999999999
26664,-87.53169999999999
26653,-88.3147
26642,-88.3147
26631,-88.3147
26620,-87.78869999999999
26609,-87.78869999999999
26598,-89.47269999999999
26587,-89.47269999999999
26576,-89.1417
26565,-89.1417
26554,-89.8797
26543,-89.8797
26532,-89.8797
26521,-88.4237
26510,-88.4237
26499,-88.3997
26488,-88.3997
26477,-87.6117
26466,-87.6117
26455,-88.6587
26444,-88.6587
26433,-87.6497
26422,-87.6497
26411,-87.6497
26400,-88.2867
26389,-88.2867
26378,-87.39569999999999
26367,-87.39569999999999
26356,-88.38669999999999
26345,-88.38669999999999
26334,-87.7027
26323,-87.7027
26312,-87.7027
26301,-87.78569999999999
26290,-87.78569999999999
26279,-87.68769999999999
26268,-87.68769999999999
26257,-88.43069999999999
26246,-88.43069999999999
26235,-88.43069999999999
26224,-88.43069999999999
26213,-87.82969999999999
26202,-87.82969999999999
26191,-87.82969999999999
26180,-87.5097
26169,-87.5097
26158,-89.28869999999999
26147,-89.28869999999999
26136,-89.28869999999999
26125,-89.28869999999999
26114,-90.5307
26103,-90.5307
26092,-90.5307
26081,-90.1407
26070,-90.1407
26059,-91.32169999999999
26048,-91.32169999999999
26037,-88.96069999999999
26026,-88.96069999999999
26015,-89.5427
26004,-89.5427
25993,-88.6177
25982,-88.6177
25971,-88.6177
25960,-88.52369999999999
25949,-88.52369999999999
25938,-87.91969999999999
25927,-87.91969999999999
25916,-88.9127
25905,-88.9127
25894,-88.72269999999999
25883,-88.72269999999999
25872,-88.72269999999999
25861,-88.8757
25850,-88.8757
25839,-88.5347
25828,-88.5347
25817,-88.6597
25806,-88.6597
25795,-87.9757
25784,-87.9757
25773,-87.3757
25762,-87.3757
25751,-87.3757
25740,-87.34769999999999
25729,-87.34769999999999
25718,-87.0947
25707,-87.0947
25696,-86.85369999999999
25685,-86.85369999999999
25674,-86.65469999999999
25663,-86.65469999999999
25652,-86.65469999999999
25641,-86.41869999999999
25630,-86.41869999999999
25619,-86.33569999999999
25608,-86.33569999999999
25597,-85.97269999999999
25586,-85.97269999999999
25575,-87.1227
25564,-87.1227
25553,-85.22769999999998
25542,-85.22769999999998
25531,-85.22769999999998
25520,-85.8077
25509,-85.8077
25498,-85.2507
25487,-85.2507
25476,-85.60869999999998
25465,-85.60869999999998
25454,-85.4587
25443,-85.4587
25432,-85.4587
25421,-86.0347
25410,-86.0347
25399,-86.0347
25388,-86.0347
25377,-86.58469999999998
25366,-86.58469999999998
25355,-86.4477
25344,-86.4477
25333,-86.4217
25322,-86.4217
25311,-86.4217
25300,-86.06869999999999
25289,-86.06869999999999
25278,-87.2377
25267,-87.2377
25256,-86.2537
25245,-86.2537
25234,-85.5767
25223,-85.5767
25212,-85.5767
25201,-85.4447
25190,-85.4447
25179,-85.10869999999998
25168,-85.10869999999998
25157,-84.88669999999999
25146,-84.88669999999999
25135,-85.67869999999999
25124,-85.67869999999999
25113,-85.8917
25102,-85.8917
25091,-85.8917
25080,-86.05969999999999
25069,-86.05969999999999
25058,-86.69669999999999
25047,-86.69669999999999
25036,-87.25269999999999
25025,-87.25269999999999
25014,-87.2487
25003,-87.2487
24992,-87.2487
24981,-88.22869999999999
24970,-88.22869999999999
24959,-85.73969999999998
24948,-85.73969999999998
24937,-85.2487
24926,-85.2487
24915,-85.2487
24904,-85.2487
24893,-84.9327
24882,-84.9327
24871,-84.9327
24860,-84.3277
24849,-84.3277
24838,-85.0097
24827,-85.0097
24816,-84.28269999999999
24805,-84.28269999999999
24794,-84.7627
24783,-84.7627
24772,-84.7627
24761,-84.6887
24750,-84.6887
24739,-85.6467
24728,-85.6467
24717,-85.6467
24706,-85.6467
24695,-86.54769999999999
24684,-86.54769999999999
24673,-86.8877
24662,-86.8877
24651,-86.8877
24640,-87.8507
24629,-87.8507
24618,-85.85869999999998
24607,-85.85869999999998
24596,-85.50769999999999
24585,-85.50769999999999
24574,-85.13269999999999
24563,-85.13269999999999
24552,-85.13269999999999
24541,-86.3167
24530,-86.3167
24519,-86.3167
24508,-86.3167
24497,-86.07369999999999
24486,-86.07369999999999
24475,-85.5777
24464,-85.5777
24453,-85.5777
24442,-86.8267
24431,-86.8267
24420,-86.3557
24409,-86.3557
24398,-86.8907
24387,-86.8907
24376,-85.44869999999999
24365,-85.44869999999999
24354,-86.2807
24343,-86.2807
24332,-86.2807
24321,-85.4937
24310,-85.4937
24299,-85.85369999999999
24288,-85.85369999999999
24277,-85.59069999999998
24266,-85.59069999999998
24255,-86.2437
24244,-86.2437
24233,-86.2437
24222,-85.5667
24211,-85.5667
24200,-86.1247
24189,-86.1247
24178,-85.5957
24167,-85.5957
24156,-86.26169999999999
24145,-86.26169999999999
24134,-85.7557
24123,-85.7557
24112,-85.7557
24101,-86.81569999999999
24090,-86.81569999999999
24079,-86.5887
24068,-86.5887
24057,-85.40069999999999
24046,-85.40069999999999
24035,-85.3107
24024,-85.3107
24013,-85.3107
24002,-84.72769999999998
23991,-84.72769999999998
23980,-84.23969999999998
23969,-84.23969999999998
23958,-84.6647
23947,-84.6647
23936,-84.1497
23925,-84.1497
23914,-84.91669999999999
23903,-84.91669999999999
23892,-84.91669999999999
23881,-84.24569999999999
23870,-84.24569999999999
23859,-84.93669999999999
23848,-84.93669999999999
23837,-84.9277
23826,-84.9277
23815,-85.3617
23804,-85.3617
23793,-85.3617
23782,-85.8167
23771,-85.8167
23760,-87.09669999999998
23749,-87.09669999999998
23738,-86.0427
23727,-86.0427
23716,-87.1917
23705,-87.1917
23694,-84.9277
23683,-84.9277
23672,-84.9277
23661,-85.4057
23650,-85.4057
23639,-85.5097
23628,-85.5097
23617,-86.3337
23606,-86.3337
23595,-86.18769999999999
23584,-86.18769999999999
23573,-86.18769999999999
23562,-87.23369999999998
23551,-87.23369999999998
23540,-86.6177
23529,-86.6177
23518,-86.6167
23507,-86.6167
23496,-86.7207
23485,-86.7207
23474,-86.1597
23463,-86.1597
23452,-86.1597
23441,-85.5887
23430,-85.5887
23419,-86.0867
23408,-86.0867
23397,-84.59769999999999
23386,-84.59769999999999
23375,-85.7307
23364,-85.7307
23353,-85.7307
23342,-84.4697
23331,-84.4697
23320,-86.05069999999999
23309,-86.05069999999999
23298,-84.7557
23287,-84.7557
23276,-85.03869999999999
23265,-85.03869999999999
23254,-84.93469999999999
23243,-84.93469999999999
23232,-84.93469999999999
23221,-85.3607
23210,-85.3607
23199,-85.05669999999999
23188,-85.05669999999999
23177,-86.28569999999999
23166,-86.28569999999999
23155,-83.8397
23144,-83.8397
23133,-83.8397
23122,-84.0167
23111,-84.0167
23100,-83.97169999999998
23089,-83.97169999999998
23078,-84.7307
23067,-84.7307
23056,-84.1597
23045,-84.1597
23034,-85.12169999999999
23023,-85.12169999999999
23012,-85.12169999999999
23001,-84.6977
22990,-84.6977
22979,-85.82469999999999
22968,-85.82469999999999
22957,-85.1597
22946,-85.1597
22935,-85.6107
22924,-85.6107
22913,-85.6107
22902,-85.15769999999999
22891,-85.15769999999999
22880,-85.8277
22869,-85.8277
22858,-85.1537
22847,-85.1537
22836,-84.8087
22825,-84.8087
22814,-84.5157
22803,-84.5157
22792,-84.5157
22781,-84.5777
22770,-84.5777
22759,-84.4557
22748,-84.4557
22737,-84.6257
22726,-84.6257
22715,-84.87069999999999
22704,-84.87069999999999
22693,-84.87069999999999
22682,-85.2247
22671,-85.2247
22660,-85.4647
22649,-85.4647
22638,-85.8747
22627,-85.8747
22616,-86.6137
22605,-86.6137
22594,-87.3327
22583,-87.3327
22572,-87.3327
22561,-86.4767
22550,-86.4767
22539,-86.2327
22528,-86.2327
22517,-85.0897
22506,-85.0897
22495,-86.2327
22484,-86.2327
22473,-86.2327
22462,-85.0067
22451,-85.0067
22440,-85.51769999999999
22429,-85.51769999999999
22418,-85.0427
22407,-85.0427
22396,-85.9807
22385,-85.9807
22374,-85.95469999999999
22363,-85.95469999999999
22352,-85.95469999999999
22341,-86.25869999999999
22330,-86.25869999999999
22319,-86.0487
22308,-86.0487
22297,-85.94969999999999
22286,-85.94969999999999
22275,-83.9567
22264,-83.9567
22253,-83.9567
22242,-83.88969999999999
22231,-83.88969999999999
22220,-84.3507
22209,-84.3507
22198,-84.8197
22187,-84.8197
22176,-85.2247
22165,-85.2247
22154,-86.51969999999999
22143,-86.51969999999999
22132,-86.51969999999999
22121,-85.90469999999999
22110,-85.90469999999999
22099,-84.88269999999999
22088,-84.88269999999999
22077,-84.45369999999998
22066,-84.45369999999998
22055,-84.9557
22044,-84.9557
22033,-84.9557
22022,-84.5367
22011,-84.5367
22000,-85.2537
21989,-85.2537
21978,-84.79969999999999
21967,-84.79969999999999
21956,-85.3797
21945,-85.3797
21934,-84.68669999999999
21923,-84.68669999999999
21912,-84.68669999999999
21901,-85.91869999999999
21890,-85.91869999999999
21879,-85.1527
21868,-85.1527
21857,-85.12169999999999
21846,-85.12169999999999
21835,-84.91069999999999
21824,-84.91069999999999
21813,-84.91069999999999
21802,-85.28169999999999
21791,-85.28169999999999
21780,-85.2597
21769,-85.2597
21758,-86.1737
21747,-86.1737
21736,-85.63269999999999
21725,-85.63269999999999
21714,-86.44069999999999
21703,-86.44069999999999
21692,-86.44069999999999
21681,-85.49069999999999
21670,-85.49069999999999
21659,-86.3917
21648,-86.3917
21637,-85.3877
21626,-85.3877
21615,-87.1797
21604,-87.1797
21593,-87.1797
21582,-85.47269999999999
21571,-85.47269999999999
21560,-86.9817
21549,-86.9817
21538,-85.0997
21527,-85.0997
21516,-86.56569999999999
21505,-86.56569999999999
21494,-85.9557
21483,-85.9557
21472,-85.9557
21461,-86.7717
21450,-86.7717
21439,-85.4797
21428,-85.4797
21417,-86.9887
21406,-86.9887
21395,-85.2487
21384,-85.2487
21373,-85.2487
21362,-87.3387
21351,-87.3387
21340,-86.2127
21329,-86.2127
21318,-85.7607
21307,-85.7607
21296,-84.16669999999999
21285,-84.16669999999999
21274,-85.5577
21263,-85.5577
21252,-85.5577
21241,-84.1897
21230,-84.1897
21219,-84.9827
21208,-84.9827
21197,-84.2247
21186,-84.2247
21175,-83.96069999999999
21164,-83.96069999999999
21153,-83.96069999999999
21142,-83.5927
21131,-83.5927
21120,-83.95469999999999
21109,-83.95469999999999
21098,-84.3277
21087,-84.3277
21076,-84.4987
21065,-84.4987
21054,-84.75869999999999
21043,-84.75869999999999
21032,-84.75869999999999
21021,-86.1887
21010,-86.1887
20999,-86.02369999999999
20988,-86.02369999999999
20977,-86.13869999999999
20966,-86.13869999999999
20955,-84.8027
20944,-84.8027
20933,-84.8027
20922,-85.1827
20911,-85.1827
20900,-84.9517
20889,-84.9517
20878,-85.25169999999999
20867,-85.25169999999999
20856,-84.0947
20845,-84.0947
20834,-85.23369999999998
20823,-85.23369999999998
20812,-85.23369999999998
20801,-84.9217
20790,-84.9217
20779,-85.3227
20768,-85.3227
20757,-84.79169999999999
20746,-84.79169999999999
20735,-85.13369999999999
20724,-85.13369999999999
20713,-85.13369999999999
20702,-85.5277
20691,-85.5277
20680,-86.44969999999999
20669,-86.44969999999999
20658,-85.75169999999999
20647,-85.75169999999999
20636,-85.68069999999999
20625,-85.68069999999999
20614,-85.3447
20603,-85.3447
20592,-85.3447
20581,-85.6947
20570,-85.6947
20559,-84.7387
20548,-84.7387
20537,-85.8917
20526,-85.8917
20515,-84.53269999999999
20504,-84.53269999999999
20493,-84.53269999999999
20482,-84.99669999999999
20471,-84.99669999999999
20460,-84.16669999999999
20449,-84.16669999999999
20438,-84.1227
20427,-84.1227
20416,-83.9357
20405,-83.9357
20394,-83.9357
20383,-83.79169999999999
20372,-83.79169999999999
20361,-83.8077
20350,-83.8077
20339,-84.07469999999999
20328,-84.07469999999999
20317,-84.5347
20306,-84.5347
20295,-85.42469999999999
20284,-85.42469999999999
20273,-85.42469999999999
20262,-84.6917
20251,-84.6917
20240,-84.40069999999999
20229,-84.40069999999999
20218,-84.09069999999998
20207,-84.09069999999998
20196,-85.2057
20185,-85.2057
20174,-85.2057
20163,-84.43769999999999
20152,-84.43769999999999
20141,-85.2267
20130,-85.2267
20119,-84.6127
20108,-84.6127
20097,-85.4097
20086,-85.4097
20075,-84.90769999999999
20064,-84.90769999999999
20053,-84.90769999999999
20042,-83.57469999999999
20031,-83.57469999999999
20020,-83.40169999999999
20009,-83.40169999999999
19000,-86.16329999999999
18900,-83.41329999999999
18800,-85.3933
18700,-85.7483
18600,-83.3713
18500,-85.12129999999999
18400,-85.04129999999999
18300,-83.9433
18200,-82.7093
18100,-84.3033
18000,-84.2143
17900,-84.35629999999999
17800,-84.96629999999999
17700,-85.13029999999999
17600,-84.6653
17500,-84.3583
17400,-84.3053
17300,-83.2063
17200,-84.0303
17100,-84.58529999999999
17000,-82.67229999999999
16900,-83.6743
16800,-84.6253
16700,-83.0733
16600,-84.0033
16500,-83.41529999999999
16400,-84.3453
16300,-83.36229999999999
16200,-82.64129999999999
16100,-83.92729999999999
16000,-83.59429999999999
15900,-82.04029999999999
15800,-82.0433
15700,-81.8163
15600,-81.9363
15500,-83.86229999999999
15400,-82.3893
15300,-82.04729999999999
15200,-81.50429999999999
15100,-83.2413
15000,-81.6803
14900,-80.86129999999999
14800,-82.0333
14700,-81.06429999999999
14600,-81.9003
14500,-81.2213
14400,-80.8903
14300,-82.5313
14200,-81.55829999999999
14100,-81.2383
14000,-80.8453
13900,-81.0133
13800,-81.1783
13700,-81.8333
13600,-83.5813
13500,-81.86729999999999
13400,-81.8113
13300,-80.26029999999999
13200,-80.39829999999999
13100,-80.8833
13000,-80.1753
12900,-80.5313
12800,-80.99929999999999
12700,-83.4823
12600,-81.9463
12500,-79.4603
12400,-79.1463
12300,-80.1563
12200,-79.4683
12100,-81.0733
12000,-80.52829999999999
11900,-79.20129999999999
11800,-79.05829999999999
11700,-80.07629999999999
11600,-80.78429999999999
11500,-81.28429999999999
11400,-79.2573
11300,-78.54729999999999
11200,-78.9463
11100,-77.8843
11000,-79.64729999999999
10900,-80.2233
10800,-79.27829999999999
10700,-79.79029999999999
10600,-78.5863
10500,-79.0813
10400,-79.9113
10300,-79.4773
10200,-78.62329999999999
10100,-79.23729999999999
10000,-79.1023
9900,-78.9233
9800,-78.29429999999999
9700,-78.5743
9600,-78.91929999999999
9500,-78.35029999999999
9400,-78.8063
9300,-79.0893
9200,-78.1883
9100,-77.4403
9000,-77.8963
8900,-78.0673
8800,-76.5613
8700,-76.8643
8600,-78.6323
8500,-77.9253
8400,-78.84429999999999
8300,-79.2593
8200,-78.33829999999999
8100,-78.5183
8000,-76.48729999999999
7900,-78.0393
7800,-78.1103
7700,-78.77829999999999
7600,-76.9763
7500,-78.9723
7400,-76.4413
7300,-77.8993
7200,-77.7093
7100,-78.3643
7000,-79.1093
6900,-78.24829999999999
6800,-77.73629999999999
6700,-77.6433
6600,-76.6963
6500,-76.4673
6400,-77.0153
6300,-78.2213
6200,-77.3283
6100,-75.6703
6000,-77.2143
5900,-76.92729999999999
5800,-76.99329999999999
5700,-78.13529999999999
5600,-79.19529999999999
5500,-77.9083
5400,-76.1143
5300,-76.2273
5200,-77.1583
5100,-75.74929999999999
5000,-76.82029999999999
4900,-77.4563
4800,-76.5073
4700,-75.4583
4600,-75.68329999999999
4500,-75.7953
4400,-76.78229999999999
4300,-75.1503
4200,-75.1553
4100,-75.26729999999999
4000,-74.74929999999999
3900,-76.5393
3800,-75.5903
3700,-75.10529999999999
3600,-74.47429999999999
3500,-76.2413
3400,-77.2753
3300,-76.3893
3200,-74.14829999999999
3100,-74.4963
3000,-74.7213
2900,-77.9383
2800,-75.9883
2700,-75.6073
2600,-73.8013
2500,-74.3823
2400,-76.30229999999999
2300,-74.0873
2200,-74.4243
2100,-74.8463
2000,-73.61229999999999
1990,-72.8773
1980,-73.2643
1970,-73.99829999999999
1960,-74.7023
1950,-75.0593
1940,-74.79029999999999
1930,-75.6793
1920,-75.39129999999999
1910,-75.6223
1900,-75.8473
1890,-75.2683
1880,-75.3933
1870,-75.5963
1860,-74.50529999999999
1850,-74.0453
1840,-74.0593
1830,-75.7293
1820,-77.10029999999999
1810,-76.2273
1800,-76.62929999999999
1790,-76.04029999999999
1780,-74.9063
1770,-75.65329999999999
1760,-75.2093
1750,-75.1553
1740,-75.2653
1730,-75.98729999999999
1720,-76.1073
1710,-75.7563
1700,-74.99329999999999
1690,-75.17129999999999
1680,-75.2773
1670,-76.1093
1660,-76.0963
1650,-75.9383
1640,-75.6753
1630,-75.1683
1620,-75.4643
1610,-75.23129999999999
1600,-75.3953
1590,-75.8823
1580,-77.04429999999999
1570,-77.18929999999999
1560,-77.0253
1550,-76.7123
1540,-75.6373
1530,-75.63629999999999
1520,-75.66329999999999
1510,-75.61829999999999
1500,-75.5183
1490,-75.73029999999999
1480,-75.69529999999999
1470,-75.91529999999999
1460,-75.86729999999999
1450,-75.0783
1440,-74.57029999999999
1430,-73.5503
1420,-73.8003
1410,-74.7703
1400,-75.3783
1390,-75.06429999999999
1380,-76.09929999999999
1370,-76.5133
1360,-76.03229999999999
1350,-76.38029999999999
1340,-75.3053
1330,-74.67229999999999
1320,-74.82629999999999
1310,-75.2623
1300,-75.9543
1290,-75.6793
1280,-74.35629999999999
1270,-74.3753
1260,-74.4373
1250,-75.1443
1240,-75.27929999999999
1230,-74.7513
1220,-75.40729999999999
1210,-75.76729999999999
1200,-75.0033
1190,-75.5923
1180,-74.7533
1170,-75.29129999999999
1160,-76.0713
1150,-75.9643
1140,-74.8123
1130,-74.8183
1120,-74.8243
1110,-75.2443
1100,-74.8833
1099,-74.8833
1098,-74.8833
1097,-74.8833
1096,-74.9263
1095,-74.9263
1094,-74.9263
1093,-74.9263
1092,-75.1783
1091,-75.1783
1090,-75.1783
1089,-75.1783
1088,-75.1783
1087,-74.7353
1086,-74.7353
1085,-74.7353
1084,-74.7353
1083,-74.7353
1082,-74.7333
1081,-74.7333
1080,-74.7333
1079,-74.7333
1078,-74.7333
1077,-74.7163
1076,-74.7163
1075,-74.7163
1074,-74.7163
1073,-74.7163
1072,-74.4823
1071,-74.4823
1070,-74.4823
1069,-74.4823
1068,-74.4823
1067,-74.4733
1066,-74.4733
1065,-74.4733
1064,-74.4733
1063,-74.4733
1062,-74.65329999999999
1061,-74.65329999999999
1060,-74.65329999999999
1059,-74.65329999999999
1058,-74.65329999999999
1057,-75.5423
1056,-75.5423
1055,-75.5423
1054,-75.5423
1053,-75.5423
1052,-75.0723
1051,-75.0723
1050,-75.0723
1049,-75.0723
1048,-75.0713
1047,-75.0713
1046,-75.0713
1045,-75.0713
1044,-75.0713
1043,-75.1513
1042,-75.1513
1041,-75.1513
1040,-75.1513
1039,-75.1513
1038,-75.1763
1037,-75.1763
1036,-75.1763
1035,-75.1763
1034,-75.1763
1033,-75.51629999999999
1032,-75.51629999999999
1031,-75.51629999999999
1030,-75.51629999999999
1029,-75.51629999999999
1028,-75.6823
1027,-75.6823
1026,-75.6823
1025,-75.6823
1024,-75.6823
1023,-75.9913
1022,-75.9913
1021,-75.9913
1020,-75.9913
1019,-75.9913
1018,-76.7473
1017,-76.7473
1016,-76.7473
1015,-76.7473
1014,-76.7473
1013,-76.6583
1012,-76.6583
1011,-76.6583
1010,-76.6583
1009,-76.8393
1008,-76.8393
1007,-76.8393
1006,-76.8393
1005,-76.8393
1004,-76.7353
1003,-76.7353
1002,-76.7353
1001,-76.7353
1000,-76.7353
